=== STAGE 3: recursive delete of the two bad prefixes ===
Thu May 21 18:34:11 UTC 2026

--- variable=PTOT/period=AMJ/clim=wmo_1991-2020/stat=max/ ---
delete: s3://digital-atlas/domain=climate/type=observational/source=chirps-chirts-era5/region=africa/processing=climatology/variable=PTOT/period=AMJ/clim=wmo_1991-2020/stat=max/PTOT_AMJ_1991-2020_mean.tif
delete: s3://digital-atlas/domain=climate/type=observational/source=chirps-chirts-era5/region=africa/processing=climatology/variable=PTOT/period=AMJ/clim=wmo_1991-2020/stat=max/PTOT_AMJ_1991-2020_min.tif
delete: s3://digital-atlas/domain=climate/type=observational/source=chirps-chirts-era5/region=africa/processing=climatology/variable=PTOT/period=AMJ/clim=wmo_1991-2020/stat=max/PTOT_AMJ_1991-2020_max.tif
delete: s3://digital-atlas/domain=climate/type=observational/source=chirps-chirts-era5/region=africa/processing=climatology/variable=PTOT/period=AMJ/clim=wmo_1991-2020/stat=max/PTOT_AMJ_1991-2020_sd.tif
delete: s3://digital-atlas/domain=climate/type=observational/source=chirps-chirts-era5/region=africa/processing=climatology/variable=PTOT/period=AMJ/clim=wmo_1991-2020/stat=max/PTOT_AMJ_1995-2014_max.tif
delete: s3://digital-atlas/domain=climate/type=observational/source=chirps-chirts-era5/region=africa/processing=climatology/variable=PTOT/period=AMJ/clim=wmo_1991-2020/stat=max/PTOT_AMJ_full_max.tif
delete: s3://digital-atlas/domain=climate/type=observational/source=chirps-chirts-era5/region=africa/processing=climatology/variable=PTOT/period=AMJ/clim=wmo_1991-2020/stat=max/PTOT_AMJ_full_min.tif
delete: s3://digital-atlas/domain=climate/type=observational/source=chirps-chirts-era5/region=africa/processing=climatology/variable=PTOT/period=AMJ/clim=wmo_1991-2020/stat=max/PTOT_AMJ_1995-2014_min.tif
delete: s3://digital-atlas/domain=climate/type=observational/source=chirps-chirts-era5/region=africa/processing=climatology/variable=PTOT/period=AMJ/clim=wmo_1991-2020/stat=max/PTOT_AMJ_1995-2014_sd.tif
delete: s3://digital-atlas/domain=climate/type=observational/source=chirps-chirts-era5/region=africa/processing=climatology/variable=PTOT/period=AMJ/clim=wmo_1991-2020/stat=max/PTOT_AMJ_full_sd.tif
delete: s3://digital-atlas/domain=climate/type=observational/source=chirps-chirts-era5/region=africa/processing=climatology/variable=PTOT/period=AMJ/clim=wmo_1991-2020/stat=max/PTOT_AMJ_1995-2014_mean.tif
delete: s3://digital-atlas/domain=climate/type=observational/source=chirps-chirts-era5/region=africa/processing=climatology/variable=PTOT/period=AMJ/clim=wmo_1991-2020/stat=max/PTOT_AMJ_full_mean.tif
delete: s3://digital-atlas/domain=climate/type=observational/source=chirps-chirts-era5/region=africa/processing=climatology/variable=PTOT/period=AMJ/clim=wmo_1991-2020/stat=max/PTOT_ASO_1991-2020_max.tif
delete: s3://digital-atlas/domain=climate/type=observational/source=chirps-chirts-era5/region=africa/processing=climatology/variable=PTOT/period=AMJ/clim=wmo_1991-2020/stat=max/PTOT_ASO_1991-2020_mean.tif
delete: s3://digital-atlas/domain=climate/type=observational/source=chirps-chirts-era5/region=africa/processing=climatology/variable=PTOT/period=AMJ/clim=wmo_1991-2020/stat=max/PTOT_ASO_1991-2020_min.tif
delete: s3://digital-atlas/domain=climate/type=observational/source=chirps-chirts-era5/region=africa/processing=climatology/variable=PTOT/period=AMJ/clim=wmo_1991-2020/stat=max/PTOT_ASO_1991-2020_sd.tif
delete: s3://digital-atlas/domain=climate/type=observational/source=chirps-chirts-era5/region=africa/processing=climatology/variable=PTOT/period=AMJ/clim=wmo_1991-2020/stat=max/PTOT_ASO_1995-2014_max.tif
delete: s3://digital-atlas/domain=climate/type=observational/source=chirps-chirts-era5/region=africa/processing=climatology/variable=PTOT/period=AMJ/clim=wmo_1991-2020/stat=max/PTOT_ASO_1995-2014_min.tif
delete: s3://digital-atlas/domain=climate/type=observational/source=chirps-chirts-era5/region=africa/processing=climatology/variable=PTOT/period=AMJ/clim=wmo_1991-2020/stat=max/PTOT_ASO_1995-2014_mean.tif
delete: s3://digital-atlas/domain=climate/type=observational/source=chirps-chirts-era5/region=africa/processing=climatology/variable=PTOT/period=AMJ/clim=wmo_1991-2020/stat=max/PTOT_ASO_1995-2014_sd.tif
delete: s3://digital-atlas/domain=climate/type=observational/source=chirps-chirts-era5/region=africa/processing=climatology/variable=PTOT/period=AMJ/clim=wmo_1991-2020/stat=max/PTOT_ASO_full_max.tif
delete: s3://digital-atlas/domain=climate/type=observational/source=chirps-chirts-era5/region=africa/processing=climatology/variable=PTOT/period=AMJ/clim=wmo_1991-2020/stat=max/PTOT_ASO_full_mean.tif
delete: s3://digital-atlas/domain=climate/type=observational/source=chirps-chirts-era5/region=africa/processing=climatology/variable=PTOT/period=AMJ/clim=wmo_1991-2020/stat=max/PTOT_ASO_full_min.tif
delete: s3://digital-atlas/domain=climate/type=observational/source=chirps-chirts-era5/region=africa/processing=climatology/variable=PTOT/period=AMJ/clim=wmo_1991-2020/stat=max/PTOT_ASO_full_sd.tif
delete: s3://digital-atlas/domain=climate/type=observational/source=chirps-chirts-era5/region=africa/processing=climatology/variable=PTOT/period=AMJ/clim=wmo_1991-2020/stat=max/PTOT_DJF_1991-2020_max.tif
delete: s3://digital-atlas/domain=climate/type=observational/source=chirps-chirts-era5/region=africa/processing=climatology/variable=PTOT/period=AMJ/clim=wmo_1991-2020/stat=max/PTOT_DJF_1991-2020_mean.tif
delete: s3://digital-atlas/domain=climate/type=observational/source=chirps-chirts-era5/region=africa/processing=climatology/variable=PTOT/period=AMJ/clim=wmo_1991-2020/stat=max/PTOT_DJF_1991-2020_min.tif
delete: s3://digital-atlas/domain=climate/type=observational/source=chirps-chirts-era5/region=africa/processing=climatology/variable=PTOT/period=AMJ/clim=wmo_1991-2020/stat=max/PTOT_DJF_1991-2020_sd.tif
delete: s3://digital-atlas/domain=climate/type=observational/source=chirps-chirts-era5/region=africa/processing=climatology/variable=PTOT/period=AMJ/clim=wmo_1991-2020/stat=max/PTOT_DJF_1995-2014_max.tif
delete: s3://digital-atlas/domain=climate/type=observational/source=chirps-chirts-era5/region=africa/processing=climatology/variable=PTOT/period=AMJ/clim=wmo_1991-2020/stat=max/PTOT_DJF_1995-2014_min.tif
delete: s3://digital-atlas/domain=climate/type=observational/source=chirps-chirts-era5/region=africa/processing=climatology/variable=PTOT/period=AMJ/clim=wmo_1991-2020/stat=max/PTOT_DJF_full_sd.tif
delete: s3://digital-atlas/domain=climate/type=observational/source=chirps-chirts-era5/region=africa/processing=climatology/variable=PTOT/period=AMJ/clim=wmo_1991-2020/stat=max/PTOT_FMA_1991-2020_max.tif
delete: s3://digital-atlas/domain=climate/type=observational/source=chirps-chirts-era5/region=africa/processing=climatology/variable=PTOT/period=AMJ/clim=wmo_1991-2020/stat=max/PTOT_FMA_1991-2020_mean.tif
delete: s3://digital-atlas/domain=climate/type=observational/source=chirps-chirts-era5/region=africa/processing=climatology/variable=PTOT/period=AMJ/clim=wmo_1991-2020/stat=max/PTOT_DJF_1995-2014_mean.tif
delete: s3://digital-atlas/domain=climate/type=observational/source=chirps-chirts-era5/region=africa/processing=climatology/variable=PTOT/period=AMJ/clim=wmo_1991-2020/stat=max/PTOT_FMA_1991-2020_min.tif
delete: s3://digital-atlas/domain=climate/type=observational/source=chirps-chirts-era5/region=africa/processing=climatology/variable=PTOT/period=AMJ/clim=wmo_1991-2020/stat=max/PTOT_FMA_1991-2020_sd.tif
delete: s3://digital-atlas/domain=climate/type=observational/source=chirps-chirts-era5/region=africa/processing=climatology/variable=PTOT/period=AMJ/clim=wmo_1991-2020/stat=max/PTOT_FMA_1995-2014_max.tif
delete: s3://digital-atlas/domain=climate/type=observational/source=chirps-chirts-era5/region=africa/processing=climatology/variable=PTOT/period=AMJ/clim=wmo_1991-2020/stat=max/PTOT_FMA_1995-2014_mean.tif
delete: s3://digital-atlas/domain=climate/type=observational/source=chirps-chirts-era5/region=africa/processing=climatology/variable=PTOT/period=AMJ/clim=wmo_1991-2020/stat=max/PTOT_FMA_1995-2014_min.tif
delete: s3://digital-atlas/domain=climate/type=observational/source=chirps-chirts-era5/region=africa/processing=climatology/variable=PTOT/period=AMJ/clim=wmo_1991-2020/stat=max/PTOT_FMA_full_max.tif
delete: s3://digital-atlas/domain=climate/type=observational/source=chirps-chirts-era5/region=africa/processing=climatology/variable=PTOT/period=AMJ/clim=wmo_1991-2020/stat=max/PTOT_FMA_1995-2014_sd.tif
delete: s3://digital-atlas/domain=climate/type=observational/source=chirps-chirts-era5/region=africa/processing=climatology/variable=PTOT/period=AMJ/clim=wmo_1991-2020/stat=max/PTOT_FMA_full_mean.tif
delete: s3://digital-atlas/domain=climate/type=observational/source=chirps-chirts-era5/region=africa/processing=climatology/variable=PTOT/period=AMJ/clim=wmo_1991-2020/stat=max/PTOT_FMA_full_min.tif
delete: s3://digital-atlas/domain=climate/type=observational/source=chirps-chirts-era5/region=africa/processing=climatology/variable=PTOT/period=AMJ/clim=wmo_1991-2020/stat=max/PTOT_FMA_full_sd.tif
delete: s3://digital-atlas/domain=climate/type=observational/source=chirps-chirts-era5/region=africa/processing=climatology/variable=PTOT/period=AMJ/clim=wmo_1991-2020/stat=max/PTOT_JAS_1991-2020_max.tif
delete: s3://digital-atlas/domain=climate/type=observational/source=chirps-chirts-era5/region=africa/processing=climatology/variable=PTOT/period=AMJ/clim=wmo_1991-2020/stat=max/PTOT_JAS_1991-2020_mean.tif
delete: s3://digital-atlas/domain=climate/type=observational/source=chirps-chirts-era5/region=africa/processing=climatology/variable=PTOT/period=AMJ/clim=wmo_1991-2020/stat=max/PTOT_JAS_1991-2020_sd.tif
delete: s3://digital-atlas/domain=climate/type=observational/source=chirps-chirts-era5/region=africa/processing=climatology/variable=PTOT/period=AMJ/clim=wmo_1991-2020/stat=max/PTOT_JAS_1991-2020_min.tif
delete: s3://digital-atlas/domain=climate/type=observational/source=chirps-chirts-era5/region=africa/processing=climatology/variable=PTOT/period=AMJ/clim=wmo_1991-2020/stat=max/PTOT_JAS_1995-2014_max.tif
delete: s3://digital-atlas/domain=climate/type=observational/source=chirps-chirts-era5/region=africa/processing=climatology/variable=PTOT/period=AMJ/clim=wmo_1991-2020/stat=max/PTOT_JAS_1995-2014_mean.tif
delete: s3://digital-atlas/domain=climate/type=observational/source=chirps-chirts-era5/region=africa/processing=climatology/variable=PTOT/period=AMJ/clim=wmo_1991-2020/stat=max/PTOT_JAS_1995-2014_min.tif
delete: s3://digital-atlas/domain=climate/type=observational/source=chirps-chirts-era5/region=africa/processing=climatology/variable=PTOT/period=AMJ/clim=wmo_1991-2020/stat=max/PTOT_JAS_full_max.tif
delete: s3://digital-atlas/domain=climate/type=observational/source=chirps-chirts-era5/region=africa/processing=climatology/variable=PTOT/period=AMJ/clim=wmo_1991-2020/stat=max/PTOT_JAS_1995-2014_sd.tif
delete: s3://digital-atlas/domain=climate/type=observational/source=chirps-chirts-era5/region=africa/processing=climatology/variable=PTOT/period=AMJ/clim=wmo_1991-2020/stat=max/PTOT_JAS_full_mean.tif
delete: s3://digital-atlas/domain=climate/type=observational/source=chirps-chirts-era5/region=africa/processing=climatology/variable=PTOT/period=AMJ/clim=wmo_1991-2020/stat=max/PTOT_JAS_full_min.tif
delete: s3://digital-atlas/domain=climate/type=observational/source=chirps-chirts-era5/region=africa/processing=climatology/variable=PTOT/period=AMJ/clim=wmo_1991-2020/stat=max/PTOT_JAS_full_sd.tif
delete: s3://digital-atlas/domain=climate/type=observational/source=chirps-chirts-era5/region=africa/processing=climatology/variable=PTOT/period=AMJ/clim=wmo_1991-2020/stat=max/PTOT_JFM_1991-2020_max.tif
delete: s3://digital-atlas/domain=climate/type=observational/source=chirps-chirts-era5/region=africa/processing=climatology/variable=PTOT/period=AMJ/clim=wmo_1991-2020/stat=max/PTOT_JFM_1991-2020_mean.tif
delete: s3://digital-atlas/domain=climate/type=observational/source=chirps-chirts-era5/region=africa/processing=climatology/variable=PTOT/period=AMJ/clim=wmo_1991-2020/stat=max/PTOT_JFM_1991-2020_min.tif
delete: s3://digital-atlas/domain=climate/type=observational/source=chirps-chirts-era5/region=africa/processing=climatology/variable=PTOT/period=AMJ/clim=wmo_1991-2020/stat=max/PTOT_JFM_1995-2014_max.tif
delete: s3://digital-atlas/domain=climate/type=observational/source=chirps-chirts-era5/region=africa/processing=climatology/variable=PTOT/period=AMJ/clim=wmo_1991-2020/stat=max/PTOT_JFM_1991-2020_sd.tif
delete: s3://digital-atlas/domain=climate/type=observational/source=chirps-chirts-era5/region=africa/processing=climatology/variable=PTOT/period=AMJ/clim=wmo_1991-2020/stat=max/PTOT_JFM_1995-2014_mean.tif
delete: s3://digital-atlas/domain=climate/type=observational/source=chirps-chirts-era5/region=africa/processing=climatology/variable=PTOT/period=AMJ/clim=wmo_1991-2020/stat=max/PTOT_DJF_1995-2014_sd.tif
delete: s3://digital-atlas/domain=climate/type=observational/source=chirps-chirts-era5/region=africa/processing=climatology/variable=PTOT/period=AMJ/clim=wmo_1991-2020/stat=max/PTOT_JFM_1995-2014_min.tif
delete: s3://digital-atlas/domain=climate/type=observational/source=chirps-chirts-era5/region=africa/processing=climatology/variable=PTOT/period=AMJ/clim=wmo_1991-2020/stat=max/PTOT_DJF_full_min.tif
delete: s3://digital-atlas/domain=climate/type=observational/source=chirps-chirts-era5/region=africa/processing=climatology/variable=PTOT/period=AMJ/clim=wmo_1991-2020/stat=max/PTOT_JFM_1995-2014_sd.tif
delete: s3://digital-atlas/domain=climate/type=observational/source=chirps-chirts-era5/region=africa/processing=climatology/variable=PTOT/period=AMJ/clim=wmo_1991-2020/stat=max/PTOT_JFM_full_sd.tif
delete: s3://digital-atlas/domain=climate/type=observational/source=chirps-chirts-era5/region=africa/processing=climatology/variable=PTOT/period=AMJ/clim=wmo_1991-2020/stat=max/PTOT_JFM_full_min.tif
delete: s3://digital-atlas/domain=climate/type=observational/source=chirps-chirts-era5/region=africa/processing=climatology/variable=PTOT/period=AMJ/clim=wmo_1991-2020/stat=max/PTOT_JJA_1991-2020_max.tif
delete: s3://digital-atlas/domain=climate/type=observational/source=chirps-chirts-era5/region=africa/processing=climatology/variable=PTOT/period=AMJ/clim=wmo_1991-2020/stat=max/PTOT_JJA_1991-2020_mean.tif
delete: s3://digital-atlas/domain=climate/type=observational/source=chirps-chirts-era5/region=africa/processing=climatology/variable=PTOT/period=AMJ/clim=wmo_1991-2020/stat=max/PTOT_JJA_1991-2020_min.tif
delete: s3://digital-atlas/domain=climate/type=observational/source=chirps-chirts-era5/region=africa/processing=climatology/variable=PTOT/period=AMJ/clim=wmo_1991-2020/stat=max/PTOT_JJA_1991-2020_sd.tif
delete: s3://digital-atlas/domain=climate/type=observational/source=chirps-chirts-era5/region=africa/processing=climatology/variable=PTOT/period=AMJ/clim=wmo_1991-2020/stat=max/PTOT_JJA_1995-2014_max.tif
delete: s3://digital-atlas/domain=climate/type=observational/source=chirps-chirts-era5/region=africa/processing=climatology/variable=PTOT/period=AMJ/clim=wmo_1991-2020/stat=max/PTOT_JJA_1995-2014_mean.tif
delete: s3://digital-atlas/domain=climate/type=observational/source=chirps-chirts-era5/region=africa/processing=climatology/variable=PTOT/period=AMJ/clim=wmo_1991-2020/stat=max/PTOT_JJA_1995-2014_min.tif
delete: s3://digital-atlas/domain=climate/type=observational/source=chirps-chirts-era5/region=africa/processing=climatology/variable=PTOT/period=AMJ/clim=wmo_1991-2020/stat=max/PTOT_JJA_full_max.tif
delete: s3://digital-atlas/domain=climate/type=observational/source=chirps-chirts-era5/region=africa/processing=climatology/variable=PTOT/period=AMJ/clim=wmo_1991-2020/stat=max/PTOT_JJA_1995-2014_sd.tif
delete: s3://digital-atlas/domain=climate/type=observational/source=chirps-chirts-era5/region=africa/processing=climatology/variable=PTOT/period=AMJ/clim=wmo_1991-2020/stat=max/PTOT_JJA_full_mean.tif
delete: s3://digital-atlas/domain=climate/type=observational/source=chirps-chirts-era5/region=africa/processing=climatology/variable=PTOT/period=AMJ/clim=wmo_1991-2020/stat=max/PTOT_JJA_full_min.tif
delete: s3://digital-atlas/domain=climate/type=observational/source=chirps-chirts-era5/region=africa/processing=climatology/variable=PTOT/period=AMJ/clim=wmo_1991-2020/stat=max/PTOT_JJA_full_sd.tif
delete: s3://digital-atlas/domain=climate/type=observational/source=chirps-chirts-era5/region=africa/processing=climatology/variable=PTOT/period=AMJ/clim=wmo_1991-2020/stat=max/PTOT_MAM_1991-2020_max.tif
delete: s3://digital-atlas/domain=climate/type=observational/source=chirps-chirts-era5/region=africa/processing=climatology/variable=PTOT/period=AMJ/clim=wmo_1991-2020/stat=max/PTOT_MAM_1991-2020_mean.tif
delete: s3://digital-atlas/domain=climate/type=observational/source=chirps-chirts-era5/region=africa/processing=climatology/variable=PTOT/period=AMJ/clim=wmo_1991-2020/stat=max/PTOT_MAM_1991-2020_min.tif
delete: s3://digital-atlas/domain=climate/type=observational/source=chirps-chirts-era5/region=africa/processing=climatology/variable=PTOT/period=AMJ/clim=wmo_1991-2020/stat=max/PTOT_MAM_1991-2020_sd.tif
delete: s3://digital-atlas/domain=climate/type=observational/source=chirps-chirts-era5/region=africa/processing=climatology/variable=PTOT/period=AMJ/clim=wmo_1991-2020/stat=max/PTOT_MAM_1995-2014_max.tif
delete: s3://digital-atlas/domain=climate/type=observational/source=chirps-chirts-era5/region=africa/processing=climatology/variable=PTOT/period=AMJ/clim=wmo_1991-2020/stat=max/PTOT_MAM_1995-2014_mean.tif
delete: s3://digital-atlas/domain=climate/type=observational/source=chirps-chirts-era5/region=africa/processing=climatology/variable=PTOT/period=AMJ/clim=wmo_1991-2020/stat=max/PTOT_MAM_1995-2014_sd.tif
delete: s3://digital-atlas/domain=climate/type=observational/source=chirps-chirts-era5/region=africa/processing=climatology/variable=PTOT/period=AMJ/clim=wmo_1991-2020/stat=max/PTOT_MAM_1995-2014_min.tif
delete: s3://digital-atlas/domain=climate/type=observational/source=chirps-chirts-era5/region=africa/processing=climatology/variable=PTOT/period=AMJ/clim=wmo_1991-2020/stat=max/PTOT_MAM_full_max.tif
delete: s3://digital-atlas/domain=climate/type=observational/source=chirps-chirts-era5/region=africa/processing=climatology/variable=PTOT/period=AMJ/clim=wmo_1991-2020/stat=max/PTOT_MAM_full_mean.tif
delete: s3://digital-atlas/domain=climate/type=observational/source=chirps-chirts-era5/region=africa/processing=climatology/variable=PTOT/period=AMJ/clim=wmo_1991-2020/stat=max/PTOT_MAM_full_min.tif
delete: s3://digital-atlas/domain=climate/type=observational/source=chirps-chirts-era5/region=africa/processing=climatology/variable=PTOT/period=AMJ/clim=wmo_1991-2020/stat=max/PTOT_MAM_full_sd.tif
delete: s3://digital-atlas/domain=climate/type=observational/source=chirps-chirts-era5/region=africa/processing=climatology/variable=PTOT/period=AMJ/clim=wmo_1991-2020/stat=max/PTOT_MJJ_1991-2020_max.tif
delete: s3://digital-atlas/domain=climate/type=observational/source=chirps-chirts-era5/region=africa/processing=climatology/variable=PTOT/period=AMJ/clim=wmo_1991-2020/stat=max/PTOT_MJJ_1991-2020_mean.tif
delete: s3://digital-atlas/domain=climate/type=observational/source=chirps-chirts-era5/region=africa/processing=climatology/variable=PTOT/period=AMJ/clim=wmo_1991-2020/stat=max/PTOT_MJJ_1991-2020_sd.tif
delete: s3://digital-atlas/domain=climate/type=observational/source=chirps-chirts-era5/region=africa/processing=climatology/variable=PTOT/period=AMJ/clim=wmo_1991-2020/stat=max/PTOT_MJJ_1995-2014_max.tif
delete: s3://digital-atlas/domain=climate/type=observational/source=chirps-chirts-era5/region=africa/processing=climatology/variable=PTOT/period=AMJ/clim=wmo_1991-2020/stat=max/PTOT_MJJ_1995-2014_mean.tif
delete: s3://digital-atlas/domain=climate/type=observational/source=chirps-chirts-era5/region=africa/processing=climatology/variable=PTOT/period=AMJ/clim=wmo_1991-2020/stat=max/PTOT_MJJ_1991-2020_min.tif
delete: s3://digital-atlas/domain=climate/type=observational/source=chirps-chirts-era5/region=africa/processing=climatology/variable=PTOT/period=AMJ/clim=wmo_1991-2020/stat=max/PTOT_MJJ_1995-2014_min.tif
delete: s3://digital-atlas/domain=climate/type=observational/source=chirps-chirts-era5/region=africa/processing=climatology/variable=PTOT/period=AMJ/clim=wmo_1991-2020/stat=max/PTOT_MJJ_1995-2014_sd.tif
delete: s3://digital-atlas/domain=climate/type=observational/source=chirps-chirts-era5/region=africa/processing=climatology/variable=PTOT/period=AMJ/clim=wmo_1991-2020/stat=max/PTOT_JFM_full_max.tif
delete: s3://digital-atlas/domain=climate/type=observational/source=chirps-chirts-era5/region=africa/processing=climatology/variable=PTOT/period=AMJ/clim=wmo_1991-2020/stat=max/PTOT_MJJ_full_max.tif
delete: s3://digital-atlas/domain=climate/type=observational/source=chirps-chirts-era5/region=africa/processing=climatology/variable=PTOT/period=AMJ/clim=wmo_1991-2020/stat=max/PTOT_MJJ_full_mean.tif
delete: s3://digital-atlas/domain=climate/type=observational/source=chirps-chirts-era5/region=africa/processing=climatology/variable=PTOT/period=AMJ/clim=wmo_1991-2020/stat=max/PTOT_MJJ_full_min.tif
delete: s3://digital-atlas/domain=climate/type=observational/source=chirps-chirts-era5/region=africa/processing=climatology/variable=PTOT/period=AMJ/clim=wmo_1991-2020/stat=max/PTOT_MJJ_full_sd.tif
delete: s3://digital-atlas/domain=climate/type=observational/source=chirps-chirts-era5/region=africa/processing=climatology/variable=PTOT/period=AMJ/clim=wmo_1991-2020/stat=max/PTOT_NDJ_1991-2020_max.tif
delete: s3://digital-atlas/domain=climate/type=observational/source=chirps-chirts-era5/region=africa/processing=climatology/variable=PTOT/period=AMJ/clim=wmo_1991-2020/stat=max/PTOT_NDJ_1991-2020_min.tif
delete: s3://digital-atlas/domain=climate/type=observational/source=chirps-chirts-era5/region=africa/processing=climatology/variable=PTOT/period=AMJ/clim=wmo_1991-2020/stat=max/PTOT_NDJ_1991-2020_mean.tif
delete: s3://digital-atlas/domain=climate/type=observational/source=chirps-chirts-era5/region=africa/processing=climatology/variable=PTOT/period=AMJ/clim=wmo_1991-2020/stat=max/PTOT_NDJ_1991-2020_sd.tif
delete: s3://digital-atlas/domain=climate/type=observational/source=chirps-chirts-era5/region=africa/processing=climatology/variable=PTOT/period=AMJ/clim=wmo_1991-2020/stat=max/PTOT_NDJ_1995-2014_max.tif
delete: s3://digital-atlas/domain=climate/type=observational/source=chirps-chirts-era5/region=africa/processing=climatology/variable=PTOT/period=AMJ/clim=wmo_1991-2020/stat=max/PTOT_NDJ_1995-2014_min.tif
delete: s3://digital-atlas/domain=climate/type=observational/source=chirps-chirts-era5/region=africa/processing=climatology/variable=PTOT/period=AMJ/clim=wmo_1991-2020/stat=max/PTOT_NDJ_1995-2014_mean.tif
delete: s3://digital-atlas/domain=climate/type=observational/source=chirps-chirts-era5/region=africa/processing=climatology/variable=PTOT/period=AMJ/clim=wmo_1991-2020/stat=max/PTOT_NDJ_full_max.tif
delete: s3://digital-atlas/domain=climate/type=observational/source=chirps-chirts-era5/region=africa/processing=climatology/variable=PTOT/period=AMJ/clim=wmo_1991-2020/stat=max/PTOT_NDJ_1995-2014_sd.tif
delete: s3://digital-atlas/domain=climate/type=observational/source=chirps-chirts-era5/region=africa/processing=climatology/variable=PTOT/period=AMJ/clim=wmo_1991-2020/stat=max/PTOT_NDJ_full_mean.tif
delete: s3://digital-atlas/domain=climate/type=observational/source=chirps-chirts-era5/region=africa/processing=climatology/variable=PTOT/period=AMJ/clim=wmo_1991-2020/stat=max/PTOT_NDJ_full_min.tif
delete: s3://digital-atlas/domain=climate/type=observational/source=chirps-chirts-era5/region=africa/processing=climatology/variable=PTOT/period=AMJ/clim=wmo_1991-2020/stat=max/PTOT_NDJ_full_sd.tif
delete: s3://digital-atlas/domain=climate/type=observational/source=chirps-chirts-era5/region=africa/processing=climatology/variable=PTOT/period=AMJ/clim=wmo_1991-2020/stat=max/PTOT_OND_1991-2020_max.tif
delete: s3://digital-atlas/domain=climate/type=observational/source=chirps-chirts-era5/region=africa/processing=climatology/variable=PTOT/period=AMJ/clim=wmo_1991-2020/stat=max/PTOT_JFM_full_mean.tif
delete: s3://digital-atlas/domain=climate/type=observational/source=chirps-chirts-era5/region=africa/processing=climatology/variable=PTOT/period=AMJ/clim=wmo_1991-2020/stat=max/PTOT_OND_1991-2020_mean.tif
delete: s3://digital-atlas/domain=climate/type=observational/source=chirps-chirts-era5/region=africa/processing=climatology/variable=PTOT/period=AMJ/clim=wmo_1991-2020/stat=max/PTOT_OND_1991-2020_min.tif
delete: s3://digital-atlas/domain=climate/type=observational/source=chirps-chirts-era5/region=africa/processing=climatology/variable=PTOT/period=AMJ/clim=wmo_1991-2020/stat=max/PTOT_OND_1995-2014_max.tif
delete: s3://digital-atlas/domain=climate/type=observational/source=chirps-chirts-era5/region=africa/processing=climatology/variable=PTOT/period=AMJ/clim=wmo_1991-2020/stat=max/PTOT_OND_1991-2020_sd.tif
delete: s3://digital-atlas/domain=climate/type=observational/source=chirps-chirts-era5/region=africa/processing=climatology/variable=PTOT/period=AMJ/clim=wmo_1991-2020/stat=max/PTOT_OND_1995-2014_mean.tif
delete: s3://digital-atlas/domain=climate/type=observational/source=chirps-chirts-era5/region=africa/processing=climatology/variable=PTOT/period=AMJ/clim=wmo_1991-2020/stat=max/PTOT_OND_1995-2014_sd.tif
delete: s3://digital-atlas/domain=climate/type=observational/source=chirps-chirts-era5/region=africa/processing=climatology/variable=PTOT/period=AMJ/clim=wmo_1991-2020/stat=max/PTOT_OND_1995-2014_min.tif
delete: s3://digital-atlas/domain=climate/type=observational/source=chirps-chirts-era5/region=africa/processing=climatology/variable=PTOT/period=AMJ/clim=wmo_1991-2020/stat=max/PTOT_OND_full_max.tif
delete: s3://digital-atlas/domain=climate/type=observational/source=chirps-chirts-era5/region=africa/processing=climatology/variable=PTOT/period=AMJ/clim=wmo_1991-2020/stat=max/PTOT_OND_full_mean.tif
delete: s3://digital-atlas/domain=climate/type=observational/source=chirps-chirts-era5/region=africa/processing=climatology/variable=PTOT/period=AMJ/clim=wmo_1991-2020/stat=max/PTOT_OND_full_min.tif
delete: s3://digital-atlas/domain=climate/type=observational/source=chirps-chirts-era5/region=africa/processing=climatology/variable=PTOT/period=AMJ/clim=wmo_1991-2020/stat=max/PTOT_OND_full_sd.tif
delete: s3://digital-atlas/domain=climate/type=observational/source=chirps-chirts-era5/region=africa/processing=climatology/variable=PTOT/period=AMJ/clim=wmo_1991-2020/stat=max/PTOT_SON_1991-2020_max.tif
delete: s3://digital-atlas/domain=climate/type=observational/source=chirps-chirts-era5/region=africa/processing=climatology/variable=PTOT/period=AMJ/clim=wmo_1991-2020/stat=max/PTOT_SON_1991-2020_min.tif
delete: s3://digital-atlas/domain=climate/type=observational/source=chirps-chirts-era5/region=africa/processing=climatology/variable=PTOT/period=AMJ/clim=wmo_1991-2020/stat=max/PTOT_SON_1991-2020_mean.tif
delete: s3://digital-atlas/domain=climate/type=observational/source=chirps-chirts-era5/region=africa/processing=climatology/variable=PTOT/period=AMJ/clim=wmo_1991-2020/stat=max/PTOT_SON_1991-2020_sd.tif
delete: s3://digital-atlas/domain=climate/type=observational/source=chirps-chirts-era5/region=africa/processing=climatology/variable=PTOT/period=AMJ/clim=wmo_1991-2020/stat=max/PTOT_SON_1995-2014_max.tif
delete: s3://digital-atlas/domain=climate/type=observational/source=chirps-chirts-era5/region=africa/processing=climatology/variable=PTOT/period=AMJ/clim=wmo_1991-2020/stat=max/PTOT_SON_1995-2014_min.tif
delete: s3://digital-atlas/domain=climate/type=observational/source=chirps-chirts-era5/region=africa/processing=climatology/variable=PTOT/period=AMJ/clim=wmo_1991-2020/stat=max/PTOT_SON_1995-2014_mean.tif
delete: s3://digital-atlas/domain=climate/type=observational/source=chirps-chirts-era5/region=africa/processing=climatology/variable=PTOT/period=AMJ/clim=wmo_1991-2020/stat=max/PTOT_SON_1995-2014_sd.tif
delete: s3://digital-atlas/domain=climate/type=observational/source=chirps-chirts-era5/region=africa/processing=climatology/variable=PTOT/period=AMJ/clim=wmo_1991-2020/stat=max/PTOT_SON_full_max.tif
delete: s3://digital-atlas/domain=climate/type=observational/source=chirps-chirts-era5/region=africa/processing=climatology/variable=PTOT/period=AMJ/clim=wmo_1991-2020/stat=max/PTOT_SON_full_mean.tif
delete: s3://digital-atlas/domain=climate/type=observational/source=chirps-chirts-era5/region=africa/processing=climatology/variable=PTOT/period=AMJ/clim=wmo_1991-2020/stat=max/PTOT_SON_full_min.tif
delete: s3://digital-atlas/domain=climate/type=observational/source=chirps-chirts-era5/region=africa/processing=climatology/variable=PTOT/period=AMJ/clim=wmo_1991-2020/stat=max/PTOT_SON_full_sd.tif
delete: s3://digital-atlas/domain=climate/type=observational/source=chirps-chirts-era5/region=africa/processing=climatology/variable=PTOT/period=AMJ/clim=wmo_1991-2020/stat=max/PTOT_annual_1991-2020_mean.tif
delete: s3://digital-atlas/domain=climate/type=observational/source=chirps-chirts-era5/region=africa/processing=climatology/variable=PTOT/period=AMJ/clim=wmo_1991-2020/stat=max/PTOT_annual_1991-2020_max.tif
delete: s3://digital-atlas/domain=climate/type=observational/source=chirps-chirts-era5/region=africa/processing=climatology/variable=PTOT/period=AMJ/clim=wmo_1991-2020/stat=max/PTOT_annual_1991-2020_min.tif
delete: s3://digital-atlas/domain=climate/type=observational/source=chirps-chirts-era5/region=africa/processing=climatology/variable=PTOT/period=AMJ/clim=wmo_1991-2020/stat=max/PTOT_annual_1991-2020_sd.tif
delete: s3://digital-atlas/domain=climate/type=observational/source=chirps-chirts-era5/region=africa/processing=climatology/variable=PTOT/period=AMJ/clim=wmo_1991-2020/stat=max/PTOT_annual_1995-2014_max.tif
delete: s3://digital-atlas/domain=climate/type=observational/source=chirps-chirts-era5/region=africa/processing=climatology/variable=PTOT/period=AMJ/clim=wmo_1991-2020/stat=max/PTOT_annual_1995-2014_mean.tif
delete: s3://digital-atlas/domain=climate/type=observational/source=chirps-chirts-era5/region=africa/processing=climatology/variable=PTOT/period=AMJ/clim=wmo_1991-2020/stat=max/PTOT_annual_1995-2014_min.tif
delete: s3://digital-atlas/domain=climate/type=observational/source=chirps-chirts-era5/region=africa/processing=climatology/variable=PTOT/period=AMJ/clim=wmo_1991-2020/stat=max/PTOT_annual_full_max.tif
delete: s3://digital-atlas/domain=climate/type=observational/source=chirps-chirts-era5/region=africa/processing=climatology/variable=PTOT/period=AMJ/clim=wmo_1991-2020/stat=max/PTOT_annual_1995-2014_sd.tif
delete: s3://digital-atlas/domain=climate/type=observational/source=chirps-chirts-era5/region=africa/processing=climatology/variable=PTOT/period=AMJ/clim=wmo_1991-2020/stat=max/PTOT_annual_full_mean.tif
delete: s3://digital-atlas/domain=climate/type=observational/source=chirps-chirts-era5/region=africa/processing=climatology/variable=PTOT/period=AMJ/clim=wmo_1991-2020/stat=max/PTOT_annual_full_min.tif
delete: s3://digital-atlas/domain=climate/type=observational/source=chirps-chirts-era5/region=africa/processing=climatology/variable=PTOT/period=AMJ/clim=wmo_1991-2020/stat=max/PTOT_annual_full_sd.tif
delete: s3://digital-atlas/domain=climate/type=observational/source=chirps-chirts-era5/region=africa/processing=climatology/variable=PTOT/period=AMJ/clim=wmo_1991-2020/stat=max/SPEI-01_AMJ_1991-2020_max.tif
delete: s3://digital-atlas/domain=climate/type=observational/source=chirps-chirts-era5/region=africa/processing=climatology/variable=PTOT/period=AMJ/clim=wmo_1991-2020/stat=max/SPEI-01_AMJ_1991-2020_mean.tif
delete: s3://digital-atlas/domain=climate/type=observational/source=chirps-chirts-era5/region=africa/processing=climatology/variable=PTOT/period=AMJ/clim=wmo_1991-2020/stat=max/SPEI-01_AMJ_1991-2020_min.tif
delete: s3://digital-atlas/domain=climate/type=observational/source=chirps-chirts-era5/region=africa/processing=climatology/variable=PTOT/period=AMJ/clim=wmo_1991-2020/stat=max/SPEI-01_AMJ_1991-2020_sd.tif
delete: s3://digital-atlas/domain=climate/type=observational/source=chirps-chirts-era5/region=africa/processing=climatology/variable=PTOT/period=AMJ/clim=wmo_1991-2020/stat=max/SPEI-01_AMJ_1995-2014_max.tif
delete: s3://digital-atlas/domain=climate/type=observational/source=chirps-chirts-era5/region=africa/processing=climatology/variable=PTOT/period=AMJ/clim=wmo_1991-2020/stat=max/SPEI-01_AMJ_1995-2014_mean.tif
delete: s3://digital-atlas/domain=climate/type=observational/source=chirps-chirts-era5/region=africa/processing=climatology/variable=PTOT/period=AMJ/clim=wmo_1991-2020/stat=max/SPEI-01_AMJ_1995-2014_min.tif
delete: s3://digital-atlas/domain=climate/type=observational/source=chirps-chirts-era5/region=africa/processing=climatology/variable=PTOT/period=AMJ/clim=wmo_1991-2020/stat=max/SPEI-01_AMJ_full_max.tif
delete: s3://digital-atlas/domain=climate/type=observational/source=chirps-chirts-era5/region=africa/processing=climatology/variable=PTOT/period=AMJ/clim=wmo_1991-2020/stat=max/SPEI-01_AMJ_1995-2014_sd.tif
delete: s3://digital-atlas/domain=climate/type=observational/source=chirps-chirts-era5/region=africa/processing=climatology/variable=PTOT/period=AMJ/clim=wmo_1991-2020/stat=max/SPEI-01_AMJ_full_mean.tif
delete: s3://digital-atlas/domain=climate/type=observational/source=chirps-chirts-era5/region=africa/processing=climatology/variable=PTOT/period=AMJ/clim=wmo_1991-2020/stat=max/SPEI-01_AMJ_full_min.tif
delete: s3://digital-atlas/domain=climate/type=observational/source=chirps-chirts-era5/region=africa/processing=climatology/variable=PTOT/period=AMJ/clim=wmo_1991-2020/stat=max/SPEI-01_AMJ_full_sd.tif
delete: s3://digital-atlas/domain=climate/type=observational/source=chirps-chirts-era5/region=africa/processing=climatology/variable=PTOT/period=AMJ/clim=wmo_1991-2020/stat=max/SPEI-01_ASO_1991-2020_mean.tif
delete: s3://digital-atlas/domain=climate/type=observational/source=chirps-chirts-era5/region=africa/processing=climatology/variable=PTOT/period=AMJ/clim=wmo_1991-2020/stat=max/SPEI-01_ASO_1991-2020_max.tif
delete: s3://digital-atlas/domain=climate/type=observational/source=chirps-chirts-era5/region=africa/processing=climatology/variable=PTOT/period=AMJ/clim=wmo_1991-2020/stat=max/SPEI-01_ASO_1991-2020_min.tif
delete: s3://digital-atlas/domain=climate/type=observational/source=chirps-chirts-era5/region=africa/processing=climatology/variable=PTOT/period=AMJ/clim=wmo_1991-2020/stat=max/SPEI-01_ASO_1991-2020_sd.tif
delete: s3://digital-atlas/domain=climate/type=observational/source=chirps-chirts-era5/region=africa/processing=climatology/variable=PTOT/period=AMJ/clim=wmo_1991-2020/stat=max/SPEI-01_ASO_1995-2014_max.tif
delete: s3://digital-atlas/domain=climate/type=observational/source=chirps-chirts-era5/region=africa/processing=climatology/variable=PTOT/period=AMJ/clim=wmo_1991-2020/stat=max/SPEI-01_ASO_1995-2014_mean.tif
delete: s3://digital-atlas/domain=climate/type=observational/source=chirps-chirts-era5/region=africa/processing=climatology/variable=PTOT/period=AMJ/clim=wmo_1991-2020/stat=max/SPEI-01_ASO_1995-2014_sd.tif
delete: s3://digital-atlas/domain=climate/type=observational/source=chirps-chirts-era5/region=africa/processing=climatology/variable=PTOT/period=AMJ/clim=wmo_1991-2020/stat=max/SPEI-01_ASO_full_max.tif
delete: s3://digital-atlas/domain=climate/type=observational/source=chirps-chirts-era5/region=africa/processing=climatology/variable=PTOT/period=AMJ/clim=wmo_1991-2020/stat=max/SPEI-01_ASO_full_mean.tif
delete: s3://digital-atlas/domain=climate/type=observational/source=chirps-chirts-era5/region=africa/processing=climatology/variable=PTOT/period=AMJ/clim=wmo_1991-2020/stat=max/SPEI-01_ASO_1995-2014_min.tif
delete: s3://digital-atlas/domain=climate/type=observational/source=chirps-chirts-era5/region=africa/processing=climatology/variable=PTOT/period=AMJ/clim=wmo_1991-2020/stat=max/SPEI-01_ASO_full_min.tif
delete: s3://digital-atlas/domain=climate/type=observational/source=chirps-chirts-era5/region=africa/processing=climatology/variable=PTOT/period=AMJ/clim=wmo_1991-2020/stat=max/SPEI-01_ASO_full_sd.tif
delete: s3://digital-atlas/domain=climate/type=observational/source=chirps-chirts-era5/region=africa/processing=climatology/variable=PTOT/period=AMJ/clim=wmo_1991-2020/stat=max/SPEI-01_DJF_1991-2020_max.tif
delete: s3://digital-atlas/domain=climate/type=observational/source=chirps-chirts-era5/region=africa/processing=climatology/variable=PTOT/period=AMJ/clim=wmo_1991-2020/stat=max/SPEI-01_DJF_1991-2020_mean.tif
delete: s3://digital-atlas/domain=climate/type=observational/source=chirps-chirts-era5/region=africa/processing=climatology/variable=PTOT/period=AMJ/clim=wmo_1991-2020/stat=max/SPEI-01_DJF_1991-2020_min.tif
delete: s3://digital-atlas/domain=climate/type=observational/source=chirps-chirts-era5/region=africa/processing=climatology/variable=PTOT/period=AMJ/clim=wmo_1991-2020/stat=max/SPEI-01_DJF_1991-2020_sd.tif
delete: s3://digital-atlas/domain=climate/type=observational/source=chirps-chirts-era5/region=africa/processing=climatology/variable=PTOT/period=AMJ/clim=wmo_1991-2020/stat=max/SPEI-01_DJF_1995-2014_max.tif
delete: s3://digital-atlas/domain=climate/type=observational/source=chirps-chirts-era5/region=africa/processing=climatology/variable=PTOT/period=AMJ/clim=wmo_1991-2020/stat=max/SPEI-01_DJF_full_max.tif
delete: s3://digital-atlas/domain=climate/type=observational/source=chirps-chirts-era5/region=africa/processing=climatology/variable=PTOT/period=AMJ/clim=wmo_1991-2020/stat=max/PTOT_DJF_full_max.tif
delete: s3://digital-atlas/domain=climate/type=observational/source=chirps-chirts-era5/region=africa/processing=climatology/variable=PTOT/period=AMJ/clim=wmo_1991-2020/stat=max/SPEI-01_DJF_full_mean.tif
delete: s3://digital-atlas/domain=climate/type=observational/source=chirps-chirts-era5/region=africa/processing=climatology/variable=PTOT/period=AMJ/clim=wmo_1991-2020/stat=max/PTOT_DJF_full_mean.tif
delete: s3://digital-atlas/domain=climate/type=observational/source=chirps-chirts-era5/region=africa/processing=climatology/variable=PTOT/period=AMJ/clim=wmo_1991-2020/stat=max/SPEI-01_DJF_full_sd.tif
delete: s3://digital-atlas/domain=climate/type=observational/source=chirps-chirts-era5/region=africa/processing=climatology/variable=PTOT/period=AMJ/clim=wmo_1991-2020/stat=max/SPEI-01_FMA_1991-2020_max.tif
delete: s3://digital-atlas/domain=climate/type=observational/source=chirps-chirts-era5/region=africa/processing=climatology/variable=PTOT/period=AMJ/clim=wmo_1991-2020/stat=max/SPEI-01_DJF_1995-2014_mean.tif
delete: s3://digital-atlas/domain=climate/type=observational/source=chirps-chirts-era5/region=africa/processing=climatology/variable=PTOT/period=AMJ/clim=wmo_1991-2020/stat=max/SPEI-01_DJF_1995-2014_min.tif
delete: s3://digital-atlas/domain=climate/type=observational/source=chirps-chirts-era5/region=africa/processing=climatology/variable=PTOT/period=AMJ/clim=wmo_1991-2020/stat=max/SPEI-01_FMA_1991-2020_sd.tif
delete: s3://digital-atlas/domain=climate/type=observational/source=chirps-chirts-era5/region=africa/processing=climatology/variable=PTOT/period=AMJ/clim=wmo_1991-2020/stat=max/SPEI-01_DJF_1995-2014_sd.tif
delete: s3://digital-atlas/domain=climate/type=observational/source=chirps-chirts-era5/region=africa/processing=climatology/variable=PTOT/period=AMJ/clim=wmo_1991-2020/stat=max/SPEI-01_DJF_full_min.tif
delete: s3://digital-atlas/domain=climate/type=observational/source=chirps-chirts-era5/region=africa/processing=climatology/variable=PTOT/period=AMJ/clim=wmo_1991-2020/stat=max/SPEI-01_FMA_1995-2014_min.tif
delete: s3://digital-atlas/domain=climate/type=observational/source=chirps-chirts-era5/region=africa/processing=climatology/variable=PTOT/period=AMJ/clim=wmo_1991-2020/stat=max/SPEI-01_FMA_1995-2014_sd.tif
delete: s3://digital-atlas/domain=climate/type=observational/source=chirps-chirts-era5/region=africa/processing=climatology/variable=PTOT/period=AMJ/clim=wmo_1991-2020/stat=max/SPEI-01_FMA_full_max.tif
delete: s3://digital-atlas/domain=climate/type=observational/source=chirps-chirts-era5/region=africa/processing=climatology/variable=PTOT/period=AMJ/clim=wmo_1991-2020/stat=max/SPEI-01_FMA_full_sd.tif
delete: s3://digital-atlas/domain=climate/type=observational/source=chirps-chirts-era5/region=africa/processing=climatology/variable=PTOT/period=AMJ/clim=wmo_1991-2020/stat=max/SPEI-01_FMA_full_min.tif
delete: s3://digital-atlas/domain=climate/type=observational/source=chirps-chirts-era5/region=africa/processing=climatology/variable=PTOT/period=AMJ/clim=wmo_1991-2020/stat=max/SPEI-01_FMA_full_mean.tif
delete: s3://digital-atlas/domain=climate/type=observational/source=chirps-chirts-era5/region=africa/processing=climatology/variable=PTOT/period=AMJ/clim=wmo_1991-2020/stat=max/SPEI-01_JAS_1991-2020_max.tif
delete: s3://digital-atlas/domain=climate/type=observational/source=chirps-chirts-era5/region=africa/processing=climatology/variable=PTOT/period=AMJ/clim=wmo_1991-2020/stat=max/SPEI-01_JAS_1991-2020_mean.tif
delete: s3://digital-atlas/domain=climate/type=observational/source=chirps-chirts-era5/region=africa/processing=climatology/variable=PTOT/period=AMJ/clim=wmo_1991-2020/stat=max/SPEI-01_JAS_1991-2020_min.tif
delete: s3://digital-atlas/domain=climate/type=observational/source=chirps-chirts-era5/region=africa/processing=climatology/variable=PTOT/period=AMJ/clim=wmo_1991-2020/stat=max/SPEI-01_JAS_1991-2020_sd.tif
delete: s3://digital-atlas/domain=climate/type=observational/source=chirps-chirts-era5/region=africa/processing=climatology/variable=PTOT/period=AMJ/clim=wmo_1991-2020/stat=max/SPEI-01_JAS_1995-2014_max.tif
delete: s3://digital-atlas/domain=climate/type=observational/source=chirps-chirts-era5/region=africa/processing=climatology/variable=PTOT/period=AMJ/clim=wmo_1991-2020/stat=max/SPEI-01_JAS_1995-2014_mean.tif
delete: s3://digital-atlas/domain=climate/type=observational/source=chirps-chirts-era5/region=africa/processing=climatology/variable=PTOT/period=AMJ/clim=wmo_1991-2020/stat=max/SPEI-01_JAS_1995-2014_min.tif
delete: s3://digital-atlas/domain=climate/type=observational/source=chirps-chirts-era5/region=africa/processing=climatology/variable=PTOT/period=AMJ/clim=wmo_1991-2020/stat=max/SPEI-01_JAS_1995-2014_sd.tif
delete: s3://digital-atlas/domain=climate/type=observational/source=chirps-chirts-era5/region=africa/processing=climatology/variable=PTOT/period=AMJ/clim=wmo_1991-2020/stat=max/SPEI-01_JAS_full_mean.tif
delete: s3://digital-atlas/domain=climate/type=observational/source=chirps-chirts-era5/region=africa/processing=climatology/variable=PTOT/period=AMJ/clim=wmo_1991-2020/stat=max/SPEI-01_JAS_full_min.tif
delete: s3://digital-atlas/domain=climate/type=observational/source=chirps-chirts-era5/region=africa/processing=climatology/variable=PTOT/period=AMJ/clim=wmo_1991-2020/stat=max/SPEI-01_JAS_full_max.tif
delete: s3://digital-atlas/domain=climate/type=observational/source=chirps-chirts-era5/region=africa/processing=climatology/variable=PTOT/period=AMJ/clim=wmo_1991-2020/stat=max/SPEI-01_JAS_full_sd.tif
delete: s3://digital-atlas/domain=climate/type=observational/source=chirps-chirts-era5/region=africa/processing=climatology/variable=PTOT/period=AMJ/clim=wmo_1991-2020/stat=max/SPEI-01_JFM_1991-2020_max.tif
delete: s3://digital-atlas/domain=climate/type=observational/source=chirps-chirts-era5/region=africa/processing=climatology/variable=PTOT/period=AMJ/clim=wmo_1991-2020/stat=max/SPEI-01_JFM_1991-2020_mean.tif
delete: s3://digital-atlas/domain=climate/type=observational/source=chirps-chirts-era5/region=africa/processing=climatology/variable=PTOT/period=AMJ/clim=wmo_1991-2020/stat=max/SPEI-01_JFM_1991-2020_min.tif
delete: s3://digital-atlas/domain=climate/type=observational/source=chirps-chirts-era5/region=africa/processing=climatology/variable=PTOT/period=AMJ/clim=wmo_1991-2020/stat=max/SPEI-01_JFM_1991-2020_sd.tif
delete: s3://digital-atlas/domain=climate/type=observational/source=chirps-chirts-era5/region=africa/processing=climatology/variable=PTOT/period=AMJ/clim=wmo_1991-2020/stat=max/SPEI-01_JFM_1995-2014_max.tif
delete: s3://digital-atlas/domain=climate/type=observational/source=chirps-chirts-era5/region=africa/processing=climatology/variable=PTOT/period=AMJ/clim=wmo_1991-2020/stat=max/SPEI-01_JFM_1995-2014_mean.tif
delete: s3://digital-atlas/domain=climate/type=observational/source=chirps-chirts-era5/region=africa/processing=climatology/variable=PTOT/period=AMJ/clim=wmo_1991-2020/stat=max/SPEI-01_JFM_1995-2014_min.tif
delete: s3://digital-atlas/domain=climate/type=observational/source=chirps-chirts-era5/region=africa/processing=climatology/variable=PTOT/period=AMJ/clim=wmo_1991-2020/stat=max/SPEI-01_JFM_1995-2014_sd.tif
delete: s3://digital-atlas/domain=climate/type=observational/source=chirps-chirts-era5/region=africa/processing=climatology/variable=PTOT/period=AMJ/clim=wmo_1991-2020/stat=max/SPEI-01_JFM_full_max.tif
delete: s3://digital-atlas/domain=climate/type=observational/source=chirps-chirts-era5/region=africa/processing=climatology/variable=PTOT/period=AMJ/clim=wmo_1991-2020/stat=max/SPEI-01_JFM_full_mean.tif
delete: s3://digital-atlas/domain=climate/type=observational/source=chirps-chirts-era5/region=africa/processing=climatology/variable=PTOT/period=AMJ/clim=wmo_1991-2020/stat=max/SPEI-01_JJA_1991-2020_max.tif
delete: s3://digital-atlas/domain=climate/type=observational/source=chirps-chirts-era5/region=africa/processing=climatology/variable=PTOT/period=AMJ/clim=wmo_1991-2020/stat=max/SPEI-01_JFM_full_sd.tif
delete: s3://digital-atlas/domain=climate/type=observational/source=chirps-chirts-era5/region=africa/processing=climatology/variable=PTOT/period=AMJ/clim=wmo_1991-2020/stat=max/SPEI-01_JFM_full_min.tif
delete: s3://digital-atlas/domain=climate/type=observational/source=chirps-chirts-era5/region=africa/processing=climatology/variable=PTOT/period=AMJ/clim=wmo_1991-2020/stat=max/SPEI-01_JJA_1991-2020_min.tif
delete: s3://digital-atlas/domain=climate/type=observational/source=chirps-chirts-era5/region=africa/processing=climatology/variable=PTOT/period=AMJ/clim=wmo_1991-2020/stat=max/SPEI-01_JJA_1991-2020_sd.tif
delete: s3://digital-atlas/domain=climate/type=observational/source=chirps-chirts-era5/region=africa/processing=climatology/variable=PTOT/period=AMJ/clim=wmo_1991-2020/stat=max/SPEI-01_JJA_1991-2020_mean.tif
delete: s3://digital-atlas/domain=climate/type=observational/source=chirps-chirts-era5/region=africa/processing=climatology/variable=PTOT/period=AMJ/clim=wmo_1991-2020/stat=max/SPEI-01_JJA_1995-2014_max.tif
delete: s3://digital-atlas/domain=climate/type=observational/source=chirps-chirts-era5/region=africa/processing=climatology/variable=PTOT/period=AMJ/clim=wmo_1991-2020/stat=max/SPEI-01_JJA_1995-2014_mean.tif
delete: s3://digital-atlas/domain=climate/type=observational/source=chirps-chirts-era5/region=africa/processing=climatology/variable=PTOT/period=AMJ/clim=wmo_1991-2020/stat=max/SPEI-01_JJA_1995-2014_min.tif
delete: s3://digital-atlas/domain=climate/type=observational/source=chirps-chirts-era5/region=africa/processing=climatology/variable=PTOT/period=AMJ/clim=wmo_1991-2020/stat=max/SPEI-01_JJA_1995-2014_sd.tif
delete: s3://digital-atlas/domain=climate/type=observational/source=chirps-chirts-era5/region=africa/processing=climatology/variable=PTOT/period=AMJ/clim=wmo_1991-2020/stat=max/SPEI-01_JJA_full_max.tif
delete: s3://digital-atlas/domain=climate/type=observational/source=chirps-chirts-era5/region=africa/processing=climatology/variable=PTOT/period=AMJ/clim=wmo_1991-2020/stat=max/SPEI-01_JJA_full_mean.tif
delete: s3://digital-atlas/domain=climate/type=observational/source=chirps-chirts-era5/region=africa/processing=climatology/variable=PTOT/period=AMJ/clim=wmo_1991-2020/stat=max/SPEI-01_JJA_full_min.tif
delete: s3://digital-atlas/domain=climate/type=observational/source=chirps-chirts-era5/region=africa/processing=climatology/variable=PTOT/period=AMJ/clim=wmo_1991-2020/stat=max/SPEI-01_JJA_full_sd.tif
delete: s3://digital-atlas/domain=climate/type=observational/source=chirps-chirts-era5/region=africa/processing=climatology/variable=PTOT/period=AMJ/clim=wmo_1991-2020/stat=max/SPEI-01_MAM_1991-2020_max.tif
delete: s3://digital-atlas/domain=climate/type=observational/source=chirps-chirts-era5/region=africa/processing=climatology/variable=PTOT/period=AMJ/clim=wmo_1991-2020/stat=max/SPEI-01_MAM_1991-2020_mean.tif
delete: s3://digital-atlas/domain=climate/type=observational/source=chirps-chirts-era5/region=africa/processing=climatology/variable=PTOT/period=AMJ/clim=wmo_1991-2020/stat=max/SPEI-01_MAM_1991-2020_min.tif
delete: s3://digital-atlas/domain=climate/type=observational/source=chirps-chirts-era5/region=africa/processing=climatology/variable=PTOT/period=AMJ/clim=wmo_1991-2020/stat=max/SPEI-01_MAM_1991-2020_sd.tif
delete: s3://digital-atlas/domain=climate/type=observational/source=chirps-chirts-era5/region=africa/processing=climatology/variable=PTOT/period=AMJ/clim=wmo_1991-2020/stat=max/SPEI-01_MAM_1995-2014_max.tif
delete: s3://digital-atlas/domain=climate/type=observational/source=chirps-chirts-era5/region=africa/processing=climatology/variable=PTOT/period=AMJ/clim=wmo_1991-2020/stat=max/SPEI-01_MAM_1995-2014_mean.tif
delete: s3://digital-atlas/domain=climate/type=observational/source=chirps-chirts-era5/region=africa/processing=climatology/variable=PTOT/period=AMJ/clim=wmo_1991-2020/stat=max/SPEI-01_MAM_1995-2014_min.tif
delete: s3://digital-atlas/domain=climate/type=observational/source=chirps-chirts-era5/region=africa/processing=climatology/variable=PTOT/period=AMJ/clim=wmo_1991-2020/stat=max/SPEI-01_MAM_1995-2014_sd.tif
delete: s3://digital-atlas/domain=climate/type=observational/source=chirps-chirts-era5/region=africa/processing=climatology/variable=PTOT/period=AMJ/clim=wmo_1991-2020/stat=max/SPEI-01_MAM_full_max.tif
delete: s3://digital-atlas/domain=climate/type=observational/source=chirps-chirts-era5/region=africa/processing=climatology/variable=PTOT/period=AMJ/clim=wmo_1991-2020/stat=max/SPEI-01_MAM_full_mean.tif
delete: s3://digital-atlas/domain=climate/type=observational/source=chirps-chirts-era5/region=africa/processing=climatology/variable=PTOT/period=AMJ/clim=wmo_1991-2020/stat=max/SPEI-01_MAM_full_sd.tif
delete: s3://digital-atlas/domain=climate/type=observational/source=chirps-chirts-era5/region=africa/processing=climatology/variable=PTOT/period=AMJ/clim=wmo_1991-2020/stat=max/SPEI-01_MAM_full_min.tif
delete: s3://digital-atlas/domain=climate/type=observational/source=chirps-chirts-era5/region=africa/processing=climatology/variable=PTOT/period=AMJ/clim=wmo_1991-2020/stat=max/SPEI-01_MJJ_1991-2020_max.tif
delete: s3://digital-atlas/domain=climate/type=observational/source=chirps-chirts-era5/region=africa/processing=climatology/variable=PTOT/period=AMJ/clim=wmo_1991-2020/stat=max/SPEI-01_MJJ_1991-2020_mean.tif
delete: s3://digital-atlas/domain=climate/type=observational/source=chirps-chirts-era5/region=africa/processing=climatology/variable=PTOT/period=AMJ/clim=wmo_1991-2020/stat=max/SPEI-01_MJJ_1991-2020_min.tif
delete: s3://digital-atlas/domain=climate/type=observational/source=chirps-chirts-era5/region=africa/processing=climatology/variable=PTOT/period=AMJ/clim=wmo_1991-2020/stat=max/SPEI-01_MJJ_1991-2020_sd.tif
delete: s3://digital-atlas/domain=climate/type=observational/source=chirps-chirts-era5/region=africa/processing=climatology/variable=PTOT/period=AMJ/clim=wmo_1991-2020/stat=max/SPEI-01_MJJ_1995-2014_max.tif
delete: s3://digital-atlas/domain=climate/type=observational/source=chirps-chirts-era5/region=africa/processing=climatology/variable=PTOT/period=AMJ/clim=wmo_1991-2020/stat=max/SPEI-01_MJJ_1995-2014_min.tif
delete: s3://digital-atlas/domain=climate/type=observational/source=chirps-chirts-era5/region=africa/processing=climatology/variable=PTOT/period=AMJ/clim=wmo_1991-2020/stat=max/SPEI-01_MJJ_1995-2014_sd.tif
delete: s3://digital-atlas/domain=climate/type=observational/source=chirps-chirts-era5/region=africa/processing=climatology/variable=PTOT/period=AMJ/clim=wmo_1991-2020/stat=max/SPEI-01_MJJ_1995-2014_mean.tif
delete: s3://digital-atlas/domain=climate/type=observational/source=chirps-chirts-era5/region=africa/processing=climatology/variable=PTOT/period=AMJ/clim=wmo_1991-2020/stat=max/SPEI-01_MJJ_full_mean.tif
delete: s3://digital-atlas/domain=climate/type=observational/source=chirps-chirts-era5/region=africa/processing=climatology/variable=PTOT/period=AMJ/clim=wmo_1991-2020/stat=max/SPEI-01_MJJ_full_min.tif
delete: s3://digital-atlas/domain=climate/type=observational/source=chirps-chirts-era5/region=africa/processing=climatology/variable=PTOT/period=AMJ/clim=wmo_1991-2020/stat=max/SPEI-01_MJJ_full_max.tif
delete: s3://digital-atlas/domain=climate/type=observational/source=chirps-chirts-era5/region=africa/processing=climatology/variable=PTOT/period=AMJ/clim=wmo_1991-2020/stat=max/SPEI-01_MJJ_full_sd.tif
delete: s3://digital-atlas/domain=climate/type=observational/source=chirps-chirts-era5/region=africa/processing=climatology/variable=PTOT/period=AMJ/clim=wmo_1991-2020/stat=max/SPEI-01_NDJ_1991-2020_max.tif
delete: s3://digital-atlas/domain=climate/type=observational/source=chirps-chirts-era5/region=africa/processing=climatology/variable=PTOT/period=AMJ/clim=wmo_1991-2020/stat=max/SPEI-01_NDJ_1991-2020_mean.tif
delete: s3://digital-atlas/domain=climate/type=observational/source=chirps-chirts-era5/region=africa/processing=climatology/variable=PTOT/period=AMJ/clim=wmo_1991-2020/stat=max/SPEI-01_NDJ_1991-2020_min.tif
delete: s3://digital-atlas/domain=climate/type=observational/source=chirps-chirts-era5/region=africa/processing=climatology/variable=PTOT/period=AMJ/clim=wmo_1991-2020/stat=max/SPEI-01_FMA_1991-2020_min.tif
delete: s3://digital-atlas/domain=climate/type=observational/source=chirps-chirts-era5/region=africa/processing=climatology/variable=PTOT/period=AMJ/clim=wmo_1991-2020/stat=max/SPEI-01_NDJ_1995-2014_max.tif
delete: s3://digital-atlas/domain=climate/type=observational/source=chirps-chirts-era5/region=africa/processing=climatology/variable=PTOT/period=AMJ/clim=wmo_1991-2020/stat=max/SPEI-01_NDJ_1995-2014_mean.tif
delete: s3://digital-atlas/domain=climate/type=observational/source=chirps-chirts-era5/region=africa/processing=climatology/variable=PTOT/period=AMJ/clim=wmo_1991-2020/stat=max/SPEI-01_NDJ_1995-2014_sd.tif
delete: s3://digital-atlas/domain=climate/type=observational/source=chirps-chirts-era5/region=africa/processing=climatology/variable=PTOT/period=AMJ/clim=wmo_1991-2020/stat=max/SPEI-01_NDJ_1995-2014_min.tif
delete: s3://digital-atlas/domain=climate/type=observational/source=chirps-chirts-era5/region=africa/processing=climatology/variable=PTOT/period=AMJ/clim=wmo_1991-2020/stat=max/SPEI-01_NDJ_full_max.tif
delete: s3://digital-atlas/domain=climate/type=observational/source=chirps-chirts-era5/region=africa/processing=climatology/variable=PTOT/period=AMJ/clim=wmo_1991-2020/stat=max/SPEI-01_NDJ_full_min.tif
delete: s3://digital-atlas/domain=climate/type=observational/source=chirps-chirts-era5/region=africa/processing=climatology/variable=PTOT/period=AMJ/clim=wmo_1991-2020/stat=max/SPEI-01_OND_1991-2020_max.tif
delete: s3://digital-atlas/domain=climate/type=observational/source=chirps-chirts-era5/region=africa/processing=climatology/variable=PTOT/period=AMJ/clim=wmo_1991-2020/stat=max/SPEI-01_NDJ_full_sd.tif
delete: s3://digital-atlas/domain=climate/type=observational/source=chirps-chirts-era5/region=africa/processing=climatology/variable=PTOT/period=AMJ/clim=wmo_1991-2020/stat=max/SPEI-01_NDJ_full_mean.tif
delete: s3://digital-atlas/domain=climate/type=observational/source=chirps-chirts-era5/region=africa/processing=climatology/variable=PTOT/period=AMJ/clim=wmo_1991-2020/stat=max/SPEI-01_OND_1991-2020_mean.tif
delete: s3://digital-atlas/domain=climate/type=observational/source=chirps-chirts-era5/region=africa/processing=climatology/variable=PTOT/period=AMJ/clim=wmo_1991-2020/stat=max/SPEI-01_OND_1991-2020_sd.tif
delete: s3://digital-atlas/domain=climate/type=observational/source=chirps-chirts-era5/region=africa/processing=climatology/variable=PTOT/period=AMJ/clim=wmo_1991-2020/stat=max/SPEI-01_OND_1991-2020_min.tif
delete: s3://digital-atlas/domain=climate/type=observational/source=chirps-chirts-era5/region=africa/processing=climatology/variable=PTOT/period=AMJ/clim=wmo_1991-2020/stat=max/SPEI-01_OND_1995-2014_max.tif
delete: s3://digital-atlas/domain=climate/type=observational/source=chirps-chirts-era5/region=africa/processing=climatology/variable=PTOT/period=AMJ/clim=wmo_1991-2020/stat=max/SPEI-01_OND_1995-2014_mean.tif
delete: s3://digital-atlas/domain=climate/type=observational/source=chirps-chirts-era5/region=africa/processing=climatology/variable=PTOT/period=AMJ/clim=wmo_1991-2020/stat=max/SPEI-01_OND_1995-2014_min.tif
delete: s3://digital-atlas/domain=climate/type=observational/source=chirps-chirts-era5/region=africa/processing=climatology/variable=PTOT/period=AMJ/clim=wmo_1991-2020/stat=max/SPEI-01_OND_1995-2014_sd.tif
delete: s3://digital-atlas/domain=climate/type=observational/source=chirps-chirts-era5/region=africa/processing=climatology/variable=PTOT/period=AMJ/clim=wmo_1991-2020/stat=max/SPEI-01_OND_full_max.tif
delete: s3://digital-atlas/domain=climate/type=observational/source=chirps-chirts-era5/region=africa/processing=climatology/variable=PTOT/period=AMJ/clim=wmo_1991-2020/stat=max/SPEI-01_OND_full_mean.tif
delete: s3://digital-atlas/domain=climate/type=observational/source=chirps-chirts-era5/region=africa/processing=climatology/variable=PTOT/period=AMJ/clim=wmo_1991-2020/stat=max/SPEI-01_OND_full_min.tif
delete: s3://digital-atlas/domain=climate/type=observational/source=chirps-chirts-era5/region=africa/processing=climatology/variable=PTOT/period=AMJ/clim=wmo_1991-2020/stat=max/SPEI-01_SON_1991-2020_max.tif
delete: s3://digital-atlas/domain=climate/type=observational/source=chirps-chirts-era5/region=africa/processing=climatology/variable=PTOT/period=AMJ/clim=wmo_1991-2020/stat=max/SPEI-01_OND_full_sd.tif
delete: s3://digital-atlas/domain=climate/type=observational/source=chirps-chirts-era5/region=africa/processing=climatology/variable=PTOT/period=AMJ/clim=wmo_1991-2020/stat=max/SPEI-01_SON_1991-2020_mean.tif
delete: s3://digital-atlas/domain=climate/type=observational/source=chirps-chirts-era5/region=africa/processing=climatology/variable=PTOT/period=AMJ/clim=wmo_1991-2020/stat=max/SPEI-01_SON_1991-2020_min.tif
delete: s3://digital-atlas/domain=climate/type=observational/source=chirps-chirts-era5/region=africa/processing=climatology/variable=PTOT/period=AMJ/clim=wmo_1991-2020/stat=max/SPEI-01_SON_1991-2020_sd.tif
delete: s3://digital-atlas/domain=climate/type=observational/source=chirps-chirts-era5/region=africa/processing=climatology/variable=PTOT/period=AMJ/clim=wmo_1991-2020/stat=max/SPEI-01_SON_1995-2014_max.tif
delete: s3://digital-atlas/domain=climate/type=observational/source=chirps-chirts-era5/region=africa/processing=climatology/variable=PTOT/period=AMJ/clim=wmo_1991-2020/stat=max/SPEI-01_SON_1995-2014_mean.tif
delete: s3://digital-atlas/domain=climate/type=observational/source=chirps-chirts-era5/region=africa/processing=climatology/variable=PTOT/period=AMJ/clim=wmo_1991-2020/stat=max/SPEI-01_SON_1995-2014_min.tif
delete: s3://digital-atlas/domain=climate/type=observational/source=chirps-chirts-era5/region=africa/processing=climatology/variable=PTOT/period=AMJ/clim=wmo_1991-2020/stat=max/SPEI-01_SON_1995-2014_sd.tif
delete: s3://digital-atlas/domain=climate/type=observational/source=chirps-chirts-era5/region=africa/processing=climatology/variable=PTOT/period=AMJ/clim=wmo_1991-2020/stat=max/SPEI-01_SON_full_max.tif
delete: s3://digital-atlas/domain=climate/type=observational/source=chirps-chirts-era5/region=africa/processing=climatology/variable=PTOT/period=AMJ/clim=wmo_1991-2020/stat=max/SPEI-01_SON_full_mean.tif
delete: s3://digital-atlas/domain=climate/type=observational/source=chirps-chirts-era5/region=africa/processing=climatology/variable=PTOT/period=AMJ/clim=wmo_1991-2020/stat=max/SPEI-01_SON_full_sd.tif
delete: s3://digital-atlas/domain=climate/type=observational/source=chirps-chirts-era5/region=africa/processing=climatology/variable=PTOT/period=AMJ/clim=wmo_1991-2020/stat=max/SPEI-01_SON_full_min.tif
delete: s3://digital-atlas/domain=climate/type=observational/source=chirps-chirts-era5/region=africa/processing=climatology/variable=PTOT/period=AMJ/clim=wmo_1991-2020/stat=max/SPEI-01_annual_1991-2020_max.tif
delete: s3://digital-atlas/domain=climate/type=observational/source=chirps-chirts-era5/region=africa/processing=climatology/variable=PTOT/period=AMJ/clim=wmo_1991-2020/stat=max/SPEI-01_annual_1991-2020_mean.tif
delete: s3://digital-atlas/domain=climate/type=observational/source=chirps-chirts-era5/region=africa/processing=climatology/variable=PTOT/period=AMJ/clim=wmo_1991-2020/stat=max/SPEI-01_annual_1991-2020_min.tif
delete: s3://digital-atlas/domain=climate/type=observational/source=chirps-chirts-era5/region=africa/processing=climatology/variable=PTOT/period=AMJ/clim=wmo_1991-2020/stat=max/SPEI-01_annual_1995-2014_max.tif
delete: s3://digital-atlas/domain=climate/type=observational/source=chirps-chirts-era5/region=africa/processing=climatology/variable=PTOT/period=AMJ/clim=wmo_1991-2020/stat=max/SPEI-01_annual_1995-2014_mean.tif
delete: s3://digital-atlas/domain=climate/type=observational/source=chirps-chirts-era5/region=africa/processing=climatology/variable=PTOT/period=AMJ/clim=wmo_1991-2020/stat=max/SPEI-01_annual_1991-2020_sd.tif
delete: s3://digital-atlas/domain=climate/type=observational/source=chirps-chirts-era5/region=africa/processing=climatology/variable=PTOT/period=AMJ/clim=wmo_1991-2020/stat=max/SPEI-01_annual_1995-2014_min.tif
delete: s3://digital-atlas/domain=climate/type=observational/source=chirps-chirts-era5/region=africa/processing=climatology/variable=PTOT/period=AMJ/clim=wmo_1991-2020/stat=max/SPEI-01_annual_1995-2014_sd.tif
delete: s3://digital-atlas/domain=climate/type=observational/source=chirps-chirts-era5/region=africa/processing=climatology/variable=PTOT/period=AMJ/clim=wmo_1991-2020/stat=max/SPEI-01_annual_full_max.tif
delete: s3://digital-atlas/domain=climate/type=observational/source=chirps-chirts-era5/region=africa/processing=climatology/variable=PTOT/period=AMJ/clim=wmo_1991-2020/stat=max/SPEI-01_annual_full_mean.tif
delete: s3://digital-atlas/domain=climate/type=observational/source=chirps-chirts-era5/region=africa/processing=climatology/variable=PTOT/period=AMJ/clim=wmo_1991-2020/stat=max/SPEI-01_annual_full_min.tif
delete: s3://digital-atlas/domain=climate/type=observational/source=chirps-chirts-era5/region=africa/processing=climatology/variable=PTOT/period=AMJ/clim=wmo_1991-2020/stat=max/SPEI-01_annual_full_sd.tif
delete: s3://digital-atlas/domain=climate/type=observational/source=chirps-chirts-era5/region=africa/processing=climatology/variable=PTOT/period=AMJ/clim=wmo_1991-2020/stat=max/SPEI-03_AMJ_1991-2020_max.tif
delete: s3://digital-atlas/domain=climate/type=observational/source=chirps-chirts-era5/region=africa/processing=climatology/variable=PTOT/period=AMJ/clim=wmo_1991-2020/stat=max/SPEI-03_AMJ_1991-2020_mean.tif
delete: s3://digital-atlas/domain=climate/type=observational/source=chirps-chirts-era5/region=africa/processing=climatology/variable=PTOT/period=AMJ/clim=wmo_1991-2020/stat=max/SPEI-03_AMJ_1991-2020_sd.tif
delete: s3://digital-atlas/domain=climate/type=observational/source=chirps-chirts-era5/region=africa/processing=climatology/variable=PTOT/period=AMJ/clim=wmo_1991-2020/stat=max/SPEI-03_AMJ_1991-2020_min.tif
delete: s3://digital-atlas/domain=climate/type=observational/source=chirps-chirts-era5/region=africa/processing=climatology/variable=PTOT/period=AMJ/clim=wmo_1991-2020/stat=max/SPEI-03_AMJ_1995-2014_mean.tif
delete: s3://digital-atlas/domain=climate/type=observational/source=chirps-chirts-era5/region=africa/processing=climatology/variable=PTOT/period=AMJ/clim=wmo_1991-2020/stat=max/SPEI-03_AMJ_1995-2014_max.tif
delete: s3://digital-atlas/domain=climate/type=observational/source=chirps-chirts-era5/region=africa/processing=climatology/variable=PTOT/period=AMJ/clim=wmo_1991-2020/stat=max/SPEI-03_AMJ_1995-2014_min.tif
delete: s3://digital-atlas/domain=climate/type=observational/source=chirps-chirts-era5/region=africa/processing=climatology/variable=PTOT/period=AMJ/clim=wmo_1991-2020/stat=max/SPEI-01_FMA_1995-2014_max.tif
delete: s3://digital-atlas/domain=climate/type=observational/source=chirps-chirts-era5/region=africa/processing=climatology/variable=PTOT/period=AMJ/clim=wmo_1991-2020/stat=max/SPEI-03_AMJ_1995-2014_sd.tif
delete: s3://digital-atlas/domain=climate/type=observational/source=chirps-chirts-era5/region=africa/processing=climatology/variable=PTOT/period=AMJ/clim=wmo_1991-2020/stat=max/SPEI-03_AMJ_full_mean.tif
delete: s3://digital-atlas/domain=climate/type=observational/source=chirps-chirts-era5/region=africa/processing=climatology/variable=PTOT/period=AMJ/clim=wmo_1991-2020/stat=max/SPEI-03_AMJ_full_min.tif
delete: s3://digital-atlas/domain=climate/type=observational/source=chirps-chirts-era5/region=africa/processing=climatology/variable=PTOT/period=AMJ/clim=wmo_1991-2020/stat=max/SPEI-03_AMJ_full_sd.tif
delete: s3://digital-atlas/domain=climate/type=observational/source=chirps-chirts-era5/region=africa/processing=climatology/variable=PTOT/period=AMJ/clim=wmo_1991-2020/stat=max/SPEI-03_ASO_1991-2020_max.tif
delete: s3://digital-atlas/domain=climate/type=observational/source=chirps-chirts-era5/region=africa/processing=climatology/variable=PTOT/period=AMJ/clim=wmo_1991-2020/stat=max/SPEI-03_ASO_1991-2020_mean.tif
delete: s3://digital-atlas/domain=climate/type=observational/source=chirps-chirts-era5/region=africa/processing=climatology/variable=PTOT/period=AMJ/clim=wmo_1991-2020/stat=max/SPEI-03_ASO_1991-2020_min.tif
delete: s3://digital-atlas/domain=climate/type=observational/source=chirps-chirts-era5/region=africa/processing=climatology/variable=PTOT/period=AMJ/clim=wmo_1991-2020/stat=max/SPEI-03_ASO_1991-2020_sd.tif
delete: s3://digital-atlas/domain=climate/type=observational/source=chirps-chirts-era5/region=africa/processing=climatology/variable=PTOT/period=AMJ/clim=wmo_1991-2020/stat=max/SPEI-03_ASO_1995-2014_max.tif
delete: s3://digital-atlas/domain=climate/type=observational/source=chirps-chirts-era5/region=africa/processing=climatology/variable=PTOT/period=AMJ/clim=wmo_1991-2020/stat=max/SPEI-03_ASO_1995-2014_mean.tif
delete: s3://digital-atlas/domain=climate/type=observational/source=chirps-chirts-era5/region=africa/processing=climatology/variable=PTOT/period=AMJ/clim=wmo_1991-2020/stat=max/SPEI-03_ASO_1995-2014_min.tif
delete: s3://digital-atlas/domain=climate/type=observational/source=chirps-chirts-era5/region=africa/processing=climatology/variable=PTOT/period=AMJ/clim=wmo_1991-2020/stat=max/SPEI-03_ASO_1995-2014_sd.tif
delete: s3://digital-atlas/domain=climate/type=observational/source=chirps-chirts-era5/region=africa/processing=climatology/variable=PTOT/period=AMJ/clim=wmo_1991-2020/stat=max/SPEI-03_ASO_full_max.tif
delete: s3://digital-atlas/domain=climate/type=observational/source=chirps-chirts-era5/region=africa/processing=climatology/variable=PTOT/period=AMJ/clim=wmo_1991-2020/stat=max/SPEI-03_ASO_full_mean.tif
delete: s3://digital-atlas/domain=climate/type=observational/source=chirps-chirts-era5/region=africa/processing=climatology/variable=PTOT/period=AMJ/clim=wmo_1991-2020/stat=max/SPEI-03_ASO_full_sd.tif
delete: s3://digital-atlas/domain=climate/type=observational/source=chirps-chirts-era5/region=africa/processing=climatology/variable=PTOT/period=AMJ/clim=wmo_1991-2020/stat=max/SPEI-03_ASO_full_min.tif
delete: s3://digital-atlas/domain=climate/type=observational/source=chirps-chirts-era5/region=africa/processing=climatology/variable=PTOT/period=AMJ/clim=wmo_1991-2020/stat=max/SPEI-03_DJF_1991-2020_max.tif
delete: s3://digital-atlas/domain=climate/type=observational/source=chirps-chirts-era5/region=africa/processing=climatology/variable=PTOT/period=AMJ/clim=wmo_1991-2020/stat=max/SPEI-03_DJF_1991-2020_mean.tif
delete: s3://digital-atlas/domain=climate/type=observational/source=chirps-chirts-era5/region=africa/processing=climatology/variable=PTOT/period=AMJ/clim=wmo_1991-2020/stat=max/SPEI-03_DJF_1991-2020_min.tif
delete: s3://digital-atlas/domain=climate/type=observational/source=chirps-chirts-era5/region=africa/processing=climatology/variable=PTOT/period=AMJ/clim=wmo_1991-2020/stat=max/SPEI-03_DJF_1991-2020_sd.tif
delete: s3://digital-atlas/domain=climate/type=observational/source=chirps-chirts-era5/region=africa/processing=climatology/variable=PTOT/period=AMJ/clim=wmo_1991-2020/stat=max/SPEI-03_DJF_1995-2014_mean.tif
delete: s3://digital-atlas/domain=climate/type=observational/source=chirps-chirts-era5/region=africa/processing=climatology/variable=PTOT/period=AMJ/clim=wmo_1991-2020/stat=max/SPEI-03_DJF_1995-2014_max.tif
delete: s3://digital-atlas/domain=climate/type=observational/source=chirps-chirts-era5/region=africa/processing=climatology/variable=PTOT/period=AMJ/clim=wmo_1991-2020/stat=max/SPEI-03_DJF_1995-2014_min.tif
delete: s3://digital-atlas/domain=climate/type=observational/source=chirps-chirts-era5/region=africa/processing=climatology/variable=PTOT/period=AMJ/clim=wmo_1991-2020/stat=max/SPEI-03_DJF_1995-2014_sd.tif
delete: s3://digital-atlas/domain=climate/type=observational/source=chirps-chirts-era5/region=africa/processing=climatology/variable=PTOT/period=AMJ/clim=wmo_1991-2020/stat=max/SPEI-03_DJF_full_max.tif
delete: s3://digital-atlas/domain=climate/type=observational/source=chirps-chirts-era5/region=africa/processing=climatology/variable=PTOT/period=AMJ/clim=wmo_1991-2020/stat=max/SPEI-03_DJF_full_min.tif
delete: s3://digital-atlas/domain=climate/type=observational/source=chirps-chirts-era5/region=africa/processing=climatology/variable=PTOT/period=AMJ/clim=wmo_1991-2020/stat=max/SPEI-03_DJF_full_mean.tif
delete: s3://digital-atlas/domain=climate/type=observational/source=chirps-chirts-era5/region=africa/processing=climatology/variable=PTOT/period=AMJ/clim=wmo_1991-2020/stat=max/SPEI-03_FMA_1991-2020_max.tif
delete: s3://digital-atlas/domain=climate/type=observational/source=chirps-chirts-era5/region=africa/processing=climatology/variable=PTOT/period=AMJ/clim=wmo_1991-2020/stat=max/SPEI-03_DJF_full_sd.tif
delete: s3://digital-atlas/domain=climate/type=observational/source=chirps-chirts-era5/region=africa/processing=climatology/variable=PTOT/period=AMJ/clim=wmo_1991-2020/stat=max/SPEI-03_FMA_1991-2020_mean.tif
delete: s3://digital-atlas/domain=climate/type=observational/source=chirps-chirts-era5/region=africa/processing=climatology/variable=PTOT/period=AMJ/clim=wmo_1991-2020/stat=max/SPEI-03_FMA_1991-2020_min.tif
delete: s3://digital-atlas/domain=climate/type=observational/source=chirps-chirts-era5/region=africa/processing=climatology/variable=PTOT/period=AMJ/clim=wmo_1991-2020/stat=max/SPEI-03_FMA_1991-2020_sd.tif
delete: s3://digital-atlas/domain=climate/type=observational/source=chirps-chirts-era5/region=africa/processing=climatology/variable=PTOT/period=AMJ/clim=wmo_1991-2020/stat=max/SPEI-03_FMA_1995-2014_max.tif
delete: s3://digital-atlas/domain=climate/type=observational/source=chirps-chirts-era5/region=africa/processing=climatology/variable=PTOT/period=AMJ/clim=wmo_1991-2020/stat=max/SPEI-03_FMA_1995-2014_mean.tif
delete: s3://digital-atlas/domain=climate/type=observational/source=chirps-chirts-era5/region=africa/processing=climatology/variable=PTOT/period=AMJ/clim=wmo_1991-2020/stat=max/SPEI-03_FMA_1995-2014_sd.tif
delete: s3://digital-atlas/domain=climate/type=observational/source=chirps-chirts-era5/region=africa/processing=climatology/variable=PTOT/period=AMJ/clim=wmo_1991-2020/stat=max/SPEI-03_FMA_1995-2014_min.tif
delete: s3://digital-atlas/domain=climate/type=observational/source=chirps-chirts-era5/region=africa/processing=climatology/variable=PTOT/period=AMJ/clim=wmo_1991-2020/stat=max/SPEI-03_FMA_full_max.tif
delete: s3://digital-atlas/domain=climate/type=observational/source=chirps-chirts-era5/region=africa/processing=climatology/variable=PTOT/period=AMJ/clim=wmo_1991-2020/stat=max/SPEI-03_FMA_full_min.tif
delete: s3://digital-atlas/domain=climate/type=observational/source=chirps-chirts-era5/region=africa/processing=climatology/variable=PTOT/period=AMJ/clim=wmo_1991-2020/stat=max/SPEI-03_FMA_full_sd.tif
delete: s3://digital-atlas/domain=climate/type=observational/source=chirps-chirts-era5/region=africa/processing=climatology/variable=PTOT/period=AMJ/clim=wmo_1991-2020/stat=max/SPEI-03_FMA_full_mean.tif
delete: s3://digital-atlas/domain=climate/type=observational/source=chirps-chirts-era5/region=africa/processing=climatology/variable=PTOT/period=AMJ/clim=wmo_1991-2020/stat=max/SPEI-03_JAS_1991-2020_max.tif
delete: s3://digital-atlas/domain=climate/type=observational/source=chirps-chirts-era5/region=africa/processing=climatology/variable=PTOT/period=AMJ/clim=wmo_1991-2020/stat=max/SPEI-03_JAS_1991-2020_mean.tif
delete: s3://digital-atlas/domain=climate/type=observational/source=chirps-chirts-era5/region=africa/processing=climatology/variable=PTOT/period=AMJ/clim=wmo_1991-2020/stat=max/SPEI-03_JAS_1991-2020_min.tif
delete: s3://digital-atlas/domain=climate/type=observational/source=chirps-chirts-era5/region=africa/processing=climatology/variable=PTOT/period=AMJ/clim=wmo_1991-2020/stat=max/SPEI-03_JAS_1991-2020_sd.tif
delete: s3://digital-atlas/domain=climate/type=observational/source=chirps-chirts-era5/region=africa/processing=climatology/variable=PTOT/period=AMJ/clim=wmo_1991-2020/stat=max/SPEI-03_JAS_1995-2014_max.tif
delete: s3://digital-atlas/domain=climate/type=observational/source=chirps-chirts-era5/region=africa/processing=climatology/variable=PTOT/period=AMJ/clim=wmo_1991-2020/stat=max/SPEI-03_JAS_1995-2014_mean.tif
delete: s3://digital-atlas/domain=climate/type=observational/source=chirps-chirts-era5/region=africa/processing=climatology/variable=PTOT/period=AMJ/clim=wmo_1991-2020/stat=max/SPEI-03_JAS_1995-2014_min.tif
delete: s3://digital-atlas/domain=climate/type=observational/source=chirps-chirts-era5/region=africa/processing=climatology/variable=PTOT/period=AMJ/clim=wmo_1991-2020/stat=max/SPEI-03_JAS_full_max.tif
delete: s3://digital-atlas/domain=climate/type=observational/source=chirps-chirts-era5/region=africa/processing=climatology/variable=PTOT/period=AMJ/clim=wmo_1991-2020/stat=max/SPEI-03_JAS_full_min.tif
delete: s3://digital-atlas/domain=climate/type=observational/source=chirps-chirts-era5/region=africa/processing=climatology/variable=PTOT/period=AMJ/clim=wmo_1991-2020/stat=max/SPEI-03_JAS_1995-2014_sd.tif
delete: s3://digital-atlas/domain=climate/type=observational/source=chirps-chirts-era5/region=africa/processing=climatology/variable=PTOT/period=AMJ/clim=wmo_1991-2020/stat=max/SPEI-03_JAS_full_mean.tif
delete: s3://digital-atlas/domain=climate/type=observational/source=chirps-chirts-era5/region=africa/processing=climatology/variable=PTOT/period=AMJ/clim=wmo_1991-2020/stat=max/SPEI-03_JAS_full_sd.tif
delete: s3://digital-atlas/domain=climate/type=observational/source=chirps-chirts-era5/region=africa/processing=climatology/variable=PTOT/period=AMJ/clim=wmo_1991-2020/stat=max/SPEI-03_JFM_1991-2020_max.tif
delete: s3://digital-atlas/domain=climate/type=observational/source=chirps-chirts-era5/region=africa/processing=climatology/variable=PTOT/period=AMJ/clim=wmo_1991-2020/stat=max/SPEI-03_JFM_1991-2020_mean.tif
delete: s3://digital-atlas/domain=climate/type=observational/source=chirps-chirts-era5/region=africa/processing=climatology/variable=PTOT/period=AMJ/clim=wmo_1991-2020/stat=max/SPEI-03_JFM_1991-2020_min.tif
delete: s3://digital-atlas/domain=climate/type=observational/source=chirps-chirts-era5/region=africa/processing=climatology/variable=PTOT/period=AMJ/clim=wmo_1991-2020/stat=max/SPEI-03_JFM_1991-2020_sd.tif
delete: s3://digital-atlas/domain=climate/type=observational/source=chirps-chirts-era5/region=africa/processing=climatology/variable=PTOT/period=AMJ/clim=wmo_1991-2020/stat=max/SPEI-03_JFM_1995-2014_max.tif
delete: s3://digital-atlas/domain=climate/type=observational/source=chirps-chirts-era5/region=africa/processing=climatology/variable=PTOT/period=AMJ/clim=wmo_1991-2020/stat=max/SPEI-03_JFM_1995-2014_mean.tif
delete: s3://digital-atlas/domain=climate/type=observational/source=chirps-chirts-era5/region=africa/processing=climatology/variable=PTOT/period=AMJ/clim=wmo_1991-2020/stat=max/SPEI-03_JFM_1995-2014_min.tif
delete: s3://digital-atlas/domain=climate/type=observational/source=chirps-chirts-era5/region=africa/processing=climatology/variable=PTOT/period=AMJ/clim=wmo_1991-2020/stat=max/SPEI-03_JFM_full_mean.tif
delete: s3://digital-atlas/domain=climate/type=observational/source=chirps-chirts-era5/region=africa/processing=climatology/variable=PTOT/period=AMJ/clim=wmo_1991-2020/stat=max/SPEI-03_JFM_full_max.tif
delete: s3://digital-atlas/domain=climate/type=observational/source=chirps-chirts-era5/region=africa/processing=climatology/variable=PTOT/period=AMJ/clim=wmo_1991-2020/stat=max/SPEI-03_JFM_1995-2014_sd.tif
delete: s3://digital-atlas/domain=climate/type=observational/source=chirps-chirts-era5/region=africa/processing=climatology/variable=PTOT/period=AMJ/clim=wmo_1991-2020/stat=max/SPEI-03_JFM_full_min.tif
delete: s3://digital-atlas/domain=climate/type=observational/source=chirps-chirts-era5/region=africa/processing=climatology/variable=PTOT/period=AMJ/clim=wmo_1991-2020/stat=max/SPEI-03_JFM_full_sd.tif
delete: s3://digital-atlas/domain=climate/type=observational/source=chirps-chirts-era5/region=africa/processing=climatology/variable=PTOT/period=AMJ/clim=wmo_1991-2020/stat=max/SPEI-03_JJA_1991-2020_max.tif
delete: s3://digital-atlas/domain=climate/type=observational/source=chirps-chirts-era5/region=africa/processing=climatology/variable=PTOT/period=AMJ/clim=wmo_1991-2020/stat=max/SPEI-03_JJA_1991-2020_mean.tif
delete: s3://digital-atlas/domain=climate/type=observational/source=chirps-chirts-era5/region=africa/processing=climatology/variable=PTOT/period=AMJ/clim=wmo_1991-2020/stat=max/SPEI-03_JJA_1991-2020_min.tif
delete: s3://digital-atlas/domain=climate/type=observational/source=chirps-chirts-era5/region=africa/processing=climatology/variable=PTOT/period=AMJ/clim=wmo_1991-2020/stat=max/SPEI-03_JJA_1991-2020_sd.tif
delete: s3://digital-atlas/domain=climate/type=observational/source=chirps-chirts-era5/region=africa/processing=climatology/variable=PTOT/period=AMJ/clim=wmo_1991-2020/stat=max/SPEI-03_AMJ_full_max.tif
delete: s3://digital-atlas/domain=climate/type=observational/source=chirps-chirts-era5/region=africa/processing=climatology/variable=PTOT/period=AMJ/clim=wmo_1991-2020/stat=max/SPEI-03_JJA_1995-2014_max.tif
delete: s3://digital-atlas/domain=climate/type=observational/source=chirps-chirts-era5/region=africa/processing=climatology/variable=PTOT/period=AMJ/clim=wmo_1991-2020/stat=max/SPEI-03_JJA_1995-2014_min.tif
delete: s3://digital-atlas/domain=climate/type=observational/source=chirps-chirts-era5/region=africa/processing=climatology/variable=PTOT/period=AMJ/clim=wmo_1991-2020/stat=max/SPEI-03_JJA_1995-2014_mean.tif
delete: s3://digital-atlas/domain=climate/type=observational/source=chirps-chirts-era5/region=africa/processing=climatology/variable=PTOT/period=AMJ/clim=wmo_1991-2020/stat=max/SPEI-03_JJA_1995-2014_sd.tif
delete: s3://digital-atlas/domain=climate/type=observational/source=chirps-chirts-era5/region=africa/processing=climatology/variable=PTOT/period=AMJ/clim=wmo_1991-2020/stat=max/SPEI-03_JJA_full_max.tif
delete: s3://digital-atlas/domain=climate/type=observational/source=chirps-chirts-era5/region=africa/processing=climatology/variable=PTOT/period=AMJ/clim=wmo_1991-2020/stat=max/SPEI-03_JJA_full_mean.tif
delete: s3://digital-atlas/domain=climate/type=observational/source=chirps-chirts-era5/region=africa/processing=climatology/variable=PTOT/period=AMJ/clim=wmo_1991-2020/stat=max/SPEI-03_JJA_full_min.tif
delete: s3://digital-atlas/domain=climate/type=observational/source=chirps-chirts-era5/region=africa/processing=climatology/variable=PTOT/period=AMJ/clim=wmo_1991-2020/stat=max/SPEI-03_JJA_full_sd.tif
delete: s3://digital-atlas/domain=climate/type=observational/source=chirps-chirts-era5/region=africa/processing=climatology/variable=PTOT/period=AMJ/clim=wmo_1991-2020/stat=max/SPEI-03_MAM_1991-2020_max.tif
delete: s3://digital-atlas/domain=climate/type=observational/source=chirps-chirts-era5/region=africa/processing=climatology/variable=PTOT/period=AMJ/clim=wmo_1991-2020/stat=max/SPEI-03_MAM_1991-2020_min.tif
delete: s3://digital-atlas/domain=climate/type=observational/source=chirps-chirts-era5/region=africa/processing=climatology/variable=PTOT/period=AMJ/clim=wmo_1991-2020/stat=max/SPEI-03_MAM_1991-2020_mean.tif
delete: s3://digital-atlas/domain=climate/type=observational/source=chirps-chirts-era5/region=africa/processing=climatology/variable=PTOT/period=AMJ/clim=wmo_1991-2020/stat=max/SPEI-03_MAM_1991-2020_sd.tif
delete: s3://digital-atlas/domain=climate/type=observational/source=chirps-chirts-era5/region=africa/processing=climatology/variable=PTOT/period=AMJ/clim=wmo_1991-2020/stat=max/SPEI-03_MAM_1995-2014_max.tif
delete: s3://digital-atlas/domain=climate/type=observational/source=chirps-chirts-era5/region=africa/processing=climatology/variable=PTOT/period=AMJ/clim=wmo_1991-2020/stat=max/SPEI-03_MAM_1995-2014_mean.tif
delete: s3://digital-atlas/domain=climate/type=observational/source=chirps-chirts-era5/region=africa/processing=climatology/variable=PTOT/period=AMJ/clim=wmo_1991-2020/stat=max/SPEI-03_MAM_1995-2014_min.tif
delete: s3://digital-atlas/domain=climate/type=observational/source=chirps-chirts-era5/region=africa/processing=climatology/variable=PTOT/period=AMJ/clim=wmo_1991-2020/stat=max/SPEI-03_MAM_1995-2014_sd.tif
delete: s3://digital-atlas/domain=climate/type=observational/source=chirps-chirts-era5/region=africa/processing=climatology/variable=PTOT/period=AMJ/clim=wmo_1991-2020/stat=max/SPEI-03_MAM_full_max.tif
delete: s3://digital-atlas/domain=climate/type=observational/source=chirps-chirts-era5/region=africa/processing=climatology/variable=PTOT/period=AMJ/clim=wmo_1991-2020/stat=max/SPEI-03_MAM_full_mean.tif
delete: s3://digital-atlas/domain=climate/type=observational/source=chirps-chirts-era5/region=africa/processing=climatology/variable=PTOT/period=AMJ/clim=wmo_1991-2020/stat=max/SPEI-03_MAM_full_min.tif
delete: s3://digital-atlas/domain=climate/type=observational/source=chirps-chirts-era5/region=africa/processing=climatology/variable=PTOT/period=AMJ/clim=wmo_1991-2020/stat=max/SPEI-03_MAM_full_sd.tif
delete: s3://digital-atlas/domain=climate/type=observational/source=chirps-chirts-era5/region=africa/processing=climatology/variable=PTOT/period=AMJ/clim=wmo_1991-2020/stat=max/SPEI-03_MJJ_1991-2020_mean.tif
delete: s3://digital-atlas/domain=climate/type=observational/source=chirps-chirts-era5/region=africa/processing=climatology/variable=PTOT/period=AMJ/clim=wmo_1991-2020/stat=max/SPEI-03_MJJ_1991-2020_max.tif
delete: s3://digital-atlas/domain=climate/type=observational/source=chirps-chirts-era5/region=africa/processing=climatology/variable=PTOT/period=AMJ/clim=wmo_1991-2020/stat=max/SPEI-03_MJJ_1991-2020_min.tif
delete: s3://digital-atlas/domain=climate/type=observational/source=chirps-chirts-era5/region=africa/processing=climatology/variable=PTOT/period=AMJ/clim=wmo_1991-2020/stat=max/SPEI-03_MJJ_1995-2014_max.tif
delete: s3://digital-atlas/domain=climate/type=observational/source=chirps-chirts-era5/region=africa/processing=climatology/variable=PTOT/period=AMJ/clim=wmo_1991-2020/stat=max/SPEI-03_MJJ_1991-2020_sd.tif
delete: s3://digital-atlas/domain=climate/type=observational/source=chirps-chirts-era5/region=africa/processing=climatology/variable=PTOT/period=AMJ/clim=wmo_1991-2020/stat=max/SPEI-03_MJJ_1995-2014_mean.tif
delete: s3://digital-atlas/domain=climate/type=observational/source=chirps-chirts-era5/region=africa/processing=climatology/variable=PTOT/period=AMJ/clim=wmo_1991-2020/stat=max/SPEI-03_MJJ_1995-2014_min.tif
delete: s3://digital-atlas/domain=climate/type=observational/source=chirps-chirts-era5/region=africa/processing=climatology/variable=PTOT/period=AMJ/clim=wmo_1991-2020/stat=max/SPEI-03_MJJ_1995-2014_sd.tif
delete: s3://digital-atlas/domain=climate/type=observational/source=chirps-chirts-era5/region=africa/processing=climatology/variable=PTOT/period=AMJ/clim=wmo_1991-2020/stat=max/SPEI-03_MJJ_full_max.tif
delete: s3://digital-atlas/domain=climate/type=observational/source=chirps-chirts-era5/region=africa/processing=climatology/variable=PTOT/period=AMJ/clim=wmo_1991-2020/stat=max/SPEI-03_MJJ_full_mean.tif
delete: s3://digital-atlas/domain=climate/type=observational/source=chirps-chirts-era5/region=africa/processing=climatology/variable=PTOT/period=AMJ/clim=wmo_1991-2020/stat=max/SPEI-03_MJJ_full_sd.tif
delete: s3://digital-atlas/domain=climate/type=observational/source=chirps-chirts-era5/region=africa/processing=climatology/variable=PTOT/period=AMJ/clim=wmo_1991-2020/stat=max/SPEI-03_MJJ_full_min.tif
delete: s3://digital-atlas/domain=climate/type=observational/source=chirps-chirts-era5/region=africa/processing=climatology/variable=PTOT/period=AMJ/clim=wmo_1991-2020/stat=max/SPEI-03_NDJ_1991-2020_max.tif
delete: s3://digital-atlas/domain=climate/type=observational/source=chirps-chirts-era5/region=africa/processing=climatology/variable=PTOT/period=AMJ/clim=wmo_1991-2020/stat=max/SPEI-03_NDJ_1991-2020_mean.tif
delete: s3://digital-atlas/domain=climate/type=observational/source=chirps-chirts-era5/region=africa/processing=climatology/variable=PTOT/period=AMJ/clim=wmo_1991-2020/stat=max/SPEI-03_NDJ_1991-2020_sd.tif
delete: s3://digital-atlas/domain=climate/type=observational/source=chirps-chirts-era5/region=africa/processing=climatology/variable=PTOT/period=AMJ/clim=wmo_1991-2020/stat=max/SPEI-03_NDJ_1991-2020_min.tif
delete: s3://digital-atlas/domain=climate/type=observational/source=chirps-chirts-era5/region=africa/processing=climatology/variable=PTOT/period=AMJ/clim=wmo_1991-2020/stat=max/SPEI-03_NDJ_1995-2014_max.tif
delete: s3://digital-atlas/domain=climate/type=observational/source=chirps-chirts-era5/region=africa/processing=climatology/variable=PTOT/period=AMJ/clim=wmo_1991-2020/stat=max/SPEI-03_NDJ_1995-2014_mean.tif
delete: s3://digital-atlas/domain=climate/type=observational/source=chirps-chirts-era5/region=africa/processing=climatology/variable=PTOT/period=AMJ/clim=wmo_1991-2020/stat=max/SPEI-03_NDJ_1995-2014_min.tif
delete: s3://digital-atlas/domain=climate/type=observational/source=chirps-chirts-era5/region=africa/processing=climatology/variable=PTOT/period=AMJ/clim=wmo_1991-2020/stat=max/SPEI-03_NDJ_full_max.tif
delete: s3://digital-atlas/domain=climate/type=observational/source=chirps-chirts-era5/region=africa/processing=climatology/variable=PTOT/period=AMJ/clim=wmo_1991-2020/stat=max/SPEI-03_NDJ_full_min.tif
delete: s3://digital-atlas/domain=climate/type=observational/source=chirps-chirts-era5/region=africa/processing=climatology/variable=PTOT/period=AMJ/clim=wmo_1991-2020/stat=max/SPEI-03_NDJ_full_mean.tif
delete: s3://digital-atlas/domain=climate/type=observational/source=chirps-chirts-era5/region=africa/processing=climatology/variable=PTOT/period=AMJ/clim=wmo_1991-2020/stat=max/SPEI-03_NDJ_1995-2014_sd.tif
delete: s3://digital-atlas/domain=climate/type=observational/source=chirps-chirts-era5/region=africa/processing=climatology/variable=PTOT/period=AMJ/clim=wmo_1991-2020/stat=max/SPEI-03_NDJ_full_sd.tif
delete: s3://digital-atlas/domain=climate/type=observational/source=chirps-chirts-era5/region=africa/processing=climatology/variable=PTOT/period=AMJ/clim=wmo_1991-2020/stat=max/SPEI-03_OND_1991-2020_max.tif
delete: s3://digital-atlas/domain=climate/type=observational/source=chirps-chirts-era5/region=africa/processing=climatology/variable=PTOT/period=AMJ/clim=wmo_1991-2020/stat=max/SPEI-03_OND_1991-2020_min.tif
delete: s3://digital-atlas/domain=climate/type=observational/source=chirps-chirts-era5/region=africa/processing=climatology/variable=PTOT/period=AMJ/clim=wmo_1991-2020/stat=max/SPEI-03_OND_1991-2020_mean.tif
delete: s3://digital-atlas/domain=climate/type=observational/source=chirps-chirts-era5/region=africa/processing=climatology/variable=PTOT/period=AMJ/clim=wmo_1991-2020/stat=max/SPEI-03_OND_1991-2020_sd.tif
delete: s3://digital-atlas/domain=climate/type=observational/source=chirps-chirts-era5/region=africa/processing=climatology/variable=PTOT/period=AMJ/clim=wmo_1991-2020/stat=max/SPEI-03_OND_1995-2014_max.tif
delete: s3://digital-atlas/domain=climate/type=observational/source=chirps-chirts-era5/region=africa/processing=climatology/variable=PTOT/period=AMJ/clim=wmo_1991-2020/stat=max/SPEI-03_OND_1995-2014_mean.tif
delete: s3://digital-atlas/domain=climate/type=observational/source=chirps-chirts-era5/region=africa/processing=climatology/variable=PTOT/period=AMJ/clim=wmo_1991-2020/stat=max/SPEI-03_OND_1995-2014_min.tif
delete: s3://digital-atlas/domain=climate/type=observational/source=chirps-chirts-era5/region=africa/processing=climatology/variable=PTOT/period=AMJ/clim=wmo_1991-2020/stat=max/SPEI-03_OND_full_max.tif
delete: s3://digital-atlas/domain=climate/type=observational/source=chirps-chirts-era5/region=africa/processing=climatology/variable=PTOT/period=AMJ/clim=wmo_1991-2020/stat=max/SPEI-03_OND_1995-2014_sd.tif
delete: s3://digital-atlas/domain=climate/type=observational/source=chirps-chirts-era5/region=africa/processing=climatology/variable=PTOT/period=AMJ/clim=wmo_1991-2020/stat=max/SPEI-03_OND_full_mean.tif
delete: s3://digital-atlas/domain=climate/type=observational/source=chirps-chirts-era5/region=africa/processing=climatology/variable=PTOT/period=AMJ/clim=wmo_1991-2020/stat=max/SPEI-03_OND_full_min.tif
delete: s3://digital-atlas/domain=climate/type=observational/source=chirps-chirts-era5/region=africa/processing=climatology/variable=PTOT/period=AMJ/clim=wmo_1991-2020/stat=max/SPEI-03_OND_full_sd.tif
delete: s3://digital-atlas/domain=climate/type=observational/source=chirps-chirts-era5/region=africa/processing=climatology/variable=PTOT/period=AMJ/clim=wmo_1991-2020/stat=max/SPEI-03_SON_1991-2020_max.tif
delete: s3://digital-atlas/domain=climate/type=observational/source=chirps-chirts-era5/region=africa/processing=climatology/variable=PTOT/period=AMJ/clim=wmo_1991-2020/stat=max/SPEI-03_SON_1991-2020_min.tif
delete: s3://digital-atlas/domain=climate/type=observational/source=chirps-chirts-era5/region=africa/processing=climatology/variable=PTOT/period=AMJ/clim=wmo_1991-2020/stat=max/SPEI-03_SON_1991-2020_sd.tif
delete: s3://digital-atlas/domain=climate/type=observational/source=chirps-chirts-era5/region=africa/processing=climatology/variable=PTOT/period=AMJ/clim=wmo_1991-2020/stat=max/SPEI-03_SON_1991-2020_mean.tif
delete: s3://digital-atlas/domain=climate/type=observational/source=chirps-chirts-era5/region=africa/processing=climatology/variable=PTOT/period=AMJ/clim=wmo_1991-2020/stat=max/SPEI-03_SON_1995-2014_max.tif
delete: s3://digital-atlas/domain=climate/type=observational/source=chirps-chirts-era5/region=africa/processing=climatology/variable=PTOT/period=AMJ/clim=wmo_1991-2020/stat=max/SPEI-03_SON_1995-2014_mean.tif
delete: s3://digital-atlas/domain=climate/type=observational/source=chirps-chirts-era5/region=africa/processing=climatology/variable=PTOT/period=AMJ/clim=wmo_1991-2020/stat=max/SPEI-03_SON_1995-2014_min.tif
delete: s3://digital-atlas/domain=climate/type=observational/source=chirps-chirts-era5/region=africa/processing=climatology/variable=PTOT/period=AMJ/clim=wmo_1991-2020/stat=max/SPEI-03_SON_1995-2014_sd.tif
delete: s3://digital-atlas/domain=climate/type=observational/source=chirps-chirts-era5/region=africa/processing=climatology/variable=PTOT/period=AMJ/clim=wmo_1991-2020/stat=max/SPEI-03_SON_full_max.tif
delete: s3://digital-atlas/domain=climate/type=observational/source=chirps-chirts-era5/region=africa/processing=climatology/variable=PTOT/period=AMJ/clim=wmo_1991-2020/stat=max/SPEI-03_SON_full_min.tif
delete: s3://digital-atlas/domain=climate/type=observational/source=chirps-chirts-era5/region=africa/processing=climatology/variable=PTOT/period=AMJ/clim=wmo_1991-2020/stat=max/SPEI-03_SON_full_sd.tif
delete: s3://digital-atlas/domain=climate/type=observational/source=chirps-chirts-era5/region=africa/processing=climatology/variable=PTOT/period=AMJ/clim=wmo_1991-2020/stat=max/SPEI-01_FMA_1991-2020_mean.tif
delete: s3://digital-atlas/domain=climate/type=observational/source=chirps-chirts-era5/region=africa/processing=climatology/variable=PTOT/period=AMJ/clim=wmo_1991-2020/stat=max/SPEI-01_FMA_1995-2014_mean.tif
delete: s3://digital-atlas/domain=climate/type=observational/source=chirps-chirts-era5/region=africa/processing=climatology/variable=PTOT/period=AMJ/clim=wmo_1991-2020/stat=max/SPEI-01_NDJ_1991-2020_sd.tif
delete: s3://digital-atlas/domain=climate/type=observational/source=chirps-chirts-era5/region=africa/processing=climatology/variable=PTOT/period=AMJ/clim=wmo_1991-2020/stat=max/SPEI-03_annual_1991-2020_max.tif
delete: s3://digital-atlas/domain=climate/type=observational/source=chirps-chirts-era5/region=africa/processing=climatology/variable=PTOT/period=AMJ/clim=wmo_1991-2020/stat=max/SPEI-03_SON_full_mean.tif
delete: s3://digital-atlas/domain=climate/type=observational/source=chirps-chirts-era5/region=africa/processing=climatology/variable=PTOT/period=AMJ/clim=wmo_1991-2020/stat=max/SPEI-03_annual_1995-2014_mean.tif
delete: s3://digital-atlas/domain=climate/type=observational/source=chirps-chirts-era5/region=africa/processing=climatology/variable=PTOT/period=AMJ/clim=wmo_1991-2020/stat=max/SPEI-03_annual_1995-2014_min.tif
delete: s3://digital-atlas/domain=climate/type=observational/source=chirps-chirts-era5/region=africa/processing=climatology/variable=PTOT/period=AMJ/clim=wmo_1991-2020/stat=max/SPEI-03_annual_1995-2014_sd.tif
delete: s3://digital-atlas/domain=climate/type=observational/source=chirps-chirts-era5/region=africa/processing=climatology/variable=PTOT/period=AMJ/clim=wmo_1991-2020/stat=max/SPEI-03_annual_full_min.tif
delete: s3://digital-atlas/domain=climate/type=observational/source=chirps-chirts-era5/region=africa/processing=climatology/variable=PTOT/period=AMJ/clim=wmo_1991-2020/stat=max/SPEI-03_annual_full_mean.tif
delete: s3://digital-atlas/domain=climate/type=observational/source=chirps-chirts-era5/region=africa/processing=climatology/variable=PTOT/period=AMJ/clim=wmo_1991-2020/stat=max/SPEI-03_annual_full_max.tif
delete: s3://digital-atlas/domain=climate/type=observational/source=chirps-chirts-era5/region=africa/processing=climatology/variable=PTOT/period=AMJ/clim=wmo_1991-2020/stat=max/SPEI-03_annual_full_sd.tif
delete: s3://digital-atlas/domain=climate/type=observational/source=chirps-chirts-era5/region=africa/processing=climatology/variable=PTOT/period=AMJ/clim=wmo_1991-2020/stat=max/SPEI-06_AMJ_1991-2020_mean.tif
delete: s3://digital-atlas/domain=climate/type=observational/source=chirps-chirts-era5/region=africa/processing=climatology/variable=PTOT/period=AMJ/clim=wmo_1991-2020/stat=max/SPEI-06_AMJ_1991-2020_max.tif
delete: s3://digital-atlas/domain=climate/type=observational/source=chirps-chirts-era5/region=africa/processing=climatology/variable=PTOT/period=AMJ/clim=wmo_1991-2020/stat=max/SPEI-06_AMJ_1991-2020_min.tif
delete: s3://digital-atlas/domain=climate/type=observational/source=chirps-chirts-era5/region=africa/processing=climatology/variable=PTOT/period=AMJ/clim=wmo_1991-2020/stat=max/SPEI-06_AMJ_1991-2020_sd.tif
delete: s3://digital-atlas/domain=climate/type=observational/source=chirps-chirts-era5/region=africa/processing=climatology/variable=PTOT/period=AMJ/clim=wmo_1991-2020/stat=max/SPEI-06_AMJ_1995-2014_max.tif
delete: s3://digital-atlas/domain=climate/type=observational/source=chirps-chirts-era5/region=africa/processing=climatology/variable=PTOT/period=AMJ/clim=wmo_1991-2020/stat=max/SPEI-06_AMJ_1995-2014_mean.tif
delete: s3://digital-atlas/domain=climate/type=observational/source=chirps-chirts-era5/region=africa/processing=climatology/variable=PTOT/period=AMJ/clim=wmo_1991-2020/stat=max/SPEI-06_AMJ_1995-2014_min.tif
delete: s3://digital-atlas/domain=climate/type=observational/source=chirps-chirts-era5/region=africa/processing=climatology/variable=PTOT/period=AMJ/clim=wmo_1991-2020/stat=max/SPEI-06_AMJ_1995-2014_sd.tif
delete: s3://digital-atlas/domain=climate/type=observational/source=chirps-chirts-era5/region=africa/processing=climatology/variable=PTOT/period=AMJ/clim=wmo_1991-2020/stat=max/SPEI-06_AMJ_full_max.tif
delete: s3://digital-atlas/domain=climate/type=observational/source=chirps-chirts-era5/region=africa/processing=climatology/variable=PTOT/period=AMJ/clim=wmo_1991-2020/stat=max/SPEI-06_AMJ_full_mean.tif
delete: s3://digital-atlas/domain=climate/type=observational/source=chirps-chirts-era5/region=africa/processing=climatology/variable=PTOT/period=AMJ/clim=wmo_1991-2020/stat=max/SPEI-06_AMJ_full_min.tif
delete: s3://digital-atlas/domain=climate/type=observational/source=chirps-chirts-era5/region=africa/processing=climatology/variable=PTOT/period=AMJ/clim=wmo_1991-2020/stat=max/SPEI-06_AMJ_full_sd.tif
delete: s3://digital-atlas/domain=climate/type=observational/source=chirps-chirts-era5/region=africa/processing=climatology/variable=PTOT/period=AMJ/clim=wmo_1991-2020/stat=max/SPEI-06_ASO_1991-2020_mean.tif
delete: s3://digital-atlas/domain=climate/type=observational/source=chirps-chirts-era5/region=africa/processing=climatology/variable=PTOT/period=AMJ/clim=wmo_1991-2020/stat=max/SPEI-06_ASO_1991-2020_max.tif
delete: s3://digital-atlas/domain=climate/type=observational/source=chirps-chirts-era5/region=africa/processing=climatology/variable=PTOT/period=AMJ/clim=wmo_1991-2020/stat=max/SPEI-06_ASO_1991-2020_min.tif
delete: s3://digital-atlas/domain=climate/type=observational/source=chirps-chirts-era5/region=africa/processing=climatology/variable=PTOT/period=AMJ/clim=wmo_1991-2020/stat=max/SPEI-06_ASO_1991-2020_sd.tif
delete: s3://digital-atlas/domain=climate/type=observational/source=chirps-chirts-era5/region=africa/processing=climatology/variable=PTOT/period=AMJ/clim=wmo_1991-2020/stat=max/SPEI-06_ASO_1995-2014_max.tif
delete: s3://digital-atlas/domain=climate/type=observational/source=chirps-chirts-era5/region=africa/processing=climatology/variable=PTOT/period=AMJ/clim=wmo_1991-2020/stat=max/SPEI-06_ASO_1995-2014_min.tif
delete: s3://digital-atlas/domain=climate/type=observational/source=chirps-chirts-era5/region=africa/processing=climatology/variable=PTOT/period=AMJ/clim=wmo_1991-2020/stat=max/SPEI-06_ASO_1995-2014_mean.tif
delete: s3://digital-atlas/domain=climate/type=observational/source=chirps-chirts-era5/region=africa/processing=climatology/variable=PTOT/period=AMJ/clim=wmo_1991-2020/stat=max/SPEI-06_ASO_1995-2014_sd.tif
delete: s3://digital-atlas/domain=climate/type=observational/source=chirps-chirts-era5/region=africa/processing=climatology/variable=PTOT/period=AMJ/clim=wmo_1991-2020/stat=max/SPEI-06_ASO_full_max.tif
delete: s3://digital-atlas/domain=climate/type=observational/source=chirps-chirts-era5/region=africa/processing=climatology/variable=PTOT/period=AMJ/clim=wmo_1991-2020/stat=max/SPEI-06_ASO_full_mean.tif
delete: s3://digital-atlas/domain=climate/type=observational/source=chirps-chirts-era5/region=africa/processing=climatology/variable=PTOT/period=AMJ/clim=wmo_1991-2020/stat=max/SPEI-06_ASO_full_min.tif
delete: s3://digital-atlas/domain=climate/type=observational/source=chirps-chirts-era5/region=africa/processing=climatology/variable=PTOT/period=AMJ/clim=wmo_1991-2020/stat=max/SPEI-06_DJF_1991-2020_max.tif
delete: s3://digital-atlas/domain=climate/type=observational/source=chirps-chirts-era5/region=africa/processing=climatology/variable=PTOT/period=AMJ/clim=wmo_1991-2020/stat=max/SPEI-06_ASO_full_sd.tif
delete: s3://digital-atlas/domain=climate/type=observational/source=chirps-chirts-era5/region=africa/processing=climatology/variable=PTOT/period=AMJ/clim=wmo_1991-2020/stat=max/SPEI-06_DJF_1991-2020_mean.tif
delete: s3://digital-atlas/domain=climate/type=observational/source=chirps-chirts-era5/region=africa/processing=climatology/variable=PTOT/period=AMJ/clim=wmo_1991-2020/stat=max/SPEI-06_DJF_1991-2020_sd.tif
delete: s3://digital-atlas/domain=climate/type=observational/source=chirps-chirts-era5/region=africa/processing=climatology/variable=PTOT/period=AMJ/clim=wmo_1991-2020/stat=max/SPEI-06_DJF_1991-2020_min.tif
delete: s3://digital-atlas/domain=climate/type=observational/source=chirps-chirts-era5/region=africa/processing=climatology/variable=PTOT/period=AMJ/clim=wmo_1991-2020/stat=max/SPEI-06_DJF_1995-2014_max.tif
delete: s3://digital-atlas/domain=climate/type=observational/source=chirps-chirts-era5/region=africa/processing=climatology/variable=PTOT/period=AMJ/clim=wmo_1991-2020/stat=max/SPEI-06_DJF_1995-2014_mean.tif
delete: s3://digital-atlas/domain=climate/type=observational/source=chirps-chirts-era5/region=africa/processing=climatology/variable=PTOT/period=AMJ/clim=wmo_1991-2020/stat=max/SPEI-06_DJF_1995-2014_min.tif
delete: s3://digital-atlas/domain=climate/type=observational/source=chirps-chirts-era5/region=africa/processing=climatology/variable=PTOT/period=AMJ/clim=wmo_1991-2020/stat=max/SPEI-06_DJF_1995-2014_sd.tif
delete: s3://digital-atlas/domain=climate/type=observational/source=chirps-chirts-era5/region=africa/processing=climatology/variable=PTOT/period=AMJ/clim=wmo_1991-2020/stat=max/SPEI-06_DJF_full_max.tif
delete: s3://digital-atlas/domain=climate/type=observational/source=chirps-chirts-era5/region=africa/processing=climatology/variable=PTOT/period=AMJ/clim=wmo_1991-2020/stat=max/SPEI-06_DJF_full_mean.tif
delete: s3://digital-atlas/domain=climate/type=observational/source=chirps-chirts-era5/region=africa/processing=climatology/variable=PTOT/period=AMJ/clim=wmo_1991-2020/stat=max/SPEI-06_DJF_full_min.tif
delete: s3://digital-atlas/domain=climate/type=observational/source=chirps-chirts-era5/region=africa/processing=climatology/variable=PTOT/period=AMJ/clim=wmo_1991-2020/stat=max/SPEI-06_DJF_full_sd.tif
delete: s3://digital-atlas/domain=climate/type=observational/source=chirps-chirts-era5/region=africa/processing=climatology/variable=PTOT/period=AMJ/clim=wmo_1991-2020/stat=max/SPEI-06_FMA_1991-2020_max.tif
delete: s3://digital-atlas/domain=climate/type=observational/source=chirps-chirts-era5/region=africa/processing=climatology/variable=PTOT/period=AMJ/clim=wmo_1991-2020/stat=max/SPEI-06_FMA_1991-2020_mean.tif
delete: s3://digital-atlas/domain=climate/type=observational/source=chirps-chirts-era5/region=africa/processing=climatology/variable=PTOT/period=AMJ/clim=wmo_1991-2020/stat=max/SPEI-06_FMA_1991-2020_min.tif
delete: s3://digital-atlas/domain=climate/type=observational/source=chirps-chirts-era5/region=africa/processing=climatology/variable=PTOT/period=AMJ/clim=wmo_1991-2020/stat=max/SPEI-06_FMA_1995-2014_max.tif
delete: s3://digital-atlas/domain=climate/type=observational/source=chirps-chirts-era5/region=africa/processing=climatology/variable=PTOT/period=AMJ/clim=wmo_1991-2020/stat=max/SPEI-06_FMA_1995-2014_mean.tif
delete: s3://digital-atlas/domain=climate/type=observational/source=chirps-chirts-era5/region=africa/processing=climatology/variable=PTOT/period=AMJ/clim=wmo_1991-2020/stat=max/SPEI-06_FMA_1991-2020_sd.tif
delete: s3://digital-atlas/domain=climate/type=observational/source=chirps-chirts-era5/region=africa/processing=climatology/variable=PTOT/period=AMJ/clim=wmo_1991-2020/stat=max/SPEI-06_FMA_1995-2014_min.tif
delete: s3://digital-atlas/domain=climate/type=observational/source=chirps-chirts-era5/region=africa/processing=climatology/variable=PTOT/period=AMJ/clim=wmo_1991-2020/stat=max/SPEI-06_FMA_1995-2014_sd.tif
delete: s3://digital-atlas/domain=climate/type=observational/source=chirps-chirts-era5/region=africa/processing=climatology/variable=PTOT/period=AMJ/clim=wmo_1991-2020/stat=max/SPEI-06_FMA_full_max.tif
delete: s3://digital-atlas/domain=climate/type=observational/source=chirps-chirts-era5/region=africa/processing=climatology/variable=PTOT/period=AMJ/clim=wmo_1991-2020/stat=max/SPEI-06_FMA_full_mean.tif
delete: s3://digital-atlas/domain=climate/type=observational/source=chirps-chirts-era5/region=africa/processing=climatology/variable=PTOT/period=AMJ/clim=wmo_1991-2020/stat=max/SPEI-06_FMA_full_min.tif
delete: s3://digital-atlas/domain=climate/type=observational/source=chirps-chirts-era5/region=africa/processing=climatology/variable=PTOT/period=AMJ/clim=wmo_1991-2020/stat=max/SPEI-06_FMA_full_sd.tif
delete: s3://digital-atlas/domain=climate/type=observational/source=chirps-chirts-era5/region=africa/processing=climatology/variable=PTOT/period=AMJ/clim=wmo_1991-2020/stat=max/SPEI-06_JAS_1991-2020_max.tif
delete: s3://digital-atlas/domain=climate/type=observational/source=chirps-chirts-era5/region=africa/processing=climatology/variable=PTOT/period=AMJ/clim=wmo_1991-2020/stat=max/SPEI-06_JAS_1991-2020_mean.tif
delete: s3://digital-atlas/domain=climate/type=observational/source=chirps-chirts-era5/region=africa/processing=climatology/variable=PTOT/period=AMJ/clim=wmo_1991-2020/stat=max/SPEI-06_JAS_1991-2020_min.tif
delete: s3://digital-atlas/domain=climate/type=observational/source=chirps-chirts-era5/region=africa/processing=climatology/variable=PTOT/period=AMJ/clim=wmo_1991-2020/stat=max/SPEI-06_JAS_1991-2020_sd.tif
delete: s3://digital-atlas/domain=climate/type=observational/source=chirps-chirts-era5/region=africa/processing=climatology/variable=PTOT/period=AMJ/clim=wmo_1991-2020/stat=max/SPEI-06_JAS_1995-2014_mean.tif
delete: s3://digital-atlas/domain=climate/type=observational/source=chirps-chirts-era5/region=africa/processing=climatology/variable=PTOT/period=AMJ/clim=wmo_1991-2020/stat=max/SPEI-06_JAS_1995-2014_max.tif
delete: s3://digital-atlas/domain=climate/type=observational/source=chirps-chirts-era5/region=africa/processing=climatology/variable=PTOT/period=AMJ/clim=wmo_1991-2020/stat=max/SPEI-06_JAS_1995-2014_min.tif
delete: s3://digital-atlas/domain=climate/type=observational/source=chirps-chirts-era5/region=africa/processing=climatology/variable=PTOT/period=AMJ/clim=wmo_1991-2020/stat=max/SPEI-06_JAS_1995-2014_sd.tif
delete: s3://digital-atlas/domain=climate/type=observational/source=chirps-chirts-era5/region=africa/processing=climatology/variable=PTOT/period=AMJ/clim=wmo_1991-2020/stat=max/SPEI-06_JAS_full_max.tif
delete: s3://digital-atlas/domain=climate/type=observational/source=chirps-chirts-era5/region=africa/processing=climatology/variable=PTOT/period=AMJ/clim=wmo_1991-2020/stat=max/SPEI-06_JAS_full_mean.tif
delete: s3://digital-atlas/domain=climate/type=observational/source=chirps-chirts-era5/region=africa/processing=climatology/variable=PTOT/period=AMJ/clim=wmo_1991-2020/stat=max/SPEI-06_JAS_full_min.tif
delete: s3://digital-atlas/domain=climate/type=observational/source=chirps-chirts-era5/region=africa/processing=climatology/variable=PTOT/period=AMJ/clim=wmo_1991-2020/stat=max/SPEI-06_JAS_full_sd.tif
delete: s3://digital-atlas/domain=climate/type=observational/source=chirps-chirts-era5/region=africa/processing=climatology/variable=PTOT/period=AMJ/clim=wmo_1991-2020/stat=max/SPEI-06_JFM_1991-2020_max.tif
delete: s3://digital-atlas/domain=climate/type=observational/source=chirps-chirts-era5/region=africa/processing=climatology/variable=PTOT/period=AMJ/clim=wmo_1991-2020/stat=max/SPEI-03_annual_1991-2020_mean.tif
delete: s3://digital-atlas/domain=climate/type=observational/source=chirps-chirts-era5/region=africa/processing=climatology/variable=PTOT/period=AMJ/clim=wmo_1991-2020/stat=max/SPEI-06_JFM_1991-2020_mean.tif
delete: s3://digital-atlas/domain=climate/type=observational/source=chirps-chirts-era5/region=africa/processing=climatology/variable=PTOT/period=AMJ/clim=wmo_1991-2020/stat=max/SPEI-06_JFM_1991-2020_min.tif
delete: s3://digital-atlas/domain=climate/type=observational/source=chirps-chirts-era5/region=africa/processing=climatology/variable=PTOT/period=AMJ/clim=wmo_1991-2020/stat=max/SPEI-06_JFM_1991-2020_sd.tif
delete: s3://digital-atlas/domain=climate/type=observational/source=chirps-chirts-era5/region=africa/processing=climatology/variable=PTOT/period=AMJ/clim=wmo_1991-2020/stat=max/SPEI-06_JFM_1995-2014_max.tif
delete: s3://digital-atlas/domain=climate/type=observational/source=chirps-chirts-era5/region=africa/processing=climatology/variable=PTOT/period=AMJ/clim=wmo_1991-2020/stat=max/SPEI-06_JFM_1995-2014_mean.tif
delete: s3://digital-atlas/domain=climate/type=observational/source=chirps-chirts-era5/region=africa/processing=climatology/variable=PTOT/period=AMJ/clim=wmo_1991-2020/stat=max/SPEI-06_JFM_1995-2014_min.tif
delete: s3://digital-atlas/domain=climate/type=observational/source=chirps-chirts-era5/region=africa/processing=climatology/variable=PTOT/period=AMJ/clim=wmo_1991-2020/stat=max/SPEI-06_JFM_1995-2014_sd.tif
delete: s3://digital-atlas/domain=climate/type=observational/source=chirps-chirts-era5/region=africa/processing=climatology/variable=PTOT/period=AMJ/clim=wmo_1991-2020/stat=max/SPEI-06_JFM_full_mean.tif
delete: s3://digital-atlas/domain=climate/type=observational/source=chirps-chirts-era5/region=africa/processing=climatology/variable=PTOT/period=AMJ/clim=wmo_1991-2020/stat=max/SPEI-06_JFM_full_sd.tif
delete: s3://digital-atlas/domain=climate/type=observational/source=chirps-chirts-era5/region=africa/processing=climatology/variable=PTOT/period=AMJ/clim=wmo_1991-2020/stat=max/SPEI-06_JFM_full_min.tif
delete: s3://digital-atlas/domain=climate/type=observational/source=chirps-chirts-era5/region=africa/processing=climatology/variable=PTOT/period=AMJ/clim=wmo_1991-2020/stat=max/SPEI-06_JFM_full_max.tif
delete: s3://digital-atlas/domain=climate/type=observational/source=chirps-chirts-era5/region=africa/processing=climatology/variable=PTOT/period=AMJ/clim=wmo_1991-2020/stat=max/SPEI-06_JJA_1991-2020_max.tif
delete: s3://digital-atlas/domain=climate/type=observational/source=chirps-chirts-era5/region=africa/processing=climatology/variable=PTOT/period=AMJ/clim=wmo_1991-2020/stat=max/SPEI-06_JJA_1991-2020_mean.tif
delete: s3://digital-atlas/domain=climate/type=observational/source=chirps-chirts-era5/region=africa/processing=climatology/variable=PTOT/period=AMJ/clim=wmo_1991-2020/stat=max/SPEI-06_JJA_1991-2020_min.tif
delete: s3://digital-atlas/domain=climate/type=observational/source=chirps-chirts-era5/region=africa/processing=climatology/variable=PTOT/period=AMJ/clim=wmo_1991-2020/stat=max/SPEI-06_JJA_1991-2020_sd.tif
delete: s3://digital-atlas/domain=climate/type=observational/source=chirps-chirts-era5/region=africa/processing=climatology/variable=PTOT/period=AMJ/clim=wmo_1991-2020/stat=max/SPEI-06_JJA_1995-2014_max.tif
delete: s3://digital-atlas/domain=climate/type=observational/source=chirps-chirts-era5/region=africa/processing=climatology/variable=PTOT/period=AMJ/clim=wmo_1991-2020/stat=max/SPEI-06_JJA_1995-2014_mean.tif
delete: s3://digital-atlas/domain=climate/type=observational/source=chirps-chirts-era5/region=africa/processing=climatology/variable=PTOT/period=AMJ/clim=wmo_1991-2020/stat=max/SPEI-06_JJA_1995-2014_min.tif
delete: s3://digital-atlas/domain=climate/type=observational/source=chirps-chirts-era5/region=africa/processing=climatology/variable=PTOT/period=AMJ/clim=wmo_1991-2020/stat=max/SPEI-06_JJA_1995-2014_sd.tif
delete: s3://digital-atlas/domain=climate/type=observational/source=chirps-chirts-era5/region=africa/processing=climatology/variable=PTOT/period=AMJ/clim=wmo_1991-2020/stat=max/SPEI-06_JJA_full_max.tif
delete: s3://digital-atlas/domain=climate/type=observational/source=chirps-chirts-era5/region=africa/processing=climatology/variable=PTOT/period=AMJ/clim=wmo_1991-2020/stat=max/SPEI-06_JJA_full_mean.tif
delete: s3://digital-atlas/domain=climate/type=observational/source=chirps-chirts-era5/region=africa/processing=climatology/variable=PTOT/period=AMJ/clim=wmo_1991-2020/stat=max/SPEI-06_JJA_full_min.tif
delete: s3://digital-atlas/domain=climate/type=observational/source=chirps-chirts-era5/region=africa/processing=climatology/variable=PTOT/period=AMJ/clim=wmo_1991-2020/stat=max/SPEI-06_MAM_1991-2020_max.tif
delete: s3://digital-atlas/domain=climate/type=observational/source=chirps-chirts-era5/region=africa/processing=climatology/variable=PTOT/period=AMJ/clim=wmo_1991-2020/stat=max/SPEI-06_JJA_full_sd.tif
delete: s3://digital-atlas/domain=climate/type=observational/source=chirps-chirts-era5/region=africa/processing=climatology/variable=PTOT/period=AMJ/clim=wmo_1991-2020/stat=max/SPEI-06_MAM_1991-2020_mean.tif
delete: s3://digital-atlas/domain=climate/type=observational/source=chirps-chirts-era5/region=africa/processing=climatology/variable=PTOT/period=AMJ/clim=wmo_1991-2020/stat=max/SPEI-06_MAM_1991-2020_min.tif
delete: s3://digital-atlas/domain=climate/type=observational/source=chirps-chirts-era5/region=africa/processing=climatology/variable=PTOT/period=AMJ/clim=wmo_1991-2020/stat=max/SPEI-06_MAM_1991-2020_sd.tif
delete: s3://digital-atlas/domain=climate/type=observational/source=chirps-chirts-era5/region=africa/processing=climatology/variable=PTOT/period=AMJ/clim=wmo_1991-2020/stat=max/SPEI-06_MAM_1995-2014_max.tif
delete: s3://digital-atlas/domain=climate/type=observational/source=chirps-chirts-era5/region=africa/processing=climatology/variable=PTOT/period=AMJ/clim=wmo_1991-2020/stat=max/SPEI-06_MAM_1995-2014_mean.tif
delete: s3://digital-atlas/domain=climate/type=observational/source=chirps-chirts-era5/region=africa/processing=climatology/variable=PTOT/period=AMJ/clim=wmo_1991-2020/stat=max/SPEI-06_MAM_1995-2014_min.tif
delete: s3://digital-atlas/domain=climate/type=observational/source=chirps-chirts-era5/region=africa/processing=climatology/variable=PTOT/period=AMJ/clim=wmo_1991-2020/stat=max/SPEI-06_MAM_1995-2014_sd.tif
delete: s3://digital-atlas/domain=climate/type=observational/source=chirps-chirts-era5/region=africa/processing=climatology/variable=PTOT/period=AMJ/clim=wmo_1991-2020/stat=max/SPEI-06_MAM_full_max.tif
delete: s3://digital-atlas/domain=climate/type=observational/source=chirps-chirts-era5/region=africa/processing=climatology/variable=PTOT/period=AMJ/clim=wmo_1991-2020/stat=max/SPEI-06_MAM_full_mean.tif
delete: s3://digital-atlas/domain=climate/type=observational/source=chirps-chirts-era5/region=africa/processing=climatology/variable=PTOT/period=AMJ/clim=wmo_1991-2020/stat=max/SPEI-06_MAM_full_min.tif
delete: s3://digital-atlas/domain=climate/type=observational/source=chirps-chirts-era5/region=africa/processing=climatology/variable=PTOT/period=AMJ/clim=wmo_1991-2020/stat=max/SPEI-06_MAM_full_sd.tif
delete: s3://digital-atlas/domain=climate/type=observational/source=chirps-chirts-era5/region=africa/processing=climatology/variable=PTOT/period=AMJ/clim=wmo_1991-2020/stat=max/SPEI-06_MJJ_1991-2020_max.tif
delete: s3://digital-atlas/domain=climate/type=observational/source=chirps-chirts-era5/region=africa/processing=climatology/variable=PTOT/period=AMJ/clim=wmo_1991-2020/stat=max/SPEI-06_MJJ_1991-2020_mean.tif
delete: s3://digital-atlas/domain=climate/type=observational/source=chirps-chirts-era5/region=africa/processing=climatology/variable=PTOT/period=AMJ/clim=wmo_1991-2020/stat=max/SPEI-06_MJJ_1991-2020_min.tif
delete: s3://digital-atlas/domain=climate/type=observational/source=chirps-chirts-era5/region=africa/processing=climatology/variable=PTOT/period=AMJ/clim=wmo_1991-2020/stat=max/SPEI-06_MJJ_1991-2020_sd.tif
delete: s3://digital-atlas/domain=climate/type=observational/source=chirps-chirts-era5/region=africa/processing=climatology/variable=PTOT/period=AMJ/clim=wmo_1991-2020/stat=max/SPEI-06_MJJ_1995-2014_max.tif
delete: s3://digital-atlas/domain=climate/type=observational/source=chirps-chirts-era5/region=africa/processing=climatology/variable=PTOT/period=AMJ/clim=wmo_1991-2020/stat=max/SPEI-06_MJJ_1995-2014_min.tif
delete: s3://digital-atlas/domain=climate/type=observational/source=chirps-chirts-era5/region=africa/processing=climatology/variable=PTOT/period=AMJ/clim=wmo_1991-2020/stat=max/SPEI-06_MJJ_1995-2014_mean.tif
delete: s3://digital-atlas/domain=climate/type=observational/source=chirps-chirts-era5/region=africa/processing=climatology/variable=PTOT/period=AMJ/clim=wmo_1991-2020/stat=max/SPEI-06_MJJ_full_max.tif
delete: s3://digital-atlas/domain=climate/type=observational/source=chirps-chirts-era5/region=africa/processing=climatology/variable=PTOT/period=AMJ/clim=wmo_1991-2020/stat=max/SPEI-06_MJJ_1995-2014_sd.tif
delete: s3://digital-atlas/domain=climate/type=observational/source=chirps-chirts-era5/region=africa/processing=climatology/variable=PTOT/period=AMJ/clim=wmo_1991-2020/stat=max/SPEI-06_MJJ_full_mean.tif
delete: s3://digital-atlas/domain=climate/type=observational/source=chirps-chirts-era5/region=africa/processing=climatology/variable=PTOT/period=AMJ/clim=wmo_1991-2020/stat=max/SPEI-06_MJJ_full_min.tif
delete: s3://digital-atlas/domain=climate/type=observational/source=chirps-chirts-era5/region=africa/processing=climatology/variable=PTOT/period=AMJ/clim=wmo_1991-2020/stat=max/SPEI-06_MJJ_full_sd.tif
delete: s3://digital-atlas/domain=climate/type=observational/source=chirps-chirts-era5/region=africa/processing=climatology/variable=PTOT/period=AMJ/clim=wmo_1991-2020/stat=max/SPEI-06_NDJ_1991-2020_max.tif
delete: s3://digital-atlas/domain=climate/type=observational/source=chirps-chirts-era5/region=africa/processing=climatology/variable=PTOT/period=AMJ/clim=wmo_1991-2020/stat=max/SPEI-06_NDJ_1991-2020_min.tif
delete: s3://digital-atlas/domain=climate/type=observational/source=chirps-chirts-era5/region=africa/processing=climatology/variable=PTOT/period=AMJ/clim=wmo_1991-2020/stat=max/SPEI-06_NDJ_1991-2020_mean.tif
delete: s3://digital-atlas/domain=climate/type=observational/source=chirps-chirts-era5/region=africa/processing=climatology/variable=PTOT/period=AMJ/clim=wmo_1991-2020/stat=max/SPEI-06_NDJ_1995-2014_max.tif
delete: s3://digital-atlas/domain=climate/type=observational/source=chirps-chirts-era5/region=africa/processing=climatology/variable=PTOT/period=AMJ/clim=wmo_1991-2020/stat=max/SPEI-06_NDJ_1991-2020_sd.tif
delete: s3://digital-atlas/domain=climate/type=observational/source=chirps-chirts-era5/region=africa/processing=climatology/variable=PTOT/period=AMJ/clim=wmo_1991-2020/stat=max/SPEI-06_NDJ_1995-2014_mean.tif
delete: s3://digital-atlas/domain=climate/type=observational/source=chirps-chirts-era5/region=africa/processing=climatology/variable=PTOT/period=AMJ/clim=wmo_1991-2020/stat=max/SPEI-06_NDJ_1995-2014_min.tif
delete: s3://digital-atlas/domain=climate/type=observational/source=chirps-chirts-era5/region=africa/processing=climatology/variable=PTOT/period=AMJ/clim=wmo_1991-2020/stat=max/SPEI-06_NDJ_1995-2014_sd.tif
delete: s3://digital-atlas/domain=climate/type=observational/source=chirps-chirts-era5/region=africa/processing=climatology/variable=PTOT/period=AMJ/clim=wmo_1991-2020/stat=max/SPEI-06_NDJ_full_max.tif
delete: s3://digital-atlas/domain=climate/type=observational/source=chirps-chirts-era5/region=africa/processing=climatology/variable=PTOT/period=AMJ/clim=wmo_1991-2020/stat=max/SPEI-06_NDJ_full_mean.tif
delete: s3://digital-atlas/domain=climate/type=observational/source=chirps-chirts-era5/region=africa/processing=climatology/variable=PTOT/period=AMJ/clim=wmo_1991-2020/stat=max/SPEI-06_NDJ_full_sd.tif
delete: s3://digital-atlas/domain=climate/type=observational/source=chirps-chirts-era5/region=africa/processing=climatology/variable=PTOT/period=AMJ/clim=wmo_1991-2020/stat=max/SPEI-06_OND_1991-2020_max.tif
delete: s3://digital-atlas/domain=climate/type=observational/source=chirps-chirts-era5/region=africa/processing=climatology/variable=PTOT/period=AMJ/clim=wmo_1991-2020/stat=max/SPEI-06_NDJ_full_min.tif
delete: s3://digital-atlas/domain=climate/type=observational/source=chirps-chirts-era5/region=africa/processing=climatology/variable=PTOT/period=AMJ/clim=wmo_1991-2020/stat=max/SPEI-06_OND_1991-2020_mean.tif
delete: s3://digital-atlas/domain=climate/type=observational/source=chirps-chirts-era5/region=africa/processing=climatology/variable=PTOT/period=AMJ/clim=wmo_1991-2020/stat=max/SPEI-06_OND_1991-2020_sd.tif
delete: s3://digital-atlas/domain=climate/type=observational/source=chirps-chirts-era5/region=africa/processing=climatology/variable=PTOT/period=AMJ/clim=wmo_1991-2020/stat=max/SPEI-06_OND_1991-2020_min.tif
delete: s3://digital-atlas/domain=climate/type=observational/source=chirps-chirts-era5/region=africa/processing=climatology/variable=PTOT/period=AMJ/clim=wmo_1991-2020/stat=max/SPEI-06_OND_1995-2014_max.tif
delete: s3://digital-atlas/domain=climate/type=observational/source=chirps-chirts-era5/region=africa/processing=climatology/variable=PTOT/period=AMJ/clim=wmo_1991-2020/stat=max/SPEI-06_OND_1995-2014_mean.tif
delete: s3://digital-atlas/domain=climate/type=observational/source=chirps-chirts-era5/region=africa/processing=climatology/variable=PTOT/period=AMJ/clim=wmo_1991-2020/stat=max/SPEI-06_OND_1995-2014_min.tif
delete: s3://digital-atlas/domain=climate/type=observational/source=chirps-chirts-era5/region=africa/processing=climatology/variable=PTOT/period=AMJ/clim=wmo_1991-2020/stat=max/SPEI-06_OND_full_max.tif
delete: s3://digital-atlas/domain=climate/type=observational/source=chirps-chirts-era5/region=africa/processing=climatology/variable=PTOT/period=AMJ/clim=wmo_1991-2020/stat=max/SPEI-06_OND_1995-2014_sd.tif
delete: s3://digital-atlas/domain=climate/type=observational/source=chirps-chirts-era5/region=africa/processing=climatology/variable=PTOT/period=AMJ/clim=wmo_1991-2020/stat=max/SPEI-06_OND_full_min.tif
delete: s3://digital-atlas/domain=climate/type=observational/source=chirps-chirts-era5/region=africa/processing=climatology/variable=PTOT/period=AMJ/clim=wmo_1991-2020/stat=max/SPEI-06_OND_full_sd.tif
delete: s3://digital-atlas/domain=climate/type=observational/source=chirps-chirts-era5/region=africa/processing=climatology/variable=PTOT/period=AMJ/clim=wmo_1991-2020/stat=max/SPEI-06_SON_1991-2020_mean.tif
delete: s3://digital-atlas/domain=climate/type=observational/source=chirps-chirts-era5/region=africa/processing=climatology/variable=PTOT/period=AMJ/clim=wmo_1991-2020/stat=max/SPEI-06_SON_1991-2020_min.tif
delete: s3://digital-atlas/domain=climate/type=observational/source=chirps-chirts-era5/region=africa/processing=climatology/variable=PTOT/period=AMJ/clim=wmo_1991-2020/stat=max/SPEI-06_OND_full_mean.tif
delete: s3://digital-atlas/domain=climate/type=observational/source=chirps-chirts-era5/region=africa/processing=climatology/variable=PTOT/period=AMJ/clim=wmo_1991-2020/stat=max/SPEI-06_SON_1991-2020_max.tif
delete: s3://digital-atlas/domain=climate/type=observational/source=chirps-chirts-era5/region=africa/processing=climatology/variable=PTOT/period=AMJ/clim=wmo_1991-2020/stat=max/SPEI-06_SON_1991-2020_sd.tif
delete: s3://digital-atlas/domain=climate/type=observational/source=chirps-chirts-era5/region=africa/processing=climatology/variable=PTOT/period=AMJ/clim=wmo_1991-2020/stat=max/SPEI-06_SON_1995-2014_max.tif
delete: s3://digital-atlas/domain=climate/type=observational/source=chirps-chirts-era5/region=africa/processing=climatology/variable=PTOT/period=AMJ/clim=wmo_1991-2020/stat=max/SPEI-06_SON_1995-2014_mean.tif
delete: s3://digital-atlas/domain=climate/type=observational/source=chirps-chirts-era5/region=africa/processing=climatology/variable=PTOT/period=AMJ/clim=wmo_1991-2020/stat=max/SPEI-06_SON_1995-2014_min.tif
delete: s3://digital-atlas/domain=climate/type=observational/source=chirps-chirts-era5/region=africa/processing=climatology/variable=PTOT/period=AMJ/clim=wmo_1991-2020/stat=max/SPEI-06_SON_1995-2014_sd.tif
delete: s3://digital-atlas/domain=climate/type=observational/source=chirps-chirts-era5/region=africa/processing=climatology/variable=PTOT/period=AMJ/clim=wmo_1991-2020/stat=max/SPEI-06_SON_full_max.tif
delete: s3://digital-atlas/domain=climate/type=observational/source=chirps-chirts-era5/region=africa/processing=climatology/variable=PTOT/period=AMJ/clim=wmo_1991-2020/stat=max/SPEI-06_SON_full_min.tif
delete: s3://digital-atlas/domain=climate/type=observational/source=chirps-chirts-era5/region=africa/processing=climatology/variable=PTOT/period=AMJ/clim=wmo_1991-2020/stat=max/SPEI-06_SON_full_mean.tif
delete: s3://digital-atlas/domain=climate/type=observational/source=chirps-chirts-era5/region=africa/processing=climatology/variable=PTOT/period=AMJ/clim=wmo_1991-2020/stat=max/SPEI-06_SON_full_sd.tif
delete: s3://digital-atlas/domain=climate/type=observational/source=chirps-chirts-era5/region=africa/processing=climatology/variable=PTOT/period=AMJ/clim=wmo_1991-2020/stat=max/SPEI-06_annual_1991-2020_max.tif
delete: s3://digital-atlas/domain=climate/type=observational/source=chirps-chirts-era5/region=africa/processing=climatology/variable=PTOT/period=AMJ/clim=wmo_1991-2020/stat=max/SPEI-06_annual_1991-2020_mean.tif
delete: s3://digital-atlas/domain=climate/type=observational/source=chirps-chirts-era5/region=africa/processing=climatology/variable=PTOT/period=AMJ/clim=wmo_1991-2020/stat=max/SPEI-06_annual_1991-2020_min.tif
delete: s3://digital-atlas/domain=climate/type=observational/source=chirps-chirts-era5/region=africa/processing=climatology/variable=PTOT/period=AMJ/clim=wmo_1991-2020/stat=max/SPEI-06_annual_1991-2020_sd.tif
delete: s3://digital-atlas/domain=climate/type=observational/source=chirps-chirts-era5/region=africa/processing=climatology/variable=PTOT/period=AMJ/clim=wmo_1991-2020/stat=max/SPEI-06_annual_1995-2014_max.tif
delete: s3://digital-atlas/domain=climate/type=observational/source=chirps-chirts-era5/region=africa/processing=climatology/variable=PTOT/period=AMJ/clim=wmo_1991-2020/stat=max/SPEI-06_annual_1995-2014_mean.tif
delete: s3://digital-atlas/domain=climate/type=observational/source=chirps-chirts-era5/region=africa/processing=climatology/variable=PTOT/period=AMJ/clim=wmo_1991-2020/stat=max/SPEI-06_annual_1995-2014_min.tif
delete: s3://digital-atlas/domain=climate/type=observational/source=chirps-chirts-era5/region=africa/processing=climatology/variable=PTOT/period=AMJ/clim=wmo_1991-2020/stat=max/SPEI-06_annual_1995-2014_sd.tif
delete: s3://digital-atlas/domain=climate/type=observational/source=chirps-chirts-era5/region=africa/processing=climatology/variable=PTOT/period=AMJ/clim=wmo_1991-2020/stat=max/SPEI-06_annual_full_mean.tif
delete: s3://digital-atlas/domain=climate/type=observational/source=chirps-chirts-era5/region=africa/processing=climatology/variable=PTOT/period=AMJ/clim=wmo_1991-2020/stat=max/SPEI-06_annual_full_min.tif
delete: s3://digital-atlas/domain=climate/type=observational/source=chirps-chirts-era5/region=africa/processing=climatology/variable=PTOT/period=AMJ/clim=wmo_1991-2020/stat=max/SPEI-06_annual_full_max.tif
delete: s3://digital-atlas/domain=climate/type=observational/source=chirps-chirts-era5/region=africa/processing=climatology/variable=PTOT/period=AMJ/clim=wmo_1991-2020/stat=max/SPEI-06_annual_full_sd.tif
delete: s3://digital-atlas/domain=climate/type=observational/source=chirps-chirts-era5/region=africa/processing=climatology/variable=PTOT/period=AMJ/clim=wmo_1991-2020/stat=max/SPEI-12_AMJ_1991-2020_max.tif
delete: s3://digital-atlas/domain=climate/type=observational/source=chirps-chirts-era5/region=africa/processing=climatology/variable=PTOT/period=AMJ/clim=wmo_1991-2020/stat=max/SPEI-12_AMJ_1991-2020_mean.tif
delete: s3://digital-atlas/domain=climate/type=observational/source=chirps-chirts-era5/region=africa/processing=climatology/variable=PTOT/period=AMJ/clim=wmo_1991-2020/stat=max/SPEI-12_AMJ_1991-2020_min.tif
delete: s3://digital-atlas/domain=climate/type=observational/source=chirps-chirts-era5/region=africa/processing=climatology/variable=PTOT/period=AMJ/clim=wmo_1991-2020/stat=max/SPEI-12_AMJ_1991-2020_sd.tif
delete: s3://digital-atlas/domain=climate/type=observational/source=chirps-chirts-era5/region=africa/processing=climatology/variable=PTOT/period=AMJ/clim=wmo_1991-2020/stat=max/SPEI-12_AMJ_1995-2014_max.tif
delete: s3://digital-atlas/domain=climate/type=observational/source=chirps-chirts-era5/region=africa/processing=climatology/variable=PTOT/period=AMJ/clim=wmo_1991-2020/stat=max/SPEI-12_AMJ_1995-2014_mean.tif
delete: s3://digital-atlas/domain=climate/type=observational/source=chirps-chirts-era5/region=africa/processing=climatology/variable=PTOT/period=AMJ/clim=wmo_1991-2020/stat=max/SPEI-12_AMJ_1995-2014_min.tif
delete: s3://digital-atlas/domain=climate/type=observational/source=chirps-chirts-era5/region=africa/processing=climatology/variable=PTOT/period=AMJ/clim=wmo_1991-2020/stat=max/SPEI-12_AMJ_1995-2014_sd.tif
delete: s3://digital-atlas/domain=climate/type=observational/source=chirps-chirts-era5/region=africa/processing=climatology/variable=PTOT/period=AMJ/clim=wmo_1991-2020/stat=max/SPEI-12_AMJ_full_mean.tif
delete: s3://digital-atlas/domain=climate/type=observational/source=chirps-chirts-era5/region=africa/processing=climatology/variable=PTOT/period=AMJ/clim=wmo_1991-2020/stat=max/SPEI-12_AMJ_full_max.tif
delete: s3://digital-atlas/domain=climate/type=observational/source=chirps-chirts-era5/region=africa/processing=climatology/variable=PTOT/period=AMJ/clim=wmo_1991-2020/stat=max/SPEI-12_AMJ_full_min.tif
delete: s3://digital-atlas/domain=climate/type=observational/source=chirps-chirts-era5/region=africa/processing=climatology/variable=PTOT/period=AMJ/clim=wmo_1991-2020/stat=max/SPEI-12_AMJ_full_sd.tif
delete: s3://digital-atlas/domain=climate/type=observational/source=chirps-chirts-era5/region=africa/processing=climatology/variable=PTOT/period=AMJ/clim=wmo_1991-2020/stat=max/SPEI-12_ASO_1991-2020_max.tif
delete: s3://digital-atlas/domain=climate/type=observational/source=chirps-chirts-era5/region=africa/processing=climatology/variable=PTOT/period=AMJ/clim=wmo_1991-2020/stat=max/SPEI-12_ASO_1991-2020_mean.tif
delete: s3://digital-atlas/domain=climate/type=observational/source=chirps-chirts-era5/region=africa/processing=climatology/variable=PTOT/period=AMJ/clim=wmo_1991-2020/stat=max/SPEI-12_ASO_1991-2020_min.tif
delete: s3://digital-atlas/domain=climate/type=observational/source=chirps-chirts-era5/region=africa/processing=climatology/variable=PTOT/period=AMJ/clim=wmo_1991-2020/stat=max/SPEI-12_ASO_1991-2020_sd.tif
delete: s3://digital-atlas/domain=climate/type=observational/source=chirps-chirts-era5/region=africa/processing=climatology/variable=PTOT/period=AMJ/clim=wmo_1991-2020/stat=max/SPEI-12_ASO_1995-2014_max.tif
delete: s3://digital-atlas/domain=climate/type=observational/source=chirps-chirts-era5/region=africa/processing=climatology/variable=PTOT/period=AMJ/clim=wmo_1991-2020/stat=max/SPEI-12_ASO_1995-2014_mean.tif
delete: s3://digital-atlas/domain=climate/type=observational/source=chirps-chirts-era5/region=africa/processing=climatology/variable=PTOT/period=AMJ/clim=wmo_1991-2020/stat=max/SPEI-12_ASO_1995-2014_min.tif
delete: s3://digital-atlas/domain=climate/type=observational/source=chirps-chirts-era5/region=africa/processing=climatology/variable=PTOT/period=AMJ/clim=wmo_1991-2020/stat=max/SPEI-12_ASO_1995-2014_sd.tif
delete: s3://digital-atlas/domain=climate/type=observational/source=chirps-chirts-era5/region=africa/processing=climatology/variable=PTOT/period=AMJ/clim=wmo_1991-2020/stat=max/SPEI-12_ASO_full_max.tif
delete: s3://digital-atlas/domain=climate/type=observational/source=chirps-chirts-era5/region=africa/processing=climatology/variable=PTOT/period=AMJ/clim=wmo_1991-2020/stat=max/SPEI-12_ASO_full_mean.tif
delete: s3://digital-atlas/domain=climate/type=observational/source=chirps-chirts-era5/region=africa/processing=climatology/variable=PTOT/period=AMJ/clim=wmo_1991-2020/stat=max/SPEI-12_ASO_full_min.tif
delete: s3://digital-atlas/domain=climate/type=observational/source=chirps-chirts-era5/region=africa/processing=climatology/variable=PTOT/period=AMJ/clim=wmo_1991-2020/stat=max/SPEI-12_ASO_full_sd.tif
delete: s3://digital-atlas/domain=climate/type=observational/source=chirps-chirts-era5/region=africa/processing=climatology/variable=PTOT/period=AMJ/clim=wmo_1991-2020/stat=max/SPEI-12_DJF_1991-2020_max.tif
delete: s3://digital-atlas/domain=climate/type=observational/source=chirps-chirts-era5/region=africa/processing=climatology/variable=PTOT/period=AMJ/clim=wmo_1991-2020/stat=max/SPEI-12_DJF_1991-2020_mean.tif
delete: s3://digital-atlas/domain=climate/type=observational/source=chirps-chirts-era5/region=africa/processing=climatology/variable=PTOT/period=AMJ/clim=wmo_1991-2020/stat=max/SPEI-12_DJF_1991-2020_min.tif
delete: s3://digital-atlas/domain=climate/type=observational/source=chirps-chirts-era5/region=africa/processing=climatology/variable=PTOT/period=AMJ/clim=wmo_1991-2020/stat=max/SPEI-03_annual_1991-2020_sd.tif
delete: s3://digital-atlas/domain=climate/type=observational/source=chirps-chirts-era5/region=africa/processing=climatology/variable=PTOT/period=AMJ/clim=wmo_1991-2020/stat=max/SPEI-12_DJF_1991-2020_sd.tif
delete: s3://digital-atlas/domain=climate/type=observational/source=chirps-chirts-era5/region=africa/processing=climatology/variable=PTOT/period=AMJ/clim=wmo_1991-2020/stat=max/SPEI-12_DJF_1995-2014_mean.tif
delete: s3://digital-atlas/domain=climate/type=observational/source=chirps-chirts-era5/region=africa/processing=climatology/variable=PTOT/period=AMJ/clim=wmo_1991-2020/stat=max/SPEI-12_DJF_1995-2014_max.tif
delete: s3://digital-atlas/domain=climate/type=observational/source=chirps-chirts-era5/region=africa/processing=climatology/variable=PTOT/period=AMJ/clim=wmo_1991-2020/stat=max/SPEI-12_DJF_1995-2014_min.tif
delete: s3://digital-atlas/domain=climate/type=observational/source=chirps-chirts-era5/region=africa/processing=climatology/variable=PTOT/period=AMJ/clim=wmo_1991-2020/stat=max/SPEI-12_DJF_1995-2014_sd.tif
delete: s3://digital-atlas/domain=climate/type=observational/source=chirps-chirts-era5/region=africa/processing=climatology/variable=PTOT/period=AMJ/clim=wmo_1991-2020/stat=max/SPEI-12_DJF_full_max.tif
delete: s3://digital-atlas/domain=climate/type=observational/source=chirps-chirts-era5/region=africa/processing=climatology/variable=PTOT/period=AMJ/clim=wmo_1991-2020/stat=max/SPEI-12_DJF_full_mean.tif
delete: s3://digital-atlas/domain=climate/type=observational/source=chirps-chirts-era5/region=africa/processing=climatology/variable=PTOT/period=AMJ/clim=wmo_1991-2020/stat=max/SPEI-12_DJF_full_min.tif
delete: s3://digital-atlas/domain=climate/type=observational/source=chirps-chirts-era5/region=africa/processing=climatology/variable=PTOT/period=AMJ/clim=wmo_1991-2020/stat=max/SPEI-12_DJF_full_sd.tif
delete: s3://digital-atlas/domain=climate/type=observational/source=chirps-chirts-era5/region=africa/processing=climatology/variable=PTOT/period=AMJ/clim=wmo_1991-2020/stat=max/SPEI-12_FMA_1991-2020_max.tif
delete: s3://digital-atlas/domain=climate/type=observational/source=chirps-chirts-era5/region=africa/processing=climatology/variable=PTOT/period=AMJ/clim=wmo_1991-2020/stat=max/SPEI-12_FMA_1991-2020_mean.tif
delete: s3://digital-atlas/domain=climate/type=observational/source=chirps-chirts-era5/region=africa/processing=climatology/variable=PTOT/period=AMJ/clim=wmo_1991-2020/stat=max/SPEI-12_FMA_1991-2020_min.tif
delete: s3://digital-atlas/domain=climate/type=observational/source=chirps-chirts-era5/region=africa/processing=climatology/variable=PTOT/period=AMJ/clim=wmo_1991-2020/stat=max/SPEI-12_FMA_1991-2020_sd.tif
delete: s3://digital-atlas/domain=climate/type=observational/source=chirps-chirts-era5/region=africa/processing=climatology/variable=PTOT/period=AMJ/clim=wmo_1991-2020/stat=max/SPEI-12_FMA_1995-2014_max.tif
delete: s3://digital-atlas/domain=climate/type=observational/source=chirps-chirts-era5/region=africa/processing=climatology/variable=PTOT/period=AMJ/clim=wmo_1991-2020/stat=max/SPEI-12_FMA_1995-2014_mean.tif
delete: s3://digital-atlas/domain=climate/type=observational/source=chirps-chirts-era5/region=africa/processing=climatology/variable=PTOT/period=AMJ/clim=wmo_1991-2020/stat=max/SPEI-12_FMA_1995-2014_min.tif
delete: s3://digital-atlas/domain=climate/type=observational/source=chirps-chirts-era5/region=africa/processing=climatology/variable=PTOT/period=AMJ/clim=wmo_1991-2020/stat=max/SPEI-12_FMA_1995-2014_sd.tif
delete: s3://digital-atlas/domain=climate/type=observational/source=chirps-chirts-era5/region=africa/processing=climatology/variable=PTOT/period=AMJ/clim=wmo_1991-2020/stat=max/SPEI-12_FMA_full_max.tif
delete: s3://digital-atlas/domain=climate/type=observational/source=chirps-chirts-era5/region=africa/processing=climatology/variable=PTOT/period=AMJ/clim=wmo_1991-2020/stat=max/SPEI-12_FMA_full_mean.tif
delete: s3://digital-atlas/domain=climate/type=observational/source=chirps-chirts-era5/region=africa/processing=climatology/variable=PTOT/period=AMJ/clim=wmo_1991-2020/stat=max/SPEI-12_FMA_full_min.tif
delete: s3://digital-atlas/domain=climate/type=observational/source=chirps-chirts-era5/region=africa/processing=climatology/variable=PTOT/period=AMJ/clim=wmo_1991-2020/stat=max/SPEI-12_FMA_full_sd.tif
delete: s3://digital-atlas/domain=climate/type=observational/source=chirps-chirts-era5/region=africa/processing=climatology/variable=PTOT/period=AMJ/clim=wmo_1991-2020/stat=max/SPEI-12_JAS_1991-2020_max.tif
delete: s3://digital-atlas/domain=climate/type=observational/source=chirps-chirts-era5/region=africa/processing=climatology/variable=PTOT/period=AMJ/clim=wmo_1991-2020/stat=max/SPEI-12_JAS_1991-2020_mean.tif
delete: s3://digital-atlas/domain=climate/type=observational/source=chirps-chirts-era5/region=africa/processing=climatology/variable=PTOT/period=AMJ/clim=wmo_1991-2020/stat=max/SPEI-12_JAS_1991-2020_min.tif
delete: s3://digital-atlas/domain=climate/type=observational/source=chirps-chirts-era5/region=africa/processing=climatology/variable=PTOT/period=AMJ/clim=wmo_1991-2020/stat=max/SPEI-12_JAS_1991-2020_sd.tif
delete: s3://digital-atlas/domain=climate/type=observational/source=chirps-chirts-era5/region=africa/processing=climatology/variable=PTOT/period=AMJ/clim=wmo_1991-2020/stat=max/SPEI-12_JAS_1995-2014_max.tif
delete: s3://digital-atlas/domain=climate/type=observational/source=chirps-chirts-era5/region=africa/processing=climatology/variable=PTOT/period=AMJ/clim=wmo_1991-2020/stat=max/SPEI-12_JAS_1995-2014_min.tif
delete: s3://digital-atlas/domain=climate/type=observational/source=chirps-chirts-era5/region=africa/processing=climatology/variable=PTOT/period=AMJ/clim=wmo_1991-2020/stat=max/SPEI-12_JAS_1995-2014_mean.tif
delete: s3://digital-atlas/domain=climate/type=observational/source=chirps-chirts-era5/region=africa/processing=climatology/variable=PTOT/period=AMJ/clim=wmo_1991-2020/stat=max/SPEI-12_JAS_1995-2014_sd.tif
delete: s3://digital-atlas/domain=climate/type=observational/source=chirps-chirts-era5/region=africa/processing=climatology/variable=PTOT/period=AMJ/clim=wmo_1991-2020/stat=max/SPEI-12_JAS_full_max.tif
delete: s3://digital-atlas/domain=climate/type=observational/source=chirps-chirts-era5/region=africa/processing=climatology/variable=PTOT/period=AMJ/clim=wmo_1991-2020/stat=max/SPEI-12_JAS_full_mean.tif
delete: s3://digital-atlas/domain=climate/type=observational/source=chirps-chirts-era5/region=africa/processing=climatology/variable=PTOT/period=AMJ/clim=wmo_1991-2020/stat=max/SPEI-12_JAS_full_min.tif
delete: s3://digital-atlas/domain=climate/type=observational/source=chirps-chirts-era5/region=africa/processing=climatology/variable=PTOT/period=AMJ/clim=wmo_1991-2020/stat=max/SPEI-12_JAS_full_sd.tif
delete: s3://digital-atlas/domain=climate/type=observational/source=chirps-chirts-era5/region=africa/processing=climatology/variable=PTOT/period=AMJ/clim=wmo_1991-2020/stat=max/SPEI-12_JFM_1991-2020_max.tif
delete: s3://digital-atlas/domain=climate/type=observational/source=chirps-chirts-era5/region=africa/processing=climatology/variable=PTOT/period=AMJ/clim=wmo_1991-2020/stat=max/SPEI-12_JFM_1991-2020_mean.tif
delete: s3://digital-atlas/domain=climate/type=observational/source=chirps-chirts-era5/region=africa/processing=climatology/variable=PTOT/period=AMJ/clim=wmo_1991-2020/stat=max/SPEI-12_JFM_1991-2020_min.tif
delete: s3://digital-atlas/domain=climate/type=observational/source=chirps-chirts-era5/region=africa/processing=climatology/variable=PTOT/period=AMJ/clim=wmo_1991-2020/stat=max/SPEI-12_JFM_1991-2020_sd.tif
delete: s3://digital-atlas/domain=climate/type=observational/source=chirps-chirts-era5/region=africa/processing=climatology/variable=PTOT/period=AMJ/clim=wmo_1991-2020/stat=max/SPEI-12_JFM_1995-2014_max.tif
delete: s3://digital-atlas/domain=climate/type=observational/source=chirps-chirts-era5/region=africa/processing=climatology/variable=PTOT/period=AMJ/clim=wmo_1991-2020/stat=max/SPEI-12_JFM_1995-2014_mean.tif
delete: s3://digital-atlas/domain=climate/type=observational/source=chirps-chirts-era5/region=africa/processing=climatology/variable=PTOT/period=AMJ/clim=wmo_1991-2020/stat=max/SPEI-12_JFM_1995-2014_min.tif
delete: s3://digital-atlas/domain=climate/type=observational/source=chirps-chirts-era5/region=africa/processing=climatology/variable=PTOT/period=AMJ/clim=wmo_1991-2020/stat=max/SPEI-12_JFM_full_max.tif
delete: s3://digital-atlas/domain=climate/type=observational/source=chirps-chirts-era5/region=africa/processing=climatology/variable=PTOT/period=AMJ/clim=wmo_1991-2020/stat=max/SPEI-12_JFM_1995-2014_sd.tif
delete: s3://digital-atlas/domain=climate/type=observational/source=chirps-chirts-era5/region=africa/processing=climatology/variable=PTOT/period=AMJ/clim=wmo_1991-2020/stat=max/SPEI-12_JFM_full_min.tif
delete: s3://digital-atlas/domain=climate/type=observational/source=chirps-chirts-era5/region=africa/processing=climatology/variable=PTOT/period=AMJ/clim=wmo_1991-2020/stat=max/SPEI-12_JFM_full_mean.tif
delete: s3://digital-atlas/domain=climate/type=observational/source=chirps-chirts-era5/region=africa/processing=climatology/variable=PTOT/period=AMJ/clim=wmo_1991-2020/stat=max/SPEI-12_JFM_full_sd.tif
delete: s3://digital-atlas/domain=climate/type=observational/source=chirps-chirts-era5/region=africa/processing=climatology/variable=PTOT/period=AMJ/clim=wmo_1991-2020/stat=max/SPEI-12_JJA_1991-2020_max.tif
delete: s3://digital-atlas/domain=climate/type=observational/source=chirps-chirts-era5/region=africa/processing=climatology/variable=PTOT/period=AMJ/clim=wmo_1991-2020/stat=max/SPEI-12_JJA_1991-2020_mean.tif
delete: s3://digital-atlas/domain=climate/type=observational/source=chirps-chirts-era5/region=africa/processing=climatology/variable=PTOT/period=AMJ/clim=wmo_1991-2020/stat=max/SPEI-12_JJA_1991-2020_min.tif
delete: s3://digital-atlas/domain=climate/type=observational/source=chirps-chirts-era5/region=africa/processing=climatology/variable=PTOT/period=AMJ/clim=wmo_1991-2020/stat=max/SPEI-12_JJA_1995-2014_max.tif
delete: s3://digital-atlas/domain=climate/type=observational/source=chirps-chirts-era5/region=africa/processing=climatology/variable=PTOT/period=AMJ/clim=wmo_1991-2020/stat=max/SPEI-12_JJA_1995-2014_mean.tif
delete: s3://digital-atlas/domain=climate/type=observational/source=chirps-chirts-era5/region=africa/processing=climatology/variable=PTOT/period=AMJ/clim=wmo_1991-2020/stat=max/SPEI-12_JJA_1995-2014_min.tif
delete: s3://digital-atlas/domain=climate/type=observational/source=chirps-chirts-era5/region=africa/processing=climatology/variable=PTOT/period=AMJ/clim=wmo_1991-2020/stat=max/SPEI-12_JJA_1991-2020_sd.tif
delete: s3://digital-atlas/domain=climate/type=observational/source=chirps-chirts-era5/region=africa/processing=climatology/variable=PTOT/period=AMJ/clim=wmo_1991-2020/stat=max/SPEI-12_JJA_1995-2014_sd.tif
delete: s3://digital-atlas/domain=climate/type=observational/source=chirps-chirts-era5/region=africa/processing=climatology/variable=PTOT/period=AMJ/clim=wmo_1991-2020/stat=max/SPEI-12_JJA_full_max.tif
delete: s3://digital-atlas/domain=climate/type=observational/source=chirps-chirts-era5/region=africa/processing=climatology/variable=PTOT/period=AMJ/clim=wmo_1991-2020/stat=max/SPEI-12_JJA_full_mean.tif
delete: s3://digital-atlas/domain=climate/type=observational/source=chirps-chirts-era5/region=africa/processing=climatology/variable=PTOT/period=AMJ/clim=wmo_1991-2020/stat=max/SPEI-12_JJA_full_min.tif
delete: s3://digital-atlas/domain=climate/type=observational/source=chirps-chirts-era5/region=africa/processing=climatology/variable=PTOT/period=AMJ/clim=wmo_1991-2020/stat=max/SPEI-12_JJA_full_sd.tif
delete: s3://digital-atlas/domain=climate/type=observational/source=chirps-chirts-era5/region=africa/processing=climatology/variable=PTOT/period=AMJ/clim=wmo_1991-2020/stat=max/SPEI-12_MAM_1991-2020_max.tif
delete: s3://digital-atlas/domain=climate/type=observational/source=chirps-chirts-era5/region=africa/processing=climatology/variable=PTOT/period=AMJ/clim=wmo_1991-2020/stat=max/SPEI-12_MAM_1991-2020_mean.tif
delete: s3://digital-atlas/domain=climate/type=observational/source=chirps-chirts-era5/region=africa/processing=climatology/variable=PTOT/period=AMJ/clim=wmo_1991-2020/stat=max/SPEI-12_MAM_1991-2020_min.tif
delete: s3://digital-atlas/domain=climate/type=observational/source=chirps-chirts-era5/region=africa/processing=climatology/variable=PTOT/period=AMJ/clim=wmo_1991-2020/stat=max/SPEI-12_MAM_1995-2014_mean.tif
delete: s3://digital-atlas/domain=climate/type=observational/source=chirps-chirts-era5/region=africa/processing=climatology/variable=PTOT/period=AMJ/clim=wmo_1991-2020/stat=max/SPEI-12_MAM_1991-2020_sd.tif
delete: s3://digital-atlas/domain=climate/type=observational/source=chirps-chirts-era5/region=africa/processing=climatology/variable=PTOT/period=AMJ/clim=wmo_1991-2020/stat=max/SPEI-12_MAM_1995-2014_max.tif
delete: s3://digital-atlas/domain=climate/type=observational/source=chirps-chirts-era5/region=africa/processing=climatology/variable=PTOT/period=AMJ/clim=wmo_1991-2020/stat=max/SPEI-12_MAM_1995-2014_min.tif
delete: s3://digital-atlas/domain=climate/type=observational/source=chirps-chirts-era5/region=africa/processing=climatology/variable=PTOT/period=AMJ/clim=wmo_1991-2020/stat=max/SPEI-12_MAM_1995-2014_sd.tif
delete: s3://digital-atlas/domain=climate/type=observational/source=chirps-chirts-era5/region=africa/processing=climatology/variable=PTOT/period=AMJ/clim=wmo_1991-2020/stat=max/SPEI-12_MAM_full_max.tif
delete: s3://digital-atlas/domain=climate/type=observational/source=chirps-chirts-era5/region=africa/processing=climatology/variable=PTOT/period=AMJ/clim=wmo_1991-2020/stat=max/SPEI-12_MAM_full_mean.tif
delete: s3://digital-atlas/domain=climate/type=observational/source=chirps-chirts-era5/region=africa/processing=climatology/variable=PTOT/period=AMJ/clim=wmo_1991-2020/stat=max/SPEI-12_MAM_full_min.tif
delete: s3://digital-atlas/domain=climate/type=observational/source=chirps-chirts-era5/region=africa/processing=climatology/variable=PTOT/period=AMJ/clim=wmo_1991-2020/stat=max/SPEI-03_annual_1991-2020_min.tif
delete: s3://digital-atlas/domain=climate/type=observational/source=chirps-chirts-era5/region=africa/processing=climatology/variable=PTOT/period=AMJ/clim=wmo_1991-2020/stat=max/SPEI-03_annual_1995-2014_max.tif
delete: s3://digital-atlas/domain=climate/type=observational/source=chirps-chirts-era5/region=africa/processing=climatology/variable=PTOT/period=AMJ/clim=wmo_1991-2020/stat=max/SPEI-12_MJJ_1995-2014_max.tif
delete: s3://digital-atlas/domain=climate/type=observational/source=chirps-chirts-era5/region=africa/processing=climatology/variable=PTOT/period=AMJ/clim=wmo_1991-2020/stat=max/SPEI-12_MJJ_1995-2014_mean.tif
delete: s3://digital-atlas/domain=climate/type=observational/source=chirps-chirts-era5/region=africa/processing=climatology/variable=PTOT/period=AMJ/clim=wmo_1991-2020/stat=max/SPEI-12_MAM_full_sd.tif
delete: s3://digital-atlas/domain=climate/type=observational/source=chirps-chirts-era5/region=africa/processing=climatology/variable=PTOT/period=AMJ/clim=wmo_1991-2020/stat=max/SPEI-12_MJJ_1995-2014_min.tif
delete: s3://digital-atlas/domain=climate/type=observational/source=chirps-chirts-era5/region=africa/processing=climatology/variable=PTOT/period=AMJ/clim=wmo_1991-2020/stat=max/SPEI-12_MJJ_1995-2014_sd.tif
delete: s3://digital-atlas/domain=climate/type=observational/source=chirps-chirts-era5/region=africa/processing=climatology/variable=PTOT/period=AMJ/clim=wmo_1991-2020/stat=max/SPEI-12_MJJ_full_max.tif
delete: s3://digital-atlas/domain=climate/type=observational/source=chirps-chirts-era5/region=africa/processing=climatology/variable=PTOT/period=AMJ/clim=wmo_1991-2020/stat=max/SPEI-12_MJJ_full_mean.tif
delete: s3://digital-atlas/domain=climate/type=observational/source=chirps-chirts-era5/region=africa/processing=climatology/variable=PTOT/period=AMJ/clim=wmo_1991-2020/stat=max/SPEI-12_MJJ_full_min.tif
delete: s3://digital-atlas/domain=climate/type=observational/source=chirps-chirts-era5/region=africa/processing=climatology/variable=PTOT/period=AMJ/clim=wmo_1991-2020/stat=max/SPEI-12_MJJ_full_sd.tif
delete: s3://digital-atlas/domain=climate/type=observational/source=chirps-chirts-era5/region=africa/processing=climatology/variable=PTOT/period=AMJ/clim=wmo_1991-2020/stat=max/SPEI-12_NDJ_1991-2020_max.tif
delete: s3://digital-atlas/domain=climate/type=observational/source=chirps-chirts-era5/region=africa/processing=climatology/variable=PTOT/period=AMJ/clim=wmo_1991-2020/stat=max/SPEI-12_NDJ_1991-2020_mean.tif
delete: s3://digital-atlas/domain=climate/type=observational/source=chirps-chirts-era5/region=africa/processing=climatology/variable=PTOT/period=AMJ/clim=wmo_1991-2020/stat=max/SPEI-12_NDJ_1991-2020_min.tif
delete: s3://digital-atlas/domain=climate/type=observational/source=chirps-chirts-era5/region=africa/processing=climatology/variable=PTOT/period=AMJ/clim=wmo_1991-2020/stat=max/SPEI-12_NDJ_1991-2020_sd.tif
delete: s3://digital-atlas/domain=climate/type=observational/source=chirps-chirts-era5/region=africa/processing=climatology/variable=PTOT/period=AMJ/clim=wmo_1991-2020/stat=max/SPEI-12_NDJ_1995-2014_max.tif
delete: s3://digital-atlas/domain=climate/type=observational/source=chirps-chirts-era5/region=africa/processing=climatology/variable=PTOT/period=AMJ/clim=wmo_1991-2020/stat=max/SPEI-12_NDJ_1995-2014_mean.tif
delete: s3://digital-atlas/domain=climate/type=observational/source=chirps-chirts-era5/region=africa/processing=climatology/variable=PTOT/period=AMJ/clim=wmo_1991-2020/stat=max/SPEI-12_NDJ_1995-2014_min.tif
delete: s3://digital-atlas/domain=climate/type=observational/source=chirps-chirts-era5/region=africa/processing=climatology/variable=PTOT/period=AMJ/clim=wmo_1991-2020/stat=max/SPEI-12_NDJ_1995-2014_sd.tif
delete: s3://digital-atlas/domain=climate/type=observational/source=chirps-chirts-era5/region=africa/processing=climatology/variable=PTOT/period=AMJ/clim=wmo_1991-2020/stat=max/SPEI-12_NDJ_full_max.tif
delete: s3://digital-atlas/domain=climate/type=observational/source=chirps-chirts-era5/region=africa/processing=climatology/variable=PTOT/period=AMJ/clim=wmo_1991-2020/stat=max/SPEI-12_NDJ_full_min.tif
delete: s3://digital-atlas/domain=climate/type=observational/source=chirps-chirts-era5/region=africa/processing=climatology/variable=PTOT/period=AMJ/clim=wmo_1991-2020/stat=max/SPEI-12_NDJ_full_mean.tif
delete: s3://digital-atlas/domain=climate/type=observational/source=chirps-chirts-era5/region=africa/processing=climatology/variable=PTOT/period=AMJ/clim=wmo_1991-2020/stat=max/SPEI-12_NDJ_full_sd.tif
delete: s3://digital-atlas/domain=climate/type=observational/source=chirps-chirts-era5/region=africa/processing=climatology/variable=PTOT/period=AMJ/clim=wmo_1991-2020/stat=max/SPEI-12_OND_1991-2020_mean.tif
delete: s3://digital-atlas/domain=climate/type=observational/source=chirps-chirts-era5/region=africa/processing=climatology/variable=PTOT/period=AMJ/clim=wmo_1991-2020/stat=max/SPEI-12_OND_1991-2020_max.tif
delete: s3://digital-atlas/domain=climate/type=observational/source=chirps-chirts-era5/region=africa/processing=climatology/variable=PTOT/period=AMJ/clim=wmo_1991-2020/stat=max/SPEI-12_OND_1991-2020_sd.tif
delete: s3://digital-atlas/domain=climate/type=observational/source=chirps-chirts-era5/region=africa/processing=climatology/variable=PTOT/period=AMJ/clim=wmo_1991-2020/stat=max/SPEI-12_OND_1991-2020_min.tif
delete: s3://digital-atlas/domain=climate/type=observational/source=chirps-chirts-era5/region=africa/processing=climatology/variable=PTOT/period=AMJ/clim=wmo_1991-2020/stat=max/SPEI-12_OND_1995-2014_mean.tif
delete: s3://digital-atlas/domain=climate/type=observational/source=chirps-chirts-era5/region=africa/processing=climatology/variable=PTOT/period=AMJ/clim=wmo_1991-2020/stat=max/SPEI-12_OND_1995-2014_max.tif
delete: s3://digital-atlas/domain=climate/type=observational/source=chirps-chirts-era5/region=africa/processing=climatology/variable=PTOT/period=AMJ/clim=wmo_1991-2020/stat=max/SPEI-12_OND_1995-2014_min.tif
delete: s3://digital-atlas/domain=climate/type=observational/source=chirps-chirts-era5/region=africa/processing=climatology/variable=PTOT/period=AMJ/clim=wmo_1991-2020/stat=max/SPEI-12_OND_full_max.tif
delete: s3://digital-atlas/domain=climate/type=observational/source=chirps-chirts-era5/region=africa/processing=climatology/variable=PTOT/period=AMJ/clim=wmo_1991-2020/stat=max/SPEI-12_OND_full_mean.tif
delete: s3://digital-atlas/domain=climate/type=observational/source=chirps-chirts-era5/region=africa/processing=climatology/variable=PTOT/period=AMJ/clim=wmo_1991-2020/stat=max/SPEI-12_OND_1995-2014_sd.tif
delete: s3://digital-atlas/domain=climate/type=observational/source=chirps-chirts-era5/region=africa/processing=climatology/variable=PTOT/period=AMJ/clim=wmo_1991-2020/stat=max/SPEI-12_OND_full_min.tif
delete: s3://digital-atlas/domain=climate/type=observational/source=chirps-chirts-era5/region=africa/processing=climatology/variable=PTOT/period=AMJ/clim=wmo_1991-2020/stat=max/SPEI-12_OND_full_sd.tif
delete: s3://digital-atlas/domain=climate/type=observational/source=chirps-chirts-era5/region=africa/processing=climatology/variable=PTOT/period=AMJ/clim=wmo_1991-2020/stat=max/SPEI-12_SON_1991-2020_max.tif
delete: s3://digital-atlas/domain=climate/type=observational/source=chirps-chirts-era5/region=africa/processing=climatology/variable=PTOT/period=AMJ/clim=wmo_1991-2020/stat=max/SPEI-12_SON_1991-2020_mean.tif
delete: s3://digital-atlas/domain=climate/type=observational/source=chirps-chirts-era5/region=africa/processing=climatology/variable=PTOT/period=AMJ/clim=wmo_1991-2020/stat=max/SPEI-12_SON_1991-2020_min.tif
delete: s3://digital-atlas/domain=climate/type=observational/source=chirps-chirts-era5/region=africa/processing=climatology/variable=PTOT/period=AMJ/clim=wmo_1991-2020/stat=max/SPEI-12_SON_1991-2020_sd.tif
delete: s3://digital-atlas/domain=climate/type=observational/source=chirps-chirts-era5/region=africa/processing=climatology/variable=PTOT/period=AMJ/clim=wmo_1991-2020/stat=max/SPEI-12_SON_1995-2014_max.tif
delete: s3://digital-atlas/domain=climate/type=observational/source=chirps-chirts-era5/region=africa/processing=climatology/variable=PTOT/period=AMJ/clim=wmo_1991-2020/stat=max/SPEI-12_SON_1995-2014_min.tif
delete: s3://digital-atlas/domain=climate/type=observational/source=chirps-chirts-era5/region=africa/processing=climatology/variable=PTOT/period=AMJ/clim=wmo_1991-2020/stat=max/SPEI-12_SON_full_max.tif
delete: s3://digital-atlas/domain=climate/type=observational/source=chirps-chirts-era5/region=africa/processing=climatology/variable=PTOT/period=AMJ/clim=wmo_1991-2020/stat=max/SPEI-12_SON_1995-2014_mean.tif
delete: s3://digital-atlas/domain=climate/type=observational/source=chirps-chirts-era5/region=africa/processing=climatology/variable=PTOT/period=AMJ/clim=wmo_1991-2020/stat=max/SPEI-12_SON_1995-2014_sd.tif
delete: s3://digital-atlas/domain=climate/type=observational/source=chirps-chirts-era5/region=africa/processing=climatology/variable=PTOT/period=AMJ/clim=wmo_1991-2020/stat=max/SPEI-12_SON_full_mean.tif
delete: s3://digital-atlas/domain=climate/type=observational/source=chirps-chirts-era5/region=africa/processing=climatology/variable=PTOT/period=AMJ/clim=wmo_1991-2020/stat=max/SPEI-12_SON_full_min.tif
delete: s3://digital-atlas/domain=climate/type=observational/source=chirps-chirts-era5/region=africa/processing=climatology/variable=PTOT/period=AMJ/clim=wmo_1991-2020/stat=max/SPEI-12_SON_full_sd.tif
delete: s3://digital-atlas/domain=climate/type=observational/source=chirps-chirts-era5/region=africa/processing=climatology/variable=PTOT/period=AMJ/clim=wmo_1991-2020/stat=max/SPEI-12_annual_1991-2020_max.tif
delete: s3://digital-atlas/domain=climate/type=observational/source=chirps-chirts-era5/region=africa/processing=climatology/variable=PTOT/period=AMJ/clim=wmo_1991-2020/stat=max/SPEI-12_annual_1991-2020_mean.tif
delete: s3://digital-atlas/domain=climate/type=observational/source=chirps-chirts-era5/region=africa/processing=climatology/variable=PTOT/period=AMJ/clim=wmo_1991-2020/stat=max/SPEI-12_annual_1991-2020_min.tif
delete: s3://digital-atlas/domain=climate/type=observational/source=chirps-chirts-era5/region=africa/processing=climatology/variable=PTOT/period=AMJ/clim=wmo_1991-2020/stat=max/SPEI-12_annual_1991-2020_sd.tif
delete: s3://digital-atlas/domain=climate/type=observational/source=chirps-chirts-era5/region=africa/processing=climatology/variable=PTOT/period=AMJ/clim=wmo_1991-2020/stat=max/SPEI-12_annual_1995-2014_max.tif
delete: s3://digital-atlas/domain=climate/type=observational/source=chirps-chirts-era5/region=africa/processing=climatology/variable=PTOT/period=AMJ/clim=wmo_1991-2020/stat=max/SPEI-12_annual_1995-2014_mean.tif
delete: s3://digital-atlas/domain=climate/type=observational/source=chirps-chirts-era5/region=africa/processing=climatology/variable=PTOT/period=AMJ/clim=wmo_1991-2020/stat=max/SPEI-12_annual_1995-2014_min.tif
delete: s3://digital-atlas/domain=climate/type=observational/source=chirps-chirts-era5/region=africa/processing=climatology/variable=PTOT/period=AMJ/clim=wmo_1991-2020/stat=max/SPEI-12_annual_1995-2014_sd.tif
delete: s3://digital-atlas/domain=climate/type=observational/source=chirps-chirts-era5/region=africa/processing=climatology/variable=PTOT/period=AMJ/clim=wmo_1991-2020/stat=max/SPEI-12_annual_full_min.tif
delete: s3://digital-atlas/domain=climate/type=observational/source=chirps-chirts-era5/region=africa/processing=climatology/variable=PTOT/period=AMJ/clim=wmo_1991-2020/stat=max/SPEI-12_annual_full_mean.tif
delete: s3://digital-atlas/domain=climate/type=observational/source=chirps-chirts-era5/region=africa/processing=climatology/variable=PTOT/period=AMJ/clim=wmo_1991-2020/stat=max/SPEI-12_annual_full_max.tif
delete: s3://digital-atlas/domain=climate/type=observational/source=chirps-chirts-era5/region=africa/processing=climatology/variable=PTOT/period=AMJ/clim=wmo_1991-2020/stat=max/SPEI-12_annual_full_sd.tif
delete: s3://digital-atlas/domain=climate/type=observational/source=chirps-chirts-era5/region=africa/processing=climatology/variable=PTOT/period=AMJ/clim=wmo_1991-2020/stat=max/SPEI-24_AMJ_1991-2020_max.tif
delete: s3://digital-atlas/domain=climate/type=observational/source=chirps-chirts-era5/region=africa/processing=climatology/variable=PTOT/period=AMJ/clim=wmo_1991-2020/stat=max/SPEI-24_AMJ_1991-2020_mean.tif
delete: s3://digital-atlas/domain=climate/type=observational/source=chirps-chirts-era5/region=africa/processing=climatology/variable=PTOT/period=AMJ/clim=wmo_1991-2020/stat=max/SPEI-24_AMJ_1991-2020_min.tif
delete: s3://digital-atlas/domain=climate/type=observational/source=chirps-chirts-era5/region=africa/processing=climatology/variable=PTOT/period=AMJ/clim=wmo_1991-2020/stat=max/SPEI-24_AMJ_1991-2020_sd.tif
delete: s3://digital-atlas/domain=climate/type=observational/source=chirps-chirts-era5/region=africa/processing=climatology/variable=PTOT/period=AMJ/clim=wmo_1991-2020/stat=max/SPEI-24_AMJ_1995-2014_mean.tif
delete: s3://digital-atlas/domain=climate/type=observational/source=chirps-chirts-era5/region=africa/processing=climatology/variable=PTOT/period=AMJ/clim=wmo_1991-2020/stat=max/SPEI-24_AMJ_1995-2014_max.tif
delete: s3://digital-atlas/domain=climate/type=observational/source=chirps-chirts-era5/region=africa/processing=climatology/variable=PTOT/period=AMJ/clim=wmo_1991-2020/stat=max/SPEI-24_AMJ_1995-2014_min.tif
delete: s3://digital-atlas/domain=climate/type=observational/source=chirps-chirts-era5/region=africa/processing=climatology/variable=PTOT/period=AMJ/clim=wmo_1991-2020/stat=max/SPEI-24_AMJ_1995-2014_sd.tif
delete: s3://digital-atlas/domain=climate/type=observational/source=chirps-chirts-era5/region=africa/processing=climatology/variable=PTOT/period=AMJ/clim=wmo_1991-2020/stat=max/SPEI-24_AMJ_full_max.tif
delete: s3://digital-atlas/domain=climate/type=observational/source=chirps-chirts-era5/region=africa/processing=climatology/variable=PTOT/period=AMJ/clim=wmo_1991-2020/stat=max/SPEI-24_AMJ_full_mean.tif
delete: s3://digital-atlas/domain=climate/type=observational/source=chirps-chirts-era5/region=africa/processing=climatology/variable=PTOT/period=AMJ/clim=wmo_1991-2020/stat=max/SPEI-24_AMJ_full_min.tif
delete: s3://digital-atlas/domain=climate/type=observational/source=chirps-chirts-era5/region=africa/processing=climatology/variable=PTOT/period=AMJ/clim=wmo_1991-2020/stat=max/SPEI-24_AMJ_full_sd.tif
delete: s3://digital-atlas/domain=climate/type=observational/source=chirps-chirts-era5/region=africa/processing=climatology/variable=PTOT/period=AMJ/clim=wmo_1991-2020/stat=max/SPEI-24_ASO_1991-2020_max.tif
delete: s3://digital-atlas/domain=climate/type=observational/source=chirps-chirts-era5/region=africa/processing=climatology/variable=PTOT/period=AMJ/clim=wmo_1991-2020/stat=max/SPEI-12_MJJ_1991-2020_max.tif
delete: s3://digital-atlas/domain=climate/type=observational/source=chirps-chirts-era5/region=africa/processing=climatology/variable=PTOT/period=AMJ/clim=wmo_1991-2020/stat=max/SPEI-24_ASO_1995-2014_max.tif
delete: s3://digital-atlas/domain=climate/type=observational/source=chirps-chirts-era5/region=africa/processing=climatology/variable=PTOT/period=AMJ/clim=wmo_1991-2020/stat=max/SPEI-24_ASO_1991-2020_min.tif
delete: s3://digital-atlas/domain=climate/type=observational/source=chirps-chirts-era5/region=africa/processing=climatology/variable=PTOT/period=AMJ/clim=wmo_1991-2020/stat=max/SPEI-24_ASO_1991-2020_sd.tif
delete: s3://digital-atlas/domain=climate/type=observational/source=chirps-chirts-era5/region=africa/processing=climatology/variable=PTOT/period=AMJ/clim=wmo_1991-2020/stat=max/SPEI-24_ASO_1995-2014_mean.tif
delete: s3://digital-atlas/domain=climate/type=observational/source=chirps-chirts-era5/region=africa/processing=climatology/variable=PTOT/period=AMJ/clim=wmo_1991-2020/stat=max/SPEI-24_ASO_1995-2014_sd.tif
delete: s3://digital-atlas/domain=climate/type=observational/source=chirps-chirts-era5/region=africa/processing=climatology/variable=PTOT/period=AMJ/clim=wmo_1991-2020/stat=max/SPEI-24_ASO_1995-2014_min.tif
delete: s3://digital-atlas/domain=climate/type=observational/source=chirps-chirts-era5/region=africa/processing=climatology/variable=PTOT/period=AMJ/clim=wmo_1991-2020/stat=max/SPEI-24_ASO_full_max.tif
delete: s3://digital-atlas/domain=climate/type=observational/source=chirps-chirts-era5/region=africa/processing=climatology/variable=PTOT/period=AMJ/clim=wmo_1991-2020/stat=max/SPEI-24_ASO_full_mean.tif
delete: s3://digital-atlas/domain=climate/type=observational/source=chirps-chirts-era5/region=africa/processing=climatology/variable=PTOT/period=AMJ/clim=wmo_1991-2020/stat=max/SPEI-24_ASO_full_min.tif
delete: s3://digital-atlas/domain=climate/type=observational/source=chirps-chirts-era5/region=africa/processing=climatology/variable=PTOT/period=AMJ/clim=wmo_1991-2020/stat=max/SPEI-24_ASO_full_sd.tif
delete: s3://digital-atlas/domain=climate/type=observational/source=chirps-chirts-era5/region=africa/processing=climatology/variable=PTOT/period=AMJ/clim=wmo_1991-2020/stat=max/SPEI-24_DJF_1991-2020_max.tif
delete: s3://digital-atlas/domain=climate/type=observational/source=chirps-chirts-era5/region=africa/processing=climatology/variable=PTOT/period=AMJ/clim=wmo_1991-2020/stat=max/SPEI-24_DJF_1991-2020_mean.tif
delete: s3://digital-atlas/domain=climate/type=observational/source=chirps-chirts-era5/region=africa/processing=climatology/variable=PTOT/period=AMJ/clim=wmo_1991-2020/stat=max/SPEI-24_DJF_1995-2014_mean.tif
delete: s3://digital-atlas/domain=climate/type=observational/source=chirps-chirts-era5/region=africa/processing=climatology/variable=PTOT/period=AMJ/clim=wmo_1991-2020/stat=max/SPEI-24_DJF_1995-2014_max.tif
delete: s3://digital-atlas/domain=climate/type=observational/source=chirps-chirts-era5/region=africa/processing=climatology/variable=PTOT/period=AMJ/clim=wmo_1991-2020/stat=max/SPEI-24_DJF_1991-2020_min.tif
delete: s3://digital-atlas/domain=climate/type=observational/source=chirps-chirts-era5/region=africa/processing=climatology/variable=PTOT/period=AMJ/clim=wmo_1991-2020/stat=max/SPEI-24_DJF_1991-2020_sd.tif
delete: s3://digital-atlas/domain=climate/type=observational/source=chirps-chirts-era5/region=africa/processing=climatology/variable=PTOT/period=AMJ/clim=wmo_1991-2020/stat=max/SPEI-24_DJF_1995-2014_min.tif
delete: s3://digital-atlas/domain=climate/type=observational/source=chirps-chirts-era5/region=africa/processing=climatology/variable=PTOT/period=AMJ/clim=wmo_1991-2020/stat=max/SPEI-24_DJF_1995-2014_sd.tif
delete: s3://digital-atlas/domain=climate/type=observational/source=chirps-chirts-era5/region=africa/processing=climatology/variable=PTOT/period=AMJ/clim=wmo_1991-2020/stat=max/SPEI-24_DJF_full_max.tif
delete: s3://digital-atlas/domain=climate/type=observational/source=chirps-chirts-era5/region=africa/processing=climatology/variable=PTOT/period=AMJ/clim=wmo_1991-2020/stat=max/SPEI-24_DJF_full_min.tif
delete: s3://digital-atlas/domain=climate/type=observational/source=chirps-chirts-era5/region=africa/processing=climatology/variable=PTOT/period=AMJ/clim=wmo_1991-2020/stat=max/SPEI-24_DJF_full_sd.tif
delete: s3://digital-atlas/domain=climate/type=observational/source=chirps-chirts-era5/region=africa/processing=climatology/variable=PTOT/period=AMJ/clim=wmo_1991-2020/stat=max/SPEI-24_DJF_full_mean.tif
delete: s3://digital-atlas/domain=climate/type=observational/source=chirps-chirts-era5/region=africa/processing=climatology/variable=PTOT/period=AMJ/clim=wmo_1991-2020/stat=max/SPEI-24_FMA_1991-2020_max.tif
delete: s3://digital-atlas/domain=climate/type=observational/source=chirps-chirts-era5/region=africa/processing=climatology/variable=PTOT/period=AMJ/clim=wmo_1991-2020/stat=max/SPEI-24_FMA_1991-2020_mean.tif
delete: s3://digital-atlas/domain=climate/type=observational/source=chirps-chirts-era5/region=africa/processing=climatology/variable=PTOT/period=AMJ/clim=wmo_1991-2020/stat=max/SPEI-24_FMA_1991-2020_min.tif
delete: s3://digital-atlas/domain=climate/type=observational/source=chirps-chirts-era5/region=africa/processing=climatology/variable=PTOT/period=AMJ/clim=wmo_1991-2020/stat=max/SPEI-24_FMA_1991-2020_sd.tif
delete: s3://digital-atlas/domain=climate/type=observational/source=chirps-chirts-era5/region=africa/processing=climatology/variable=PTOT/period=AMJ/clim=wmo_1991-2020/stat=max/SPEI-24_FMA_1995-2014_max.tif
delete: s3://digital-atlas/domain=climate/type=observational/source=chirps-chirts-era5/region=africa/processing=climatology/variable=PTOT/period=AMJ/clim=wmo_1991-2020/stat=max/SPEI-24_FMA_1995-2014_mean.tif
delete: s3://digital-atlas/domain=climate/type=observational/source=chirps-chirts-era5/region=africa/processing=climatology/variable=PTOT/period=AMJ/clim=wmo_1991-2020/stat=max/SPEI-24_FMA_1995-2014_min.tif
delete: s3://digital-atlas/domain=climate/type=observational/source=chirps-chirts-era5/region=africa/processing=climatology/variable=PTOT/period=AMJ/clim=wmo_1991-2020/stat=max/SPEI-24_FMA_1995-2014_sd.tif
delete: s3://digital-atlas/domain=climate/type=observational/source=chirps-chirts-era5/region=africa/processing=climatology/variable=PTOT/period=AMJ/clim=wmo_1991-2020/stat=max/SPEI-24_FMA_full_max.tif
delete: s3://digital-atlas/domain=climate/type=observational/source=chirps-chirts-era5/region=africa/processing=climatology/variable=PTOT/period=AMJ/clim=wmo_1991-2020/stat=max/SPEI-24_FMA_full_mean.tif
delete: s3://digital-atlas/domain=climate/type=observational/source=chirps-chirts-era5/region=africa/processing=climatology/variable=PTOT/period=AMJ/clim=wmo_1991-2020/stat=max/SPEI-24_FMA_full_sd.tif
delete: s3://digital-atlas/domain=climate/type=observational/source=chirps-chirts-era5/region=africa/processing=climatology/variable=PTOT/period=AMJ/clim=wmo_1991-2020/stat=max/SPEI-24_FMA_full_min.tif
delete: s3://digital-atlas/domain=climate/type=observational/source=chirps-chirts-era5/region=africa/processing=climatology/variable=PTOT/period=AMJ/clim=wmo_1991-2020/stat=max/SPEI-24_JAS_1991-2020_mean.tif
delete: s3://digital-atlas/domain=climate/type=observational/source=chirps-chirts-era5/region=africa/processing=climatology/variable=PTOT/period=AMJ/clim=wmo_1991-2020/stat=max/SPEI-24_JAS_1991-2020_min.tif
delete: s3://digital-atlas/domain=climate/type=observational/source=chirps-chirts-era5/region=africa/processing=climatology/variable=PTOT/period=AMJ/clim=wmo_1991-2020/stat=max/SPEI-24_JAS_1991-2020_max.tif
delete: s3://digital-atlas/domain=climate/type=observational/source=chirps-chirts-era5/region=africa/processing=climatology/variable=PTOT/period=AMJ/clim=wmo_1991-2020/stat=max/SPEI-24_JAS_1991-2020_sd.tif
delete: s3://digital-atlas/domain=climate/type=observational/source=chirps-chirts-era5/region=africa/processing=climatology/variable=PTOT/period=AMJ/clim=wmo_1991-2020/stat=max/SPEI-24_JAS_1995-2014_max.tif
delete: s3://digital-atlas/domain=climate/type=observational/source=chirps-chirts-era5/region=africa/processing=climatology/variable=PTOT/period=AMJ/clim=wmo_1991-2020/stat=max/SPEI-24_JAS_1995-2014_mean.tif
delete: s3://digital-atlas/domain=climate/type=observational/source=chirps-chirts-era5/region=africa/processing=climatology/variable=PTOT/period=AMJ/clim=wmo_1991-2020/stat=max/SPEI-24_JAS_1995-2014_min.tif
delete: s3://digital-atlas/domain=climate/type=observational/source=chirps-chirts-era5/region=africa/processing=climatology/variable=PTOT/period=AMJ/clim=wmo_1991-2020/stat=max/SPEI-24_JAS_1995-2014_sd.tif
delete: s3://digital-atlas/domain=climate/type=observational/source=chirps-chirts-era5/region=africa/processing=climatology/variable=PTOT/period=AMJ/clim=wmo_1991-2020/stat=max/SPEI-24_JAS_full_max.tif
delete: s3://digital-atlas/domain=climate/type=observational/source=chirps-chirts-era5/region=africa/processing=climatology/variable=PTOT/period=AMJ/clim=wmo_1991-2020/stat=max/SPEI-24_JAS_full_mean.tif
delete: s3://digital-atlas/domain=climate/type=observational/source=chirps-chirts-era5/region=africa/processing=climatology/variable=PTOT/period=AMJ/clim=wmo_1991-2020/stat=max/SPEI-24_JAS_full_min.tif
delete: s3://digital-atlas/domain=climate/type=observational/source=chirps-chirts-era5/region=africa/processing=climatology/variable=PTOT/period=AMJ/clim=wmo_1991-2020/stat=max/SPEI-24_JAS_full_sd.tif
delete: s3://digital-atlas/domain=climate/type=observational/source=chirps-chirts-era5/region=africa/processing=climatology/variable=PTOT/period=AMJ/clim=wmo_1991-2020/stat=max/SPEI-24_JFM_1991-2020_mean.tif
delete: s3://digital-atlas/domain=climate/type=observational/source=chirps-chirts-era5/region=africa/processing=climatology/variable=PTOT/period=AMJ/clim=wmo_1991-2020/stat=max/SPEI-24_JFM_1991-2020_min.tif
delete: s3://digital-atlas/domain=climate/type=observational/source=chirps-chirts-era5/region=africa/processing=climatology/variable=PTOT/period=AMJ/clim=wmo_1991-2020/stat=max/SPEI-24_JFM_1991-2020_max.tif
delete: s3://digital-atlas/domain=climate/type=observational/source=chirps-chirts-era5/region=africa/processing=climatology/variable=PTOT/period=AMJ/clim=wmo_1991-2020/stat=max/SPEI-24_JFM_1991-2020_sd.tif
delete: s3://digital-atlas/domain=climate/type=observational/source=chirps-chirts-era5/region=africa/processing=climatology/variable=PTOT/period=AMJ/clim=wmo_1991-2020/stat=max/SPEI-24_JFM_1995-2014_max.tif
delete: s3://digital-atlas/domain=climate/type=observational/source=chirps-chirts-era5/region=africa/processing=climatology/variable=PTOT/period=AMJ/clim=wmo_1991-2020/stat=max/SPEI-24_JFM_1995-2014_mean.tif
delete: s3://digital-atlas/domain=climate/type=observational/source=chirps-chirts-era5/region=africa/processing=climatology/variable=PTOT/period=AMJ/clim=wmo_1991-2020/stat=max/SPEI-24_ASO_1991-2020_mean.tif
delete: s3://digital-atlas/domain=climate/type=observational/source=chirps-chirts-era5/region=africa/processing=climatology/variable=PTOT/period=AMJ/clim=wmo_1991-2020/stat=max/SPEI-24_JFM_1995-2014_sd.tif
delete: s3://digital-atlas/domain=climate/type=observational/source=chirps-chirts-era5/region=africa/processing=climatology/variable=PTOT/period=AMJ/clim=wmo_1991-2020/stat=max/SPEI-24_JFM_1995-2014_min.tif
delete: s3://digital-atlas/domain=climate/type=observational/source=chirps-chirts-era5/region=africa/processing=climatology/variable=PTOT/period=AMJ/clim=wmo_1991-2020/stat=max/SPEI-24_JFM_full_max.tif
delete: s3://digital-atlas/domain=climate/type=observational/source=chirps-chirts-era5/region=africa/processing=climatology/variable=PTOT/period=AMJ/clim=wmo_1991-2020/stat=max/SPEI-24_JFM_full_mean.tif
delete: s3://digital-atlas/domain=climate/type=observational/source=chirps-chirts-era5/region=africa/processing=climatology/variable=PTOT/period=AMJ/clim=wmo_1991-2020/stat=max/SPEI-24_JFM_full_min.tif
delete: s3://digital-atlas/domain=climate/type=observational/source=chirps-chirts-era5/region=africa/processing=climatology/variable=PTOT/period=AMJ/clim=wmo_1991-2020/stat=max/SPEI-24_JFM_full_sd.tif
delete: s3://digital-atlas/domain=climate/type=observational/source=chirps-chirts-era5/region=africa/processing=climatology/variable=PTOT/period=AMJ/clim=wmo_1991-2020/stat=max/SPEI-24_JJA_1991-2020_max.tif
delete: s3://digital-atlas/domain=climate/type=observational/source=chirps-chirts-era5/region=africa/processing=climatology/variable=PTOT/period=AMJ/clim=wmo_1991-2020/stat=max/SPEI-24_JJA_1991-2020_mean.tif
delete: s3://digital-atlas/domain=climate/type=observational/source=chirps-chirts-era5/region=africa/processing=climatology/variable=PTOT/period=AMJ/clim=wmo_1991-2020/stat=max/SPEI-24_JJA_1991-2020_min.tif
delete: s3://digital-atlas/domain=climate/type=observational/source=chirps-chirts-era5/region=africa/processing=climatology/variable=PTOT/period=AMJ/clim=wmo_1991-2020/stat=max/SPEI-24_JJA_1991-2020_sd.tif
delete: s3://digital-atlas/domain=climate/type=observational/source=chirps-chirts-era5/region=africa/processing=climatology/variable=PTOT/period=AMJ/clim=wmo_1991-2020/stat=max/SPEI-24_JJA_1995-2014_max.tif
delete: s3://digital-atlas/domain=climate/type=observational/source=chirps-chirts-era5/region=africa/processing=climatology/variable=PTOT/period=AMJ/clim=wmo_1991-2020/stat=max/SPEI-24_JJA_1995-2014_min.tif
delete: s3://digital-atlas/domain=climate/type=observational/source=chirps-chirts-era5/region=africa/processing=climatology/variable=PTOT/period=AMJ/clim=wmo_1991-2020/stat=max/SPEI-24_JJA_full_max.tif
delete: s3://digital-atlas/domain=climate/type=observational/source=chirps-chirts-era5/region=africa/processing=climatology/variable=PTOT/period=AMJ/clim=wmo_1991-2020/stat=max/SPEI-24_JJA_1995-2014_sd.tif
delete: s3://digital-atlas/domain=climate/type=observational/source=chirps-chirts-era5/region=africa/processing=climatology/variable=PTOT/period=AMJ/clim=wmo_1991-2020/stat=max/SPEI-24_JJA_1995-2014_mean.tif
delete: s3://digital-atlas/domain=climate/type=observational/source=chirps-chirts-era5/region=africa/processing=climatology/variable=PTOT/period=AMJ/clim=wmo_1991-2020/stat=max/SPEI-24_JJA_full_mean.tif
delete: s3://digital-atlas/domain=climate/type=observational/source=chirps-chirts-era5/region=africa/processing=climatology/variable=PTOT/period=AMJ/clim=wmo_1991-2020/stat=max/SPEI-24_JJA_full_min.tif
delete: s3://digital-atlas/domain=climate/type=observational/source=chirps-chirts-era5/region=africa/processing=climatology/variable=PTOT/period=AMJ/clim=wmo_1991-2020/stat=max/SPEI-24_JJA_full_sd.tif
delete: s3://digital-atlas/domain=climate/type=observational/source=chirps-chirts-era5/region=africa/processing=climatology/variable=PTOT/period=AMJ/clim=wmo_1991-2020/stat=max/SPEI-24_MAM_1991-2020_max.tif
delete: s3://digital-atlas/domain=climate/type=observational/source=chirps-chirts-era5/region=africa/processing=climatology/variable=PTOT/period=AMJ/clim=wmo_1991-2020/stat=max/SPEI-24_MAM_1991-2020_mean.tif
delete: s3://digital-atlas/domain=climate/type=observational/source=chirps-chirts-era5/region=africa/processing=climatology/variable=PTOT/period=AMJ/clim=wmo_1991-2020/stat=max/SPEI-24_MAM_1991-2020_min.tif
delete: s3://digital-atlas/domain=climate/type=observational/source=chirps-chirts-era5/region=africa/processing=climatology/variable=PTOT/period=AMJ/clim=wmo_1991-2020/stat=max/SPEI-24_MAM_1991-2020_sd.tif
delete: s3://digital-atlas/domain=climate/type=observational/source=chirps-chirts-era5/region=africa/processing=climatology/variable=PTOT/period=AMJ/clim=wmo_1991-2020/stat=max/SPEI-24_MAM_1995-2014_max.tif
delete: s3://digital-atlas/domain=climate/type=observational/source=chirps-chirts-era5/region=africa/processing=climatology/variable=PTOT/period=AMJ/clim=wmo_1991-2020/stat=max/SPEI-24_MAM_1995-2014_mean.tif
delete: s3://digital-atlas/domain=climate/type=observational/source=chirps-chirts-era5/region=africa/processing=climatology/variable=PTOT/period=AMJ/clim=wmo_1991-2020/stat=max/SPEI-24_MAM_1995-2014_min.tif
delete: s3://digital-atlas/domain=climate/type=observational/source=chirps-chirts-era5/region=africa/processing=climatology/variable=PTOT/period=AMJ/clim=wmo_1991-2020/stat=max/SPEI-24_MAM_1995-2014_sd.tif
delete: s3://digital-atlas/domain=climate/type=observational/source=chirps-chirts-era5/region=africa/processing=climatology/variable=PTOT/period=AMJ/clim=wmo_1991-2020/stat=max/SPEI-24_MAM_full_max.tif
delete: s3://digital-atlas/domain=climate/type=observational/source=chirps-chirts-era5/region=africa/processing=climatology/variable=PTOT/period=AMJ/clim=wmo_1991-2020/stat=max/SPEI-24_MAM_full_mean.tif
delete: s3://digital-atlas/domain=climate/type=observational/source=chirps-chirts-era5/region=africa/processing=climatology/variable=PTOT/period=AMJ/clim=wmo_1991-2020/stat=max/SPEI-24_MAM_full_min.tif
delete: s3://digital-atlas/domain=climate/type=observational/source=chirps-chirts-era5/region=africa/processing=climatology/variable=PTOT/period=AMJ/clim=wmo_1991-2020/stat=max/SPEI-24_MAM_full_sd.tif
delete: s3://digital-atlas/domain=climate/type=observational/source=chirps-chirts-era5/region=africa/processing=climatology/variable=PTOT/period=AMJ/clim=wmo_1991-2020/stat=max/SPEI-24_MJJ_1991-2020_min.tif
delete: s3://digital-atlas/domain=climate/type=observational/source=chirps-chirts-era5/region=africa/processing=climatology/variable=PTOT/period=AMJ/clim=wmo_1991-2020/stat=max/SPEI-24_MJJ_1991-2020_max.tif
delete: s3://digital-atlas/domain=climate/type=observational/source=chirps-chirts-era5/region=africa/processing=climatology/variable=PTOT/period=AMJ/clim=wmo_1991-2020/stat=max/SPEI-24_MJJ_1995-2014_max.tif
delete: s3://digital-atlas/domain=climate/type=observational/source=chirps-chirts-era5/region=africa/processing=climatology/variable=PTOT/period=AMJ/clim=wmo_1991-2020/stat=max/SPEI-24_MJJ_1991-2020_mean.tif
delete: s3://digital-atlas/domain=climate/type=observational/source=chirps-chirts-era5/region=africa/processing=climatology/variable=PTOT/period=AMJ/clim=wmo_1991-2020/stat=max/SPEI-24_MJJ_1995-2014_mean.tif
delete: s3://digital-atlas/domain=climate/type=observational/source=chirps-chirts-era5/region=africa/processing=climatology/variable=PTOT/period=AMJ/clim=wmo_1991-2020/stat=max/SPEI-24_MJJ_1991-2020_sd.tif
delete: s3://digital-atlas/domain=climate/type=observational/source=chirps-chirts-era5/region=africa/processing=climatology/variable=PTOT/period=AMJ/clim=wmo_1991-2020/stat=max/SPEI-24_MJJ_1995-2014_min.tif
delete: s3://digital-atlas/domain=climate/type=observational/source=chirps-chirts-era5/region=africa/processing=climatology/variable=PTOT/period=AMJ/clim=wmo_1991-2020/stat=max/SPEI-24_MJJ_1995-2014_sd.tif
delete: s3://digital-atlas/domain=climate/type=observational/source=chirps-chirts-era5/region=africa/processing=climatology/variable=PTOT/period=AMJ/clim=wmo_1991-2020/stat=max/SPEI-24_MJJ_full_max.tif
delete: s3://digital-atlas/domain=climate/type=observational/source=chirps-chirts-era5/region=africa/processing=climatology/variable=PTOT/period=AMJ/clim=wmo_1991-2020/stat=max/SPEI-24_MJJ_full_mean.tif
delete: s3://digital-atlas/domain=climate/type=observational/source=chirps-chirts-era5/region=africa/processing=climatology/variable=PTOT/period=AMJ/clim=wmo_1991-2020/stat=max/SPEI-24_MJJ_full_min.tif
delete: s3://digital-atlas/domain=climate/type=observational/source=chirps-chirts-era5/region=africa/processing=climatology/variable=PTOT/period=AMJ/clim=wmo_1991-2020/stat=max/SPEI-24_MJJ_full_sd.tif
delete: s3://digital-atlas/domain=climate/type=observational/source=chirps-chirts-era5/region=africa/processing=climatology/variable=PTOT/period=AMJ/clim=wmo_1991-2020/stat=max/SPEI-24_NDJ_1991-2020_mean.tif
delete: s3://digital-atlas/domain=climate/type=observational/source=chirps-chirts-era5/region=africa/processing=climatology/variable=PTOT/period=AMJ/clim=wmo_1991-2020/stat=max/SPEI-24_NDJ_1991-2020_max.tif
delete: s3://digital-atlas/domain=climate/type=observational/source=chirps-chirts-era5/region=africa/processing=climatology/variable=PTOT/period=AMJ/clim=wmo_1991-2020/stat=max/SPEI-24_NDJ_1991-2020_min.tif
delete: s3://digital-atlas/domain=climate/type=observational/source=chirps-chirts-era5/region=africa/processing=climatology/variable=PTOT/period=AMJ/clim=wmo_1991-2020/stat=max/SPEI-24_NDJ_1991-2020_sd.tif
delete: s3://digital-atlas/domain=climate/type=observational/source=chirps-chirts-era5/region=africa/processing=climatology/variable=PTOT/period=AMJ/clim=wmo_1991-2020/stat=max/SPEI-24_NDJ_1995-2014_max.tif
delete: s3://digital-atlas/domain=climate/type=observational/source=chirps-chirts-era5/region=africa/processing=climatology/variable=PTOT/period=AMJ/clim=wmo_1991-2020/stat=max/SPEI-24_NDJ_1995-2014_mean.tif
delete: s3://digital-atlas/domain=climate/type=observational/source=chirps-chirts-era5/region=africa/processing=climatology/variable=PTOT/period=AMJ/clim=wmo_1991-2020/stat=max/SPEI-24_NDJ_1995-2014_sd.tif
delete: s3://digital-atlas/domain=climate/type=observational/source=chirps-chirts-era5/region=africa/processing=climatology/variable=PTOT/period=AMJ/clim=wmo_1991-2020/stat=max/SPEI-24_NDJ_1995-2014_min.tif
delete: s3://digital-atlas/domain=climate/type=observational/source=chirps-chirts-era5/region=africa/processing=climatology/variable=PTOT/period=AMJ/clim=wmo_1991-2020/stat=max/SPEI-24_NDJ_full_max.tif
delete: s3://digital-atlas/domain=climate/type=observational/source=chirps-chirts-era5/region=africa/processing=climatology/variable=PTOT/period=AMJ/clim=wmo_1991-2020/stat=max/SPEI-24_NDJ_full_mean.tif
delete: s3://digital-atlas/domain=climate/type=observational/source=chirps-chirts-era5/region=africa/processing=climatology/variable=PTOT/period=AMJ/clim=wmo_1991-2020/stat=max/SPEI-24_NDJ_full_min.tif
delete: s3://digital-atlas/domain=climate/type=observational/source=chirps-chirts-era5/region=africa/processing=climatology/variable=PTOT/period=AMJ/clim=wmo_1991-2020/stat=max/SPEI-24_NDJ_full_sd.tif
delete: s3://digital-atlas/domain=climate/type=observational/source=chirps-chirts-era5/region=africa/processing=climatology/variable=PTOT/period=AMJ/clim=wmo_1991-2020/stat=max/SPEI-24_OND_1991-2020_max.tif
delete: s3://digital-atlas/domain=climate/type=observational/source=chirps-chirts-era5/region=africa/processing=climatology/variable=PTOT/period=AMJ/clim=wmo_1991-2020/stat=max/SPEI-24_OND_1991-2020_mean.tif
delete: s3://digital-atlas/domain=climate/type=observational/source=chirps-chirts-era5/region=africa/processing=climatology/variable=PTOT/period=AMJ/clim=wmo_1991-2020/stat=max/SPEI-24_OND_1991-2020_min.tif
delete: s3://digital-atlas/domain=climate/type=observational/source=chirps-chirts-era5/region=africa/processing=climatology/variable=PTOT/period=AMJ/clim=wmo_1991-2020/stat=max/SPEI-24_OND_1991-2020_sd.tif
delete: s3://digital-atlas/domain=climate/type=observational/source=chirps-chirts-era5/region=africa/processing=climatology/variable=PTOT/period=AMJ/clim=wmo_1991-2020/stat=max/SPEI-24_OND_1995-2014_max.tif
delete: s3://digital-atlas/domain=climate/type=observational/source=chirps-chirts-era5/region=africa/processing=climatology/variable=PTOT/period=AMJ/clim=wmo_1991-2020/stat=max/SPEI-24_OND_1995-2014_min.tif
delete: s3://digital-atlas/domain=climate/type=observational/source=chirps-chirts-era5/region=africa/processing=climatology/variable=PTOT/period=AMJ/clim=wmo_1991-2020/stat=max/SPEI-24_OND_1995-2014_mean.tif
delete: s3://digital-atlas/domain=climate/type=observational/source=chirps-chirts-era5/region=africa/processing=climatology/variable=PTOT/period=AMJ/clim=wmo_1991-2020/stat=max/SPEI-24_OND_1995-2014_sd.tif
delete: s3://digital-atlas/domain=climate/type=observational/source=chirps-chirts-era5/region=africa/processing=climatology/variable=PTOT/period=AMJ/clim=wmo_1991-2020/stat=max/SPEI-24_OND_full_mean.tif
delete: s3://digital-atlas/domain=climate/type=observational/source=chirps-chirts-era5/region=africa/processing=climatology/variable=PTOT/period=AMJ/clim=wmo_1991-2020/stat=max/SPEI-24_OND_full_max.tif
delete: s3://digital-atlas/domain=climate/type=observational/source=chirps-chirts-era5/region=africa/processing=climatology/variable=PTOT/period=AMJ/clim=wmo_1991-2020/stat=max/SPEI-24_OND_full_min.tif
delete: s3://digital-atlas/domain=climate/type=observational/source=chirps-chirts-era5/region=africa/processing=climatology/variable=PTOT/period=AMJ/clim=wmo_1991-2020/stat=max/SPEI-24_OND_full_sd.tif
delete: s3://digital-atlas/domain=climate/type=observational/source=chirps-chirts-era5/region=africa/processing=climatology/variable=PTOT/period=AMJ/clim=wmo_1991-2020/stat=max/SPEI-24_SON_1991-2020_mean.tif
delete: s3://digital-atlas/domain=climate/type=observational/source=chirps-chirts-era5/region=africa/processing=climatology/variable=PTOT/period=AMJ/clim=wmo_1991-2020/stat=max/SPEI-24_SON_1991-2020_sd.tif
delete: s3://digital-atlas/domain=climate/type=observational/source=chirps-chirts-era5/region=africa/processing=climatology/variable=PTOT/period=AMJ/clim=wmo_1991-2020/stat=max/SPEI-24_SON_1995-2014_max.tif
delete: s3://digital-atlas/domain=climate/type=observational/source=chirps-chirts-era5/region=africa/processing=climatology/variable=PTOT/period=AMJ/clim=wmo_1991-2020/stat=max/SPEI-24_SON_1991-2020_min.tif
delete: s3://digital-atlas/domain=climate/type=observational/source=chirps-chirts-era5/region=africa/processing=climatology/variable=PTOT/period=AMJ/clim=wmo_1991-2020/stat=max/SPEI-24_SON_1995-2014_min.tif
delete: s3://digital-atlas/domain=climate/type=observational/source=chirps-chirts-era5/region=africa/processing=climatology/variable=PTOT/period=AMJ/clim=wmo_1991-2020/stat=max/SPEI-24_SON_1995-2014_mean.tif
delete: s3://digital-atlas/domain=climate/type=observational/source=chirps-chirts-era5/region=africa/processing=climatology/variable=PTOT/period=AMJ/clim=wmo_1991-2020/stat=max/SPEI-24_SON_full_max.tif
delete: s3://digital-atlas/domain=climate/type=observational/source=chirps-chirts-era5/region=africa/processing=climatology/variable=PTOT/period=AMJ/clim=wmo_1991-2020/stat=max/SPEI-24_SON_1995-2014_sd.tif
delete: s3://digital-atlas/domain=climate/type=observational/source=chirps-chirts-era5/region=africa/processing=climatology/variable=PTOT/period=AMJ/clim=wmo_1991-2020/stat=max/SPEI-24_SON_full_mean.tif
delete: s3://digital-atlas/domain=climate/type=observational/source=chirps-chirts-era5/region=africa/processing=climatology/variable=PTOT/period=AMJ/clim=wmo_1991-2020/stat=max/SPEI-24_SON_full_sd.tif
delete: s3://digital-atlas/domain=climate/type=observational/source=chirps-chirts-era5/region=africa/processing=climatology/variable=PTOT/period=AMJ/clim=wmo_1991-2020/stat=max/SPEI-24_SON_full_min.tif
delete: s3://digital-atlas/domain=climate/type=observational/source=chirps-chirts-era5/region=africa/processing=climatology/variable=PTOT/period=AMJ/clim=wmo_1991-2020/stat=max/SPEI-24_annual_1991-2020_mean.tif
delete: s3://digital-atlas/domain=climate/type=observational/source=chirps-chirts-era5/region=africa/processing=climatology/variable=PTOT/period=AMJ/clim=wmo_1991-2020/stat=max/SPEI-24_annual_1991-2020_min.tif
delete: s3://digital-atlas/domain=climate/type=observational/source=chirps-chirts-era5/region=africa/processing=climatology/variable=PTOT/period=AMJ/clim=wmo_1991-2020/stat=max/SPEI-24_annual_1991-2020_max.tif
delete: s3://digital-atlas/domain=climate/type=observational/source=chirps-chirts-era5/region=africa/processing=climatology/variable=PTOT/period=AMJ/clim=wmo_1991-2020/stat=max/SPEI-24_annual_1995-2014_max.tif
delete: s3://digital-atlas/domain=climate/type=observational/source=chirps-chirts-era5/region=africa/processing=climatology/variable=PTOT/period=AMJ/clim=wmo_1991-2020/stat=max/SPEI-24_annual_1991-2020_sd.tif
delete: s3://digital-atlas/domain=climate/type=observational/source=chirps-chirts-era5/region=africa/processing=climatology/variable=PTOT/period=AMJ/clim=wmo_1991-2020/stat=max/SPEI-24_annual_1995-2014_mean.tif
delete: s3://digital-atlas/domain=climate/type=observational/source=chirps-chirts-era5/region=africa/processing=climatology/variable=PTOT/period=AMJ/clim=wmo_1991-2020/stat=max/SPEI-24_annual_1995-2014_min.tif
delete: s3://digital-atlas/domain=climate/type=observational/source=chirps-chirts-era5/region=africa/processing=climatology/variable=PTOT/period=AMJ/clim=wmo_1991-2020/stat=max/SPEI-24_annual_1995-2014_sd.tif
delete: s3://digital-atlas/domain=climate/type=observational/source=chirps-chirts-era5/region=africa/processing=climatology/variable=PTOT/period=AMJ/clim=wmo_1991-2020/stat=max/SPEI-24_annual_full_max.tif
delete: s3://digital-atlas/domain=climate/type=observational/source=chirps-chirts-era5/region=africa/processing=climatology/variable=PTOT/period=AMJ/clim=wmo_1991-2020/stat=max/SPEI-24_annual_full_mean.tif
delete: s3://digital-atlas/domain=climate/type=observational/source=chirps-chirts-era5/region=africa/processing=climatology/variable=PTOT/period=AMJ/clim=wmo_1991-2020/stat=max/SPEI-24_annual_full_min.tif
delete: s3://digital-atlas/domain=climate/type=observational/source=chirps-chirts-era5/region=africa/processing=climatology/variable=PTOT/period=AMJ/clim=wmo_1991-2020/stat=max/SPEI-24_annual_full_sd.tif
delete: s3://digital-atlas/domain=climate/type=observational/source=chirps-chirts-era5/region=africa/processing=climatology/variable=PTOT/period=AMJ/clim=wmo_1991-2020/stat=max/TAVG_AMJ_1991-2020_max.tif
delete: s3://digital-atlas/domain=climate/type=observational/source=chirps-chirts-era5/region=africa/processing=climatology/variable=PTOT/period=AMJ/clim=wmo_1991-2020/stat=max/TAVG_AMJ_1991-2020_mean.tif
delete: s3://digital-atlas/domain=climate/type=observational/source=chirps-chirts-era5/region=africa/processing=climatology/variable=PTOT/period=AMJ/clim=wmo_1991-2020/stat=max/TAVG_AMJ_1991-2020_min.tif
delete: s3://digital-atlas/domain=climate/type=observational/source=chirps-chirts-era5/region=africa/processing=climatology/variable=PTOT/period=AMJ/clim=wmo_1991-2020/stat=max/TAVG_AMJ_1995-2014_max.tif
delete: s3://digital-atlas/domain=climate/type=observational/source=chirps-chirts-era5/region=africa/processing=climatology/variable=PTOT/period=AMJ/clim=wmo_1991-2020/stat=max/TAVG_AMJ_1991-2020_sd.tif
delete: s3://digital-atlas/domain=climate/type=observational/source=chirps-chirts-era5/region=africa/processing=climatology/variable=PTOT/period=AMJ/clim=wmo_1991-2020/stat=max/TAVG_AMJ_1995-2014_min.tif
delete: s3://digital-atlas/domain=climate/type=observational/source=chirps-chirts-era5/region=africa/processing=climatology/variable=PTOT/period=AMJ/clim=wmo_1991-2020/stat=max/TAVG_AMJ_1995-2014_mean.tif
delete: s3://digital-atlas/domain=climate/type=observational/source=chirps-chirts-era5/region=africa/processing=climatology/variable=PTOT/period=AMJ/clim=wmo_1991-2020/stat=max/TAVG_AMJ_1995-2014_sd.tif
delete: s3://digital-atlas/domain=climate/type=observational/source=chirps-chirts-era5/region=africa/processing=climatology/variable=PTOT/period=AMJ/clim=wmo_1991-2020/stat=max/TAVG_AMJ_full_max.tif
delete: s3://digital-atlas/domain=climate/type=observational/source=chirps-chirts-era5/region=africa/processing=climatology/variable=PTOT/period=AMJ/clim=wmo_1991-2020/stat=max/TAVG_AMJ_full_sd.tif
delete: s3://digital-atlas/domain=climate/type=observational/source=chirps-chirts-era5/region=africa/processing=climatology/variable=PTOT/period=AMJ/clim=wmo_1991-2020/stat=max/TAVG_AMJ_full_mean.tif
delete: s3://digital-atlas/domain=climate/type=observational/source=chirps-chirts-era5/region=africa/processing=climatology/variable=PTOT/period=AMJ/clim=wmo_1991-2020/stat=max/TAVG_AMJ_full_min.tif
delete: s3://digital-atlas/domain=climate/type=observational/source=chirps-chirts-era5/region=africa/processing=climatology/variable=PTOT/period=AMJ/clim=wmo_1991-2020/stat=max/TAVG_ASO_1991-2020_max.tif
delete: s3://digital-atlas/domain=climate/type=observational/source=chirps-chirts-era5/region=africa/processing=climatology/variable=PTOT/period=AMJ/clim=wmo_1991-2020/stat=max/TAVG_ASO_1991-2020_min.tif
delete: s3://digital-atlas/domain=climate/type=observational/source=chirps-chirts-era5/region=africa/processing=climatology/variable=PTOT/period=AMJ/clim=wmo_1991-2020/stat=max/TAVG_ASO_1991-2020_mean.tif
delete: s3://digital-atlas/domain=climate/type=observational/source=chirps-chirts-era5/region=africa/processing=climatology/variable=PTOT/period=AMJ/clim=wmo_1991-2020/stat=max/TAVG_ASO_1991-2020_sd.tif
delete: s3://digital-atlas/domain=climate/type=observational/source=chirps-chirts-era5/region=africa/processing=climatology/variable=PTOT/period=AMJ/clim=wmo_1991-2020/stat=max/TAVG_ASO_1995-2014_mean.tif
delete: s3://digital-atlas/domain=climate/type=observational/source=chirps-chirts-era5/region=africa/processing=climatology/variable=PTOT/period=AMJ/clim=wmo_1991-2020/stat=max/TAVG_ASO_1995-2014_max.tif
delete: s3://digital-atlas/domain=climate/type=observational/source=chirps-chirts-era5/region=africa/processing=climatology/variable=PTOT/period=AMJ/clim=wmo_1991-2020/stat=max/TAVG_ASO_1995-2014_sd.tif
delete: s3://digital-atlas/domain=climate/type=observational/source=chirps-chirts-era5/region=africa/processing=climatology/variable=PTOT/period=AMJ/clim=wmo_1991-2020/stat=max/TAVG_ASO_1995-2014_min.tif
delete: s3://digital-atlas/domain=climate/type=observational/source=chirps-chirts-era5/region=africa/processing=climatology/variable=PTOT/period=AMJ/clim=wmo_1991-2020/stat=max/TAVG_ASO_full_max.tif
delete: s3://digital-atlas/domain=climate/type=observational/source=chirps-chirts-era5/region=africa/processing=climatology/variable=PTOT/period=AMJ/clim=wmo_1991-2020/stat=max/TAVG_ASO_full_mean.tif
delete: s3://digital-atlas/domain=climate/type=observational/source=chirps-chirts-era5/region=africa/processing=climatology/variable=PTOT/period=AMJ/clim=wmo_1991-2020/stat=max/TAVG_ASO_full_min.tif
delete: s3://digital-atlas/domain=climate/type=observational/source=chirps-chirts-era5/region=africa/processing=climatology/variable=PTOT/period=AMJ/clim=wmo_1991-2020/stat=max/TAVG_ASO_full_sd.tif
delete: s3://digital-atlas/domain=climate/type=observational/source=chirps-chirts-era5/region=africa/processing=climatology/variable=PTOT/period=AMJ/clim=wmo_1991-2020/stat=max/TAVG_DJF_1991-2020_max.tif
delete: s3://digital-atlas/domain=climate/type=observational/source=chirps-chirts-era5/region=africa/processing=climatology/variable=PTOT/period=AMJ/clim=wmo_1991-2020/stat=max/TAVG_DJF_1991-2020_mean.tif
delete: s3://digital-atlas/domain=climate/type=observational/source=chirps-chirts-era5/region=africa/processing=climatology/variable=PTOT/period=AMJ/clim=wmo_1991-2020/stat=max/TAVG_DJF_1991-2020_min.tif
delete: s3://digital-atlas/domain=climate/type=observational/source=chirps-chirts-era5/region=africa/processing=climatology/variable=PTOT/period=AMJ/clim=wmo_1991-2020/stat=max/TAVG_DJF_1991-2020_sd.tif
delete: s3://digital-atlas/domain=climate/type=observational/source=chirps-chirts-era5/region=africa/processing=climatology/variable=PTOT/period=AMJ/clim=wmo_1991-2020/stat=max/TAVG_DJF_1995-2014_mean.tif
delete: s3://digital-atlas/domain=climate/type=observational/source=chirps-chirts-era5/region=africa/processing=climatology/variable=PTOT/period=AMJ/clim=wmo_1991-2020/stat=max/TAVG_DJF_1995-2014_max.tif
delete: s3://digital-atlas/domain=climate/type=observational/source=chirps-chirts-era5/region=africa/processing=climatology/variable=PTOT/period=AMJ/clim=wmo_1991-2020/stat=max/TAVG_DJF_1995-2014_sd.tif
delete: s3://digital-atlas/domain=climate/type=observational/source=chirps-chirts-era5/region=africa/processing=climatology/variable=PTOT/period=AMJ/clim=wmo_1991-2020/stat=max/TAVG_DJF_full_max.tif
delete: s3://digital-atlas/domain=climate/type=observational/source=chirps-chirts-era5/region=africa/processing=climatology/variable=PTOT/period=AMJ/clim=wmo_1991-2020/stat=max/TAVG_DJF_full_mean.tif
delete: s3://digital-atlas/domain=climate/type=observational/source=chirps-chirts-era5/region=africa/processing=climatology/variable=PTOT/period=AMJ/clim=wmo_1991-2020/stat=max/TAVG_DJF_1995-2014_min.tif
delete: s3://digital-atlas/domain=climate/type=observational/source=chirps-chirts-era5/region=africa/processing=climatology/variable=PTOT/period=AMJ/clim=wmo_1991-2020/stat=max/TAVG_DJF_full_min.tif
delete: s3://digital-atlas/domain=climate/type=observational/source=chirps-chirts-era5/region=africa/processing=climatology/variable=PTOT/period=AMJ/clim=wmo_1991-2020/stat=max/TAVG_DJF_full_sd.tif
delete: s3://digital-atlas/domain=climate/type=observational/source=chirps-chirts-era5/region=africa/processing=climatology/variable=PTOT/period=AMJ/clim=wmo_1991-2020/stat=max/TAVG_FMA_1991-2020_max.tif
delete: s3://digital-atlas/domain=climate/type=observational/source=chirps-chirts-era5/region=africa/processing=climatology/variable=PTOT/period=AMJ/clim=wmo_1991-2020/stat=max/TAVG_FMA_1991-2020_mean.tif
delete: s3://digital-atlas/domain=climate/type=observational/source=chirps-chirts-era5/region=africa/processing=climatology/variable=PTOT/period=AMJ/clim=wmo_1991-2020/stat=max/TAVG_FMA_1991-2020_min.tif
delete: s3://digital-atlas/domain=climate/type=observational/source=chirps-chirts-era5/region=africa/processing=climatology/variable=PTOT/period=AMJ/clim=wmo_1991-2020/stat=max/TAVG_FMA_1991-2020_sd.tif
delete: s3://digital-atlas/domain=climate/type=observational/source=chirps-chirts-era5/region=africa/processing=climatology/variable=PTOT/period=AMJ/clim=wmo_1991-2020/stat=max/TAVG_FMA_1995-2014_max.tif
delete: s3://digital-atlas/domain=climate/type=observational/source=chirps-chirts-era5/region=africa/processing=climatology/variable=PTOT/period=AMJ/clim=wmo_1991-2020/stat=max/SPEI-24_SON_1991-2020_max.tif
delete: s3://digital-atlas/domain=climate/type=observational/source=chirps-chirts-era5/region=africa/processing=climatology/variable=PTOT/period=AMJ/clim=wmo_1991-2020/stat=max/TAVG_FMA_1995-2014_mean.tif
delete: s3://digital-atlas/domain=climate/type=observational/source=chirps-chirts-era5/region=africa/processing=climatology/variable=PTOT/period=AMJ/clim=wmo_1991-2020/stat=max/TAVG_FMA_1995-2014_min.tif
delete: s3://digital-atlas/domain=climate/type=observational/source=chirps-chirts-era5/region=africa/processing=climatology/variable=PTOT/period=AMJ/clim=wmo_1991-2020/stat=max/TAVG_FMA_1995-2014_sd.tif
delete: s3://digital-atlas/domain=climate/type=observational/source=chirps-chirts-era5/region=africa/processing=climatology/variable=PTOT/period=AMJ/clim=wmo_1991-2020/stat=max/TAVG_FMA_full_max.tif
delete: s3://digital-atlas/domain=climate/type=observational/source=chirps-chirts-era5/region=africa/processing=climatology/variable=PTOT/period=AMJ/clim=wmo_1991-2020/stat=max/TAVG_FMA_full_mean.tif
delete: s3://digital-atlas/domain=climate/type=observational/source=chirps-chirts-era5/region=africa/processing=climatology/variable=PTOT/period=AMJ/clim=wmo_1991-2020/stat=max/TAVG_FMA_full_min.tif
delete: s3://digital-atlas/domain=climate/type=observational/source=chirps-chirts-era5/region=africa/processing=climatology/variable=PTOT/period=AMJ/clim=wmo_1991-2020/stat=max/TAVG_JAS_1991-2020_min.tif
delete: s3://digital-atlas/domain=climate/type=observational/source=chirps-chirts-era5/region=africa/processing=climatology/variable=PTOT/period=AMJ/clim=wmo_1991-2020/stat=max/TAVG_JAS_1995-2014_max.tif
delete: s3://digital-atlas/domain=climate/type=observational/source=chirps-chirts-era5/region=africa/processing=climatology/variable=PTOT/period=AMJ/clim=wmo_1991-2020/stat=max/TAVG_JAS_1991-2020_max.tif
delete: s3://digital-atlas/domain=climate/type=observational/source=chirps-chirts-era5/region=africa/processing=climatology/variable=PTOT/period=AMJ/clim=wmo_1991-2020/stat=max/TAVG_JAS_1991-2020_sd.tif
delete: s3://digital-atlas/domain=climate/type=observational/source=chirps-chirts-era5/region=africa/processing=climatology/variable=PTOT/period=AMJ/clim=wmo_1991-2020/stat=max/TAVG_JAS_1995-2014_mean.tif
delete: s3://digital-atlas/domain=climate/type=observational/source=chirps-chirts-era5/region=africa/processing=climatology/variable=PTOT/period=AMJ/clim=wmo_1991-2020/stat=max/TAVG_JAS_1991-2020_mean.tif
delete: s3://digital-atlas/domain=climate/type=observational/source=chirps-chirts-era5/region=africa/processing=climatology/variable=PTOT/period=AMJ/clim=wmo_1991-2020/stat=max/TAVG_JAS_1995-2014_sd.tif
delete: s3://digital-atlas/domain=climate/type=observational/source=chirps-chirts-era5/region=africa/processing=climatology/variable=PTOT/period=AMJ/clim=wmo_1991-2020/stat=max/TAVG_JAS_full_max.tif
delete: s3://digital-atlas/domain=climate/type=observational/source=chirps-chirts-era5/region=africa/processing=climatology/variable=PTOT/period=AMJ/clim=wmo_1991-2020/stat=max/TAVG_JAS_full_min.tif
delete: s3://digital-atlas/domain=climate/type=observational/source=chirps-chirts-era5/region=africa/processing=climatology/variable=PTOT/period=AMJ/clim=wmo_1991-2020/stat=max/TAVG_JAS_full_mean.tif
delete: s3://digital-atlas/domain=climate/type=observational/source=chirps-chirts-era5/region=africa/processing=climatology/variable=PTOT/period=AMJ/clim=wmo_1991-2020/stat=max/TAVG_JFM_1991-2020_max.tif
delete: s3://digital-atlas/domain=climate/type=observational/source=chirps-chirts-era5/region=africa/processing=climatology/variable=PTOT/period=AMJ/clim=wmo_1991-2020/stat=max/TAVG_JFM_1991-2020_mean.tif
delete: s3://digital-atlas/domain=climate/type=observational/source=chirps-chirts-era5/region=africa/processing=climatology/variable=PTOT/period=AMJ/clim=wmo_1991-2020/stat=max/TAVG_JAS_full_sd.tif
delete: s3://digital-atlas/domain=climate/type=observational/source=chirps-chirts-era5/region=africa/processing=climatology/variable=PTOT/period=AMJ/clim=wmo_1991-2020/stat=max/TAVG_JFM_1991-2020_min.tif
delete: s3://digital-atlas/domain=climate/type=observational/source=chirps-chirts-era5/region=africa/processing=climatology/variable=PTOT/period=AMJ/clim=wmo_1991-2020/stat=max/TAVG_FMA_full_sd.tif
delete: s3://digital-atlas/domain=climate/type=observational/source=chirps-chirts-era5/region=africa/processing=climatology/variable=PTOT/period=AMJ/clim=wmo_1991-2020/stat=max/TAVG_JFM_1995-2014_min.tif
delete: s3://digital-atlas/domain=climate/type=observational/source=chirps-chirts-era5/region=africa/processing=climatology/variable=PTOT/period=AMJ/clim=wmo_1991-2020/stat=max/TAVG_JFM_1995-2014_mean.tif
delete: s3://digital-atlas/domain=climate/type=observational/source=chirps-chirts-era5/region=africa/processing=climatology/variable=PTOT/period=AMJ/clim=wmo_1991-2020/stat=max/TAVG_JFM_full_max.tif
delete: s3://digital-atlas/domain=climate/type=observational/source=chirps-chirts-era5/region=africa/processing=climatology/variable=PTOT/period=AMJ/clim=wmo_1991-2020/stat=max/TAVG_JFM_1995-2014_sd.tif
delete: s3://digital-atlas/domain=climate/type=observational/source=chirps-chirts-era5/region=africa/processing=climatology/variable=PTOT/period=AMJ/clim=wmo_1991-2020/stat=max/TAVG_JAS_1995-2014_min.tif
delete: s3://digital-atlas/domain=climate/type=observational/source=chirps-chirts-era5/region=africa/processing=climatology/variable=PTOT/period=AMJ/clim=wmo_1991-2020/stat=max/TAVG_JFM_1995-2014_max.tif
delete: s3://digital-atlas/domain=climate/type=observational/source=chirps-chirts-era5/region=africa/processing=climatology/variable=PTOT/period=AMJ/clim=wmo_1991-2020/stat=max/TAVG_JFM_full_mean.tif
delete: s3://digital-atlas/domain=climate/type=observational/source=chirps-chirts-era5/region=africa/processing=climatology/variable=PTOT/period=AMJ/clim=wmo_1991-2020/stat=max/TAVG_JFM_full_sd.tif
delete: s3://digital-atlas/domain=climate/type=observational/source=chirps-chirts-era5/region=africa/processing=climatology/variable=PTOT/period=AMJ/clim=wmo_1991-2020/stat=max/TAVG_JFM_1991-2020_sd.tif
delete: s3://digital-atlas/domain=climate/type=observational/source=chirps-chirts-era5/region=africa/processing=climatology/variable=PTOT/period=AMJ/clim=wmo_1991-2020/stat=max/TAVG_JJA_1991-2020_mean.tif
delete: s3://digital-atlas/domain=climate/type=observational/source=chirps-chirts-era5/region=africa/processing=climatology/variable=PTOT/period=AMJ/clim=wmo_1991-2020/stat=max/SPEI-12_MJJ_1991-2020_mean.tif
delete: s3://digital-atlas/domain=climate/type=observational/source=chirps-chirts-era5/region=africa/processing=climatology/variable=PTOT/period=AMJ/clim=wmo_1991-2020/stat=max/TAVG_JJA_1991-2020_sd.tif
delete: s3://digital-atlas/domain=climate/type=observational/source=chirps-chirts-era5/region=africa/processing=climatology/variable=PTOT/period=AMJ/clim=wmo_1991-2020/stat=max/SPEI-12_MJJ_1991-2020_sd.tif
delete: s3://digital-atlas/domain=climate/type=observational/source=chirps-chirts-era5/region=africa/processing=climatology/variable=PTOT/period=AMJ/clim=wmo_1991-2020/stat=max/SPEI-12_MJJ_1991-2020_min.tif
delete: s3://digital-atlas/domain=climate/type=observational/source=chirps-chirts-era5/region=africa/processing=climatology/variable=PTOT/period=AMJ/clim=wmo_1991-2020/stat=max/TAVG_JJA_1995-2014_mean.tif
delete: s3://digital-atlas/domain=climate/type=observational/source=chirps-chirts-era5/region=africa/processing=climatology/variable=PTOT/period=AMJ/clim=wmo_1991-2020/stat=max/TAVG_JJA_1995-2014_min.tif
delete: s3://digital-atlas/domain=climate/type=observational/source=chirps-chirts-era5/region=africa/processing=climatology/variable=PTOT/period=AMJ/clim=wmo_1991-2020/stat=max/TAVG_JJA_full_max.tif
delete: s3://digital-atlas/domain=climate/type=observational/source=chirps-chirts-era5/region=africa/processing=climatology/variable=PTOT/period=AMJ/clim=wmo_1991-2020/stat=max/TAVG_JJA_full_mean.tif
delete: s3://digital-atlas/domain=climate/type=observational/source=chirps-chirts-era5/region=africa/processing=climatology/variable=PTOT/period=AMJ/clim=wmo_1991-2020/stat=max/TAVG_JJA_full_min.tif
delete: s3://digital-atlas/domain=climate/type=observational/source=chirps-chirts-era5/region=africa/processing=climatology/variable=PTOT/period=AMJ/clim=wmo_1991-2020/stat=max/TAVG_JJA_1991-2020_min.tif
delete: s3://digital-atlas/domain=climate/type=observational/source=chirps-chirts-era5/region=africa/processing=climatology/variable=PTOT/period=AMJ/clim=wmo_1991-2020/stat=max/TAVG_JFM_full_min.tif
delete: s3://digital-atlas/domain=climate/type=observational/source=chirps-chirts-era5/region=africa/processing=climatology/variable=PTOT/period=AMJ/clim=wmo_1991-2020/stat=max/TAVG_JJA_1991-2020_max.tif
delete: s3://digital-atlas/domain=climate/type=observational/source=chirps-chirts-era5/region=africa/processing=climatology/variable=PTOT/period=AMJ/clim=wmo_1991-2020/stat=max/TAVG_MAM_1995-2014_max.tif
delete: s3://digital-atlas/domain=climate/type=observational/source=chirps-chirts-era5/region=africa/processing=climatology/variable=PTOT/period=AMJ/clim=wmo_1991-2020/stat=max/TAVG_MAM_1991-2020_max.tif
delete: s3://digital-atlas/domain=climate/type=observational/source=chirps-chirts-era5/region=africa/processing=climatology/variable=PTOT/period=AMJ/clim=wmo_1991-2020/stat=max/TAVG_MAM_1991-2020_mean.tif
delete: s3://digital-atlas/domain=climate/type=observational/source=chirps-chirts-era5/region=africa/processing=climatology/variable=PTOT/period=AMJ/clim=wmo_1991-2020/stat=max/TAVG_MAM_1991-2020_min.tif
delete: s3://digital-atlas/domain=climate/type=observational/source=chirps-chirts-era5/region=africa/processing=climatology/variable=PTOT/period=AMJ/clim=wmo_1991-2020/stat=max/TAVG_JJA_1995-2014_sd.tif
delete: s3://digital-atlas/domain=climate/type=observational/source=chirps-chirts-era5/region=africa/processing=climatology/variable=PTOT/period=AMJ/clim=wmo_1991-2020/stat=max/TAVG_MAM_1991-2020_sd.tif
delete: s3://digital-atlas/domain=climate/type=observational/source=chirps-chirts-era5/region=africa/processing=climatology/variable=PTOT/period=AMJ/clim=wmo_1991-2020/stat=max/TAVG_MAM_1995-2014_mean.tif
delete: s3://digital-atlas/domain=climate/type=observational/source=chirps-chirts-era5/region=africa/processing=climatology/variable=PTOT/period=AMJ/clim=wmo_1991-2020/stat=max/TAVG_JJA_full_sd.tif
delete: s3://digital-atlas/domain=climate/type=observational/source=chirps-chirts-era5/region=africa/processing=climatology/variable=PTOT/period=AMJ/clim=wmo_1991-2020/stat=max/TAVG_MAM_1995-2014_sd.tif
delete: s3://digital-atlas/domain=climate/type=observational/source=chirps-chirts-era5/region=africa/processing=climatology/variable=PTOT/period=AMJ/clim=wmo_1991-2020/stat=max/TAVG_MAM_full_sd.tif
delete: s3://digital-atlas/domain=climate/type=observational/source=chirps-chirts-era5/region=africa/processing=climatology/variable=PTOT/period=AMJ/clim=wmo_1991-2020/stat=max/TAVG_MAM_full_max.tif
delete: s3://digital-atlas/domain=climate/type=observational/source=chirps-chirts-era5/region=africa/processing=climatology/variable=PTOT/period=AMJ/clim=wmo_1991-2020/stat=max/TAVG_JJA_1995-2014_max.tif
delete: s3://digital-atlas/domain=climate/type=observational/source=chirps-chirts-era5/region=africa/processing=climatology/variable=PTOT/period=AMJ/clim=wmo_1991-2020/stat=max/TAVG_MAM_full_mean.tif
delete: s3://digital-atlas/domain=climate/type=observational/source=chirps-chirts-era5/region=africa/processing=climatology/variable=PTOT/period=AMJ/clim=wmo_1991-2020/stat=max/TAVG_MJJ_1991-2020_min.tif
delete: s3://digital-atlas/domain=climate/type=observational/source=chirps-chirts-era5/region=africa/processing=climatology/variable=PTOT/period=AMJ/clim=wmo_1991-2020/stat=max/TAVG_MJJ_1991-2020_max.tif
delete: s3://digital-atlas/domain=climate/type=observational/source=chirps-chirts-era5/region=africa/processing=climatology/variable=PTOT/period=AMJ/clim=wmo_1991-2020/stat=max/TAVG_MJJ_1991-2020_sd.tif
delete: s3://digital-atlas/domain=climate/type=observational/source=chirps-chirts-era5/region=africa/processing=climatology/variable=PTOT/period=AMJ/clim=wmo_1991-2020/stat=max/TAVG_MJJ_1991-2020_mean.tif
delete: s3://digital-atlas/domain=climate/type=observational/source=chirps-chirts-era5/region=africa/processing=climatology/variable=PTOT/period=AMJ/clim=wmo_1991-2020/stat=max/TAVG_MAM_1995-2014_min.tif
delete: s3://digital-atlas/domain=climate/type=observational/source=chirps-chirts-era5/region=africa/processing=climatology/variable=PTOT/period=AMJ/clim=wmo_1991-2020/stat=max/TAVG_MAM_full_min.tif
delete: s3://digital-atlas/domain=climate/type=observational/source=chirps-chirts-era5/region=africa/processing=climatology/variable=PTOT/period=AMJ/clim=wmo_1991-2020/stat=max/TAVG_MJJ_1995-2014_max.tif
delete: s3://digital-atlas/domain=climate/type=observational/source=chirps-chirts-era5/region=africa/processing=climatology/variable=PTOT/period=AMJ/clim=wmo_1991-2020/stat=max/TAVG_MJJ_1995-2014_min.tif
delete: s3://digital-atlas/domain=climate/type=observational/source=chirps-chirts-era5/region=africa/processing=climatology/variable=PTOT/period=AMJ/clim=wmo_1991-2020/stat=max/TAVG_MJJ_full_mean.tif
delete: s3://digital-atlas/domain=climate/type=observational/source=chirps-chirts-era5/region=africa/processing=climatology/variable=PTOT/period=AMJ/clim=wmo_1991-2020/stat=max/TAVG_MJJ_1995-2014_sd.tif
delete: s3://digital-atlas/domain=climate/type=observational/source=chirps-chirts-era5/region=africa/processing=climatology/variable=PTOT/period=AMJ/clim=wmo_1991-2020/stat=max/TAVG_MJJ_full_max.tif
delete: s3://digital-atlas/domain=climate/type=observational/source=chirps-chirts-era5/region=africa/processing=climatology/variable=PTOT/period=AMJ/clim=wmo_1991-2020/stat=max/TAVG_NDJ_1991-2020_mean.tif
delete: s3://digital-atlas/domain=climate/type=observational/source=chirps-chirts-era5/region=africa/processing=climatology/variable=PTOT/period=AMJ/clim=wmo_1991-2020/stat=max/TAVG_MJJ_1995-2014_mean.tif
delete: s3://digital-atlas/domain=climate/type=observational/source=chirps-chirts-era5/region=africa/processing=climatology/variable=PTOT/period=AMJ/clim=wmo_1991-2020/stat=max/TAVG_MJJ_full_sd.tif
delete: s3://digital-atlas/domain=climate/type=observational/source=chirps-chirts-era5/region=africa/processing=climatology/variable=PTOT/period=AMJ/clim=wmo_1991-2020/stat=max/TAVG_NDJ_1991-2020_max.tif
delete: s3://digital-atlas/domain=climate/type=observational/source=chirps-chirts-era5/region=africa/processing=climatology/variable=PTOT/period=AMJ/clim=wmo_1991-2020/stat=max/TAVG_NDJ_1991-2020_min.tif
delete: s3://digital-atlas/domain=climate/type=observational/source=chirps-chirts-era5/region=africa/processing=climatology/variable=PTOT/period=AMJ/clim=wmo_1991-2020/stat=max/TAVG_MJJ_full_min.tif
delete: s3://digital-atlas/domain=climate/type=observational/source=chirps-chirts-era5/region=africa/processing=climatology/variable=PTOT/period=AMJ/clim=wmo_1991-2020/stat=max/TAVG_NDJ_1995-2014_max.tif
delete: s3://digital-atlas/domain=climate/type=observational/source=chirps-chirts-era5/region=africa/processing=climatology/variable=PTOT/period=AMJ/clim=wmo_1991-2020/stat=max/TAVG_NDJ_1991-2020_sd.tif
delete: s3://digital-atlas/domain=climate/type=observational/source=chirps-chirts-era5/region=africa/processing=climatology/variable=PTOT/period=AMJ/clim=wmo_1991-2020/stat=max/TAVG_NDJ_1995-2014_mean.tif
delete: s3://digital-atlas/domain=climate/type=observational/source=chirps-chirts-era5/region=africa/processing=climatology/variable=PTOT/period=AMJ/clim=wmo_1991-2020/stat=max/TAVG_NDJ_1995-2014_min.tif
delete: s3://digital-atlas/domain=climate/type=observational/source=chirps-chirts-era5/region=africa/processing=climatology/variable=PTOT/period=AMJ/clim=wmo_1991-2020/stat=max/TAVG_NDJ_1995-2014_sd.tif
delete: s3://digital-atlas/domain=climate/type=observational/source=chirps-chirts-era5/region=africa/processing=climatology/variable=PTOT/period=AMJ/clim=wmo_1991-2020/stat=max/TAVG_NDJ_full_max.tif
delete: s3://digital-atlas/domain=climate/type=observational/source=chirps-chirts-era5/region=africa/processing=climatology/variable=PTOT/period=AMJ/clim=wmo_1991-2020/stat=max/TAVG_NDJ_full_mean.tif
delete: s3://digital-atlas/domain=climate/type=observational/source=chirps-chirts-era5/region=africa/processing=climatology/variable=PTOT/period=AMJ/clim=wmo_1991-2020/stat=max/TAVG_NDJ_full_min.tif
delete: s3://digital-atlas/domain=climate/type=observational/source=chirps-chirts-era5/region=africa/processing=climatology/variable=PTOT/period=AMJ/clim=wmo_1991-2020/stat=max/TAVG_NDJ_full_sd.tif
delete: s3://digital-atlas/domain=climate/type=observational/source=chirps-chirts-era5/region=africa/processing=climatology/variable=PTOT/period=AMJ/clim=wmo_1991-2020/stat=max/TAVG_OND_1991-2020_max.tif
delete: s3://digital-atlas/domain=climate/type=observational/source=chirps-chirts-era5/region=africa/processing=climatology/variable=PTOT/period=AMJ/clim=wmo_1991-2020/stat=max/TAVG_OND_1991-2020_min.tif
delete: s3://digital-atlas/domain=climate/type=observational/source=chirps-chirts-era5/region=africa/processing=climatology/variable=PTOT/period=AMJ/clim=wmo_1991-2020/stat=max/TAVG_OND_1991-2020_mean.tif
delete: s3://digital-atlas/domain=climate/type=observational/source=chirps-chirts-era5/region=africa/processing=climatology/variable=PTOT/period=AMJ/clim=wmo_1991-2020/stat=max/TAVG_OND_1991-2020_sd.tif
delete: s3://digital-atlas/domain=climate/type=observational/source=chirps-chirts-era5/region=africa/processing=climatology/variable=PTOT/period=AMJ/clim=wmo_1991-2020/stat=max/TAVG_OND_1995-2014_max.tif
delete: s3://digital-atlas/domain=climate/type=observational/source=chirps-chirts-era5/region=africa/processing=climatology/variable=PTOT/period=AMJ/clim=wmo_1991-2020/stat=max/TAVG_OND_1995-2014_mean.tif
delete: s3://digital-atlas/domain=climate/type=observational/source=chirps-chirts-era5/region=africa/processing=climatology/variable=PTOT/period=AMJ/clim=wmo_1991-2020/stat=max/TAVG_OND_1995-2014_min.tif
delete: s3://digital-atlas/domain=climate/type=observational/source=chirps-chirts-era5/region=africa/processing=climatology/variable=PTOT/period=AMJ/clim=wmo_1991-2020/stat=max/TAVG_OND_1995-2014_sd.tif
delete: s3://digital-atlas/domain=climate/type=observational/source=chirps-chirts-era5/region=africa/processing=climatology/variable=PTOT/period=AMJ/clim=wmo_1991-2020/stat=max/TAVG_OND_full_max.tif
delete: s3://digital-atlas/domain=climate/type=observational/source=chirps-chirts-era5/region=africa/processing=climatology/variable=PTOT/period=AMJ/clim=wmo_1991-2020/stat=max/TAVG_OND_full_min.tif
delete: s3://digital-atlas/domain=climate/type=observational/source=chirps-chirts-era5/region=africa/processing=climatology/variable=PTOT/period=AMJ/clim=wmo_1991-2020/stat=max/TAVG_SON_1991-2020_min.tif
delete: s3://digital-atlas/domain=climate/type=observational/source=chirps-chirts-era5/region=africa/processing=climatology/variable=PTOT/period=AMJ/clim=wmo_1991-2020/stat=max/TAVG_SON_1991-2020_max.tif
delete: s3://digital-atlas/domain=climate/type=observational/source=chirps-chirts-era5/region=africa/processing=climatology/variable=PTOT/period=AMJ/clim=wmo_1991-2020/stat=max/TAVG_OND_full_mean.tif
delete: s3://digital-atlas/domain=climate/type=observational/source=chirps-chirts-era5/region=africa/processing=climatology/variable=PTOT/period=AMJ/clim=wmo_1991-2020/stat=max/TAVG_SON_1991-2020_mean.tif
delete: s3://digital-atlas/domain=climate/type=observational/source=chirps-chirts-era5/region=africa/processing=climatology/variable=PTOT/period=AMJ/clim=wmo_1991-2020/stat=max/TAVG_SON_1991-2020_sd.tif
delete: s3://digital-atlas/domain=climate/type=observational/source=chirps-chirts-era5/region=africa/processing=climatology/variable=PTOT/period=AMJ/clim=wmo_1991-2020/stat=max/TAVG_SON_1995-2014_max.tif
delete: s3://digital-atlas/domain=climate/type=observational/source=chirps-chirts-era5/region=africa/processing=climatology/variable=PTOT/period=AMJ/clim=wmo_1991-2020/stat=max/TAVG_SON_1995-2014_min.tif
delete: s3://digital-atlas/domain=climate/type=observational/source=chirps-chirts-era5/region=africa/processing=climatology/variable=PTOT/period=AMJ/clim=wmo_1991-2020/stat=max/TAVG_SON_1995-2014_mean.tif
delete: s3://digital-atlas/domain=climate/type=observational/source=chirps-chirts-era5/region=africa/processing=climatology/variable=PTOT/period=AMJ/clim=wmo_1991-2020/stat=max/TAVG_OND_full_sd.tif
delete: s3://digital-atlas/domain=climate/type=observational/source=chirps-chirts-era5/region=africa/processing=climatology/variable=PTOT/period=AMJ/clim=wmo_1991-2020/stat=max/TAVG_SON_1995-2014_sd.tif
delete: s3://digital-atlas/domain=climate/type=observational/source=chirps-chirts-era5/region=africa/processing=climatology/variable=PTOT/period=AMJ/clim=wmo_1991-2020/stat=max/TAVG_SON_full_max.tif
delete: s3://digital-atlas/domain=climate/type=observational/source=chirps-chirts-era5/region=africa/processing=climatology/variable=PTOT/period=AMJ/clim=wmo_1991-2020/stat=max/TAVG_SON_full_mean.tif
delete: s3://digital-atlas/domain=climate/type=observational/source=chirps-chirts-era5/region=africa/processing=climatology/variable=PTOT/period=AMJ/clim=wmo_1991-2020/stat=max/TAVG_SON_full_min.tif
delete: s3://digital-atlas/domain=climate/type=observational/source=chirps-chirts-era5/region=africa/processing=climatology/variable=PTOT/period=AMJ/clim=wmo_1991-2020/stat=max/TAVG_SON_full_sd.tif
delete: s3://digital-atlas/domain=climate/type=observational/source=chirps-chirts-era5/region=africa/processing=climatology/variable=PTOT/period=AMJ/clim=wmo_1991-2020/stat=max/TAVG_annual_1991-2020_max.tif
delete: s3://digital-atlas/domain=climate/type=observational/source=chirps-chirts-era5/region=africa/processing=climatology/variable=PTOT/period=AMJ/clim=wmo_1991-2020/stat=max/TAVG_annual_1991-2020_mean.tif
delete: s3://digital-atlas/domain=climate/type=observational/source=chirps-chirts-era5/region=africa/processing=climatology/variable=PTOT/period=AMJ/clim=wmo_1991-2020/stat=max/TAVG_annual_1991-2020_min.tif
delete: s3://digital-atlas/domain=climate/type=observational/source=chirps-chirts-era5/region=africa/processing=climatology/variable=PTOT/period=AMJ/clim=wmo_1991-2020/stat=max/TAVG_annual_1995-2014_max.tif
delete: s3://digital-atlas/domain=climate/type=observational/source=chirps-chirts-era5/region=africa/processing=climatology/variable=PTOT/period=AMJ/clim=wmo_1991-2020/stat=max/TAVG_annual_1991-2020_sd.tif
delete: s3://digital-atlas/domain=climate/type=observational/source=chirps-chirts-era5/region=africa/processing=climatology/variable=PTOT/period=AMJ/clim=wmo_1991-2020/stat=max/TAVG_annual_1995-2014_mean.tif
delete: s3://digital-atlas/domain=climate/type=observational/source=chirps-chirts-era5/region=africa/processing=climatology/variable=PTOT/period=AMJ/clim=wmo_1991-2020/stat=max/TAVG_annual_1995-2014_min.tif
delete: s3://digital-atlas/domain=climate/type=observational/source=chirps-chirts-era5/region=africa/processing=climatology/variable=PTOT/period=AMJ/clim=wmo_1991-2020/stat=max/TAVG_annual_1995-2014_sd.tif
delete: s3://digital-atlas/domain=climate/type=observational/source=chirps-chirts-era5/region=africa/processing=climatology/variable=PTOT/period=AMJ/clim=wmo_1991-2020/stat=max/TAVG_annual_full_max.tif
delete: s3://digital-atlas/domain=climate/type=observational/source=chirps-chirts-era5/region=africa/processing=climatology/variable=PTOT/period=AMJ/clim=wmo_1991-2020/stat=max/TAVG_annual_full_mean.tif
delete: s3://digital-atlas/domain=climate/type=observational/source=chirps-chirts-era5/region=africa/processing=climatology/variable=PTOT/period=AMJ/clim=wmo_1991-2020/stat=max/TAVG_annual_full_min.tif
delete: s3://digital-atlas/domain=climate/type=observational/source=chirps-chirts-era5/region=africa/processing=climatology/variable=PTOT/period=AMJ/clim=wmo_1991-2020/stat=max/TAVG_annual_full_sd.tif
delete: s3://digital-atlas/domain=climate/type=observational/source=chirps-chirts-era5/region=africa/processing=climatology/variable=PTOT/period=AMJ/clim=wmo_1991-2020/stat=max/TMAX_AMJ_1991-2020_max.tif
delete: s3://digital-atlas/domain=climate/type=observational/source=chirps-chirts-era5/region=africa/processing=climatology/variable=PTOT/period=AMJ/clim=wmo_1991-2020/stat=max/TMAX_AMJ_1991-2020_mean.tif
delete: s3://digital-atlas/domain=climate/type=observational/source=chirps-chirts-era5/region=africa/processing=climatology/variable=PTOT/period=AMJ/clim=wmo_1991-2020/stat=max/TMAX_AMJ_1991-2020_min.tif
delete: s3://digital-atlas/domain=climate/type=observational/source=chirps-chirts-era5/region=africa/processing=climatology/variable=PTOT/period=AMJ/clim=wmo_1991-2020/stat=max/TMAX_AMJ_1991-2020_sd.tif
delete: s3://digital-atlas/domain=climate/type=observational/source=chirps-chirts-era5/region=africa/processing=climatology/variable=PTOT/period=AMJ/clim=wmo_1991-2020/stat=max/TMAX_AMJ_1995-2014_max.tif
delete: s3://digital-atlas/domain=climate/type=observational/source=chirps-chirts-era5/region=africa/processing=climatology/variable=PTOT/period=AMJ/clim=wmo_1991-2020/stat=max/TMAX_AMJ_1995-2014_mean.tif
delete: s3://digital-atlas/domain=climate/type=observational/source=chirps-chirts-era5/region=africa/processing=climatology/variable=PTOT/period=AMJ/clim=wmo_1991-2020/stat=max/TMAX_AMJ_1995-2014_min.tif
delete: s3://digital-atlas/domain=climate/type=observational/source=chirps-chirts-era5/region=africa/processing=climatology/variable=PTOT/period=AMJ/clim=wmo_1991-2020/stat=max/TMAX_AMJ_1995-2014_sd.tif
delete: s3://digital-atlas/domain=climate/type=observational/source=chirps-chirts-era5/region=africa/processing=climatology/variable=PTOT/period=AMJ/clim=wmo_1991-2020/stat=max/TMAX_AMJ_full_max.tif
delete: s3://digital-atlas/domain=climate/type=observational/source=chirps-chirts-era5/region=africa/processing=climatology/variable=PTOT/period=AMJ/clim=wmo_1991-2020/stat=max/TMAX_AMJ_full_mean.tif
delete: s3://digital-atlas/domain=climate/type=observational/source=chirps-chirts-era5/region=africa/processing=climatology/variable=PTOT/period=AMJ/clim=wmo_1991-2020/stat=max/TMAX_AMJ_full_min.tif
delete: s3://digital-atlas/domain=climate/type=observational/source=chirps-chirts-era5/region=africa/processing=climatology/variable=PTOT/period=AMJ/clim=wmo_1991-2020/stat=max/TMAX_ASO_1991-2020_max.tif
delete: s3://digital-atlas/domain=climate/type=observational/source=chirps-chirts-era5/region=africa/processing=climatology/variable=PTOT/period=AMJ/clim=wmo_1991-2020/stat=max/TMAX_AMJ_full_sd.tif
delete: s3://digital-atlas/domain=climate/type=observational/source=chirps-chirts-era5/region=africa/processing=climatology/variable=PTOT/period=AMJ/clim=wmo_1991-2020/stat=max/TMAX_ASO_1991-2020_mean.tif
delete: s3://digital-atlas/domain=climate/type=observational/source=chirps-chirts-era5/region=africa/processing=climatology/variable=PTOT/period=AMJ/clim=wmo_1991-2020/stat=max/TMAX_ASO_1991-2020_sd.tif
delete: s3://digital-atlas/domain=climate/type=observational/source=chirps-chirts-era5/region=africa/processing=climatology/variable=PTOT/period=AMJ/clim=wmo_1991-2020/stat=max/TMAX_ASO_1995-2014_max.tif
delete: s3://digital-atlas/domain=climate/type=observational/source=chirps-chirts-era5/region=africa/processing=climatology/variable=PTOT/period=AMJ/clim=wmo_1991-2020/stat=max/TMAX_ASO_1995-2014_sd.tif
delete: s3://digital-atlas/domain=climate/type=observational/source=chirps-chirts-era5/region=africa/processing=climatology/variable=PTOT/period=AMJ/clim=wmo_1991-2020/stat=max/TMAX_ASO_1995-2014_mean.tif
delete: s3://digital-atlas/domain=climate/type=observational/source=chirps-chirts-era5/region=africa/processing=climatology/variable=PTOT/period=AMJ/clim=wmo_1991-2020/stat=max/TMAX_ASO_full_max.tif
delete: s3://digital-atlas/domain=climate/type=observational/source=chirps-chirts-era5/region=africa/processing=climatology/variable=PTOT/period=AMJ/clim=wmo_1991-2020/stat=max/TMAX_ASO_1991-2020_min.tif
delete: s3://digital-atlas/domain=climate/type=observational/source=chirps-chirts-era5/region=africa/processing=climatology/variable=PTOT/period=AMJ/clim=wmo_1991-2020/stat=max/TMAX_ASO_full_mean.tif
delete: s3://digital-atlas/domain=climate/type=observational/source=chirps-chirts-era5/region=africa/processing=climatology/variable=PTOT/period=AMJ/clim=wmo_1991-2020/stat=max/TMAX_ASO_full_min.tif
delete: s3://digital-atlas/domain=climate/type=observational/source=chirps-chirts-era5/region=africa/processing=climatology/variable=PTOT/period=AMJ/clim=wmo_1991-2020/stat=max/TMAX_ASO_full_sd.tif
delete: s3://digital-atlas/domain=climate/type=observational/source=chirps-chirts-era5/region=africa/processing=climatology/variable=PTOT/period=AMJ/clim=wmo_1991-2020/stat=max/TMAX_ASO_1995-2014_min.tif
delete: s3://digital-atlas/domain=climate/type=observational/source=chirps-chirts-era5/region=africa/processing=climatology/variable=PTOT/period=AMJ/clim=wmo_1991-2020/stat=max/TMAX_DJF_1991-2020_max.tif
delete: s3://digital-atlas/domain=climate/type=observational/source=chirps-chirts-era5/region=africa/processing=climatology/variable=PTOT/period=AMJ/clim=wmo_1991-2020/stat=max/TMAX_DJF_1991-2020_mean.tif
delete: s3://digital-atlas/domain=climate/type=observational/source=chirps-chirts-era5/region=africa/processing=climatology/variable=PTOT/period=AMJ/clim=wmo_1991-2020/stat=max/TMAX_DJF_1991-2020_min.tif
delete: s3://digital-atlas/domain=climate/type=observational/source=chirps-chirts-era5/region=africa/processing=climatology/variable=PTOT/period=AMJ/clim=wmo_1991-2020/stat=max/TMAX_DJF_1991-2020_sd.tif
delete: s3://digital-atlas/domain=climate/type=observational/source=chirps-chirts-era5/region=africa/processing=climatology/variable=PTOT/period=AMJ/clim=wmo_1991-2020/stat=max/TMAX_DJF_1995-2014_max.tif
delete: s3://digital-atlas/domain=climate/type=observational/source=chirps-chirts-era5/region=africa/processing=climatology/variable=PTOT/period=AMJ/clim=wmo_1991-2020/stat=max/TMAX_DJF_1995-2014_min.tif
delete: s3://digital-atlas/domain=climate/type=observational/source=chirps-chirts-era5/region=africa/processing=climatology/variable=PTOT/period=AMJ/clim=wmo_1991-2020/stat=max/TMAX_DJF_full_min.tif
delete: s3://digital-atlas/domain=climate/type=observational/source=chirps-chirts-era5/region=africa/processing=climatology/variable=PTOT/period=AMJ/clim=wmo_1991-2020/stat=max/TMAX_DJF_1995-2014_sd.tif
delete: s3://digital-atlas/domain=climate/type=observational/source=chirps-chirts-era5/region=africa/processing=climatology/variable=PTOT/period=AMJ/clim=wmo_1991-2020/stat=max/TMAX_DJF_full_max.tif
delete: s3://digital-atlas/domain=climate/type=observational/source=chirps-chirts-era5/region=africa/processing=climatology/variable=PTOT/period=AMJ/clim=wmo_1991-2020/stat=max/TMAX_DJF_full_mean.tif
delete: s3://digital-atlas/domain=climate/type=observational/source=chirps-chirts-era5/region=africa/processing=climatology/variable=PTOT/period=AMJ/clim=wmo_1991-2020/stat=max/TMAX_DJF_full_sd.tif
delete: s3://digital-atlas/domain=climate/type=observational/source=chirps-chirts-era5/region=africa/processing=climatology/variable=PTOT/period=AMJ/clim=wmo_1991-2020/stat=max/TMAX_FMA_1991-2020_max.tif
delete: s3://digital-atlas/domain=climate/type=observational/source=chirps-chirts-era5/region=africa/processing=climatology/variable=PTOT/period=AMJ/clim=wmo_1991-2020/stat=max/TMAX_FMA_1991-2020_mean.tif
delete: s3://digital-atlas/domain=climate/type=observational/source=chirps-chirts-era5/region=africa/processing=climatology/variable=PTOT/period=AMJ/clim=wmo_1991-2020/stat=max/TMAX_DJF_1995-2014_mean.tif
delete: s3://digital-atlas/domain=climate/type=observational/source=chirps-chirts-era5/region=africa/processing=climatology/variable=PTOT/period=AMJ/clim=wmo_1991-2020/stat=max/TMAX_FMA_1991-2020_min.tif
delete: s3://digital-atlas/domain=climate/type=observational/source=chirps-chirts-era5/region=africa/processing=climatology/variable=PTOT/period=AMJ/clim=wmo_1991-2020/stat=max/TMAX_FMA_1991-2020_sd.tif
delete: s3://digital-atlas/domain=climate/type=observational/source=chirps-chirts-era5/region=africa/processing=climatology/variable=PTOT/period=AMJ/clim=wmo_1991-2020/stat=max/TMAX_FMA_1995-2014_max.tif
delete: s3://digital-atlas/domain=climate/type=observational/source=chirps-chirts-era5/region=africa/processing=climatology/variable=PTOT/period=AMJ/clim=wmo_1991-2020/stat=max/TMAX_FMA_1995-2014_sd.tif
delete: s3://digital-atlas/domain=climate/type=observational/source=chirps-chirts-era5/region=africa/processing=climatology/variable=PTOT/period=AMJ/clim=wmo_1991-2020/stat=max/TMAX_FMA_1995-2014_min.tif
delete: s3://digital-atlas/domain=climate/type=observational/source=chirps-chirts-era5/region=africa/processing=climatology/variable=PTOT/period=AMJ/clim=wmo_1991-2020/stat=max/TMAX_FMA_full_max.tif
delete: s3://digital-atlas/domain=climate/type=observational/source=chirps-chirts-era5/region=africa/processing=climatology/variable=PTOT/period=AMJ/clim=wmo_1991-2020/stat=max/TMAX_FMA_full_mean.tif
delete: s3://digital-atlas/domain=climate/type=observational/source=chirps-chirts-era5/region=africa/processing=climatology/variable=PTOT/period=AMJ/clim=wmo_1991-2020/stat=max/TMAX_FMA_1995-2014_mean.tif
delete: s3://digital-atlas/domain=climate/type=observational/source=chirps-chirts-era5/region=africa/processing=climatology/variable=PTOT/period=AMJ/clim=wmo_1991-2020/stat=max/TMAX_FMA_full_sd.tif
delete: s3://digital-atlas/domain=climate/type=observational/source=chirps-chirts-era5/region=africa/processing=climatology/variable=PTOT/period=AMJ/clim=wmo_1991-2020/stat=max/TMAX_JAS_1991-2020_max.tif
delete: s3://digital-atlas/domain=climate/type=observational/source=chirps-chirts-era5/region=africa/processing=climatology/variable=PTOT/period=AMJ/clim=wmo_1991-2020/stat=max/TMAX_FMA_full_min.tif
delete: s3://digital-atlas/domain=climate/type=observational/source=chirps-chirts-era5/region=africa/processing=climatology/variable=PTOT/period=AMJ/clim=wmo_1991-2020/stat=max/TMAX_JAS_1991-2020_min.tif
delete: s3://digital-atlas/domain=climate/type=observational/source=chirps-chirts-era5/region=africa/processing=climatology/variable=PTOT/period=AMJ/clim=wmo_1991-2020/stat=max/TMAX_JAS_1995-2014_max.tif
delete: s3://digital-atlas/domain=climate/type=observational/source=chirps-chirts-era5/region=africa/processing=climatology/variable=PTOT/period=AMJ/clim=wmo_1991-2020/stat=max/TMAX_JAS_1991-2020_mean.tif
delete: s3://digital-atlas/domain=climate/type=observational/source=chirps-chirts-era5/region=africa/processing=climatology/variable=PTOT/period=AMJ/clim=wmo_1991-2020/stat=max/TMAX_JAS_1995-2014_min.tif
delete: s3://digital-atlas/domain=climate/type=observational/source=chirps-chirts-era5/region=africa/processing=climatology/variable=PTOT/period=AMJ/clim=wmo_1991-2020/stat=max/TMAX_JAS_1991-2020_sd.tif
delete: s3://digital-atlas/domain=climate/type=observational/source=chirps-chirts-era5/region=africa/processing=climatology/variable=PTOT/period=AMJ/clim=wmo_1991-2020/stat=max/TMAX_JAS_1995-2014_sd.tif
delete: s3://digital-atlas/domain=climate/type=observational/source=chirps-chirts-era5/region=africa/processing=climatology/variable=PTOT/period=AMJ/clim=wmo_1991-2020/stat=max/TMAX_JAS_1995-2014_mean.tif
delete: s3://digital-atlas/domain=climate/type=observational/source=chirps-chirts-era5/region=africa/processing=climatology/variable=PTOT/period=AMJ/clim=wmo_1991-2020/stat=max/TMAX_JAS_full_max.tif
delete: s3://digital-atlas/domain=climate/type=observational/source=chirps-chirts-era5/region=africa/processing=climatology/variable=PTOT/period=AMJ/clim=wmo_1991-2020/stat=max/TMAX_JAS_full_mean.tif
delete: s3://digital-atlas/domain=climate/type=observational/source=chirps-chirts-era5/region=africa/processing=climatology/variable=PTOT/period=AMJ/clim=wmo_1991-2020/stat=max/TMAX_JAS_full_min.tif
delete: s3://digital-atlas/domain=climate/type=observational/source=chirps-chirts-era5/region=africa/processing=climatology/variable=PTOT/period=AMJ/clim=wmo_1991-2020/stat=max/TMAX_JAS_full_sd.tif
delete: s3://digital-atlas/domain=climate/type=observational/source=chirps-chirts-era5/region=africa/processing=climatology/variable=PTOT/period=AMJ/clim=wmo_1991-2020/stat=max/TMAX_JFM_1995-2014_max.tif
delete: s3://digital-atlas/domain=climate/type=observational/source=chirps-chirts-era5/region=africa/processing=climatology/variable=PTOT/period=AMJ/clim=wmo_1991-2020/stat=max/TMAX_JFM_1991-2020_mean.tif
delete: s3://digital-atlas/domain=climate/type=observational/source=chirps-chirts-era5/region=africa/processing=climatology/variable=PTOT/period=AMJ/clim=wmo_1991-2020/stat=max/TMAX_JFM_1991-2020_min.tif
delete: s3://digital-atlas/domain=climate/type=observational/source=chirps-chirts-era5/region=africa/processing=climatology/variable=PTOT/period=AMJ/clim=wmo_1991-2020/stat=max/TMAX_JFM_1991-2020_sd.tif
delete: s3://digital-atlas/domain=climate/type=observational/source=chirps-chirts-era5/region=africa/processing=climatology/variable=PTOT/period=AMJ/clim=wmo_1991-2020/stat=max/TMAX_JFM_1995-2014_mean.tif
delete: s3://digital-atlas/domain=climate/type=observational/source=chirps-chirts-era5/region=africa/processing=climatology/variable=PTOT/period=AMJ/clim=wmo_1991-2020/stat=max/TMAX_JFM_1991-2020_max.tif
delete: s3://digital-atlas/domain=climate/type=observational/source=chirps-chirts-era5/region=africa/processing=climatology/variable=PTOT/period=AMJ/clim=wmo_1991-2020/stat=max/TMAX_JFM_1995-2014_sd.tif
delete: s3://digital-atlas/domain=climate/type=observational/source=chirps-chirts-era5/region=africa/processing=climatology/variable=PTOT/period=AMJ/clim=wmo_1991-2020/stat=max/TMAX_JFM_full_mean.tif
delete: s3://digital-atlas/domain=climate/type=observational/source=chirps-chirts-era5/region=africa/processing=climatology/variable=PTOT/period=AMJ/clim=wmo_1991-2020/stat=max/TMAX_JFM_1995-2014_min.tif
delete: s3://digital-atlas/domain=climate/type=observational/source=chirps-chirts-era5/region=africa/processing=climatology/variable=PTOT/period=AMJ/clim=wmo_1991-2020/stat=max/TMAX_JFM_full_min.tif
delete: s3://digital-atlas/domain=climate/type=observational/source=chirps-chirts-era5/region=africa/processing=climatology/variable=PTOT/period=AMJ/clim=wmo_1991-2020/stat=max/TMAX_JFM_full_max.tif
delete: s3://digital-atlas/domain=climate/type=observational/source=chirps-chirts-era5/region=africa/processing=climatology/variable=PTOT/period=AMJ/clim=wmo_1991-2020/stat=max/TMAX_JFM_full_sd.tif
delete: s3://digital-atlas/domain=climate/type=observational/source=chirps-chirts-era5/region=africa/processing=climatology/variable=PTOT/period=AMJ/clim=wmo_1991-2020/stat=max/TMAX_JJA_1991-2020_max.tif
delete: s3://digital-atlas/domain=climate/type=observational/source=chirps-chirts-era5/region=africa/processing=climatology/variable=PTOT/period=AMJ/clim=wmo_1991-2020/stat=max/TMAX_JJA_1991-2020_min.tif
delete: s3://digital-atlas/domain=climate/type=observational/source=chirps-chirts-era5/region=africa/processing=climatology/variable=PTOT/period=AMJ/clim=wmo_1991-2020/stat=max/TMAX_JJA_1991-2020_mean.tif
delete: s3://digital-atlas/domain=climate/type=observational/source=chirps-chirts-era5/region=africa/processing=climatology/variable=PTOT/period=AMJ/clim=wmo_1991-2020/stat=max/TMAX_JJA_1991-2020_sd.tif
delete: s3://digital-atlas/domain=climate/type=observational/source=chirps-chirts-era5/region=africa/processing=climatology/variable=PTOT/period=AMJ/clim=wmo_1991-2020/stat=max/TMAX_JJA_1995-2014_max.tif
delete: s3://digital-atlas/domain=climate/type=observational/source=chirps-chirts-era5/region=africa/processing=climatology/variable=PTOT/period=AMJ/clim=wmo_1991-2020/stat=max/TMAX_JJA_1995-2014_mean.tif
delete: s3://digital-atlas/domain=climate/type=observational/source=chirps-chirts-era5/region=africa/processing=climatology/variable=PTOT/period=AMJ/clim=wmo_1991-2020/stat=max/TMAX_JJA_1995-2014_min.tif
delete: s3://digital-atlas/domain=climate/type=observational/source=chirps-chirts-era5/region=africa/processing=climatology/variable=PTOT/period=AMJ/clim=wmo_1991-2020/stat=max/TMAX_JJA_1995-2014_sd.tif
delete: s3://digital-atlas/domain=climate/type=observational/source=chirps-chirts-era5/region=africa/processing=climatology/variable=PTOT/period=AMJ/clim=wmo_1991-2020/stat=max/TMAX_JJA_full_max.tif
delete: s3://digital-atlas/domain=climate/type=observational/source=chirps-chirts-era5/region=africa/processing=climatology/variable=PTOT/period=AMJ/clim=wmo_1991-2020/stat=max/TMAX_JJA_full_mean.tif
delete: s3://digital-atlas/domain=climate/type=observational/source=chirps-chirts-era5/region=africa/processing=climatology/variable=PTOT/period=AMJ/clim=wmo_1991-2020/stat=max/TMAX_JJA_full_min.tif
delete: s3://digital-atlas/domain=climate/type=observational/source=chirps-chirts-era5/region=africa/processing=climatology/variable=PTOT/period=AMJ/clim=wmo_1991-2020/stat=max/TMAX_JJA_full_sd.tif
delete: s3://digital-atlas/domain=climate/type=observational/source=chirps-chirts-era5/region=africa/processing=climatology/variable=PTOT/period=AMJ/clim=wmo_1991-2020/stat=max/TMAX_MAM_1991-2020_max.tif
delete: s3://digital-atlas/domain=climate/type=observational/source=chirps-chirts-era5/region=africa/processing=climatology/variable=PTOT/period=AMJ/clim=wmo_1991-2020/stat=max/TMAX_MAM_1991-2020_mean.tif
delete: s3://digital-atlas/domain=climate/type=observational/source=chirps-chirts-era5/region=africa/processing=climatology/variable=PTOT/period=AMJ/clim=wmo_1991-2020/stat=max/TMAX_MAM_1991-2020_min.tif
delete: s3://digital-atlas/domain=climate/type=observational/source=chirps-chirts-era5/region=africa/processing=climatology/variable=PTOT/period=AMJ/clim=wmo_1991-2020/stat=max/TMAX_MAM_1991-2020_sd.tif
delete: s3://digital-atlas/domain=climate/type=observational/source=chirps-chirts-era5/region=africa/processing=climatology/variable=PTOT/period=AMJ/clim=wmo_1991-2020/stat=max/TMAX_MAM_1995-2014_max.tif
delete: s3://digital-atlas/domain=climate/type=observational/source=chirps-chirts-era5/region=africa/processing=climatology/variable=PTOT/period=AMJ/clim=wmo_1991-2020/stat=max/TMAX_MAM_1995-2014_mean.tif
delete: s3://digital-atlas/domain=climate/type=observational/source=chirps-chirts-era5/region=africa/processing=climatology/variable=PTOT/period=AMJ/clim=wmo_1991-2020/stat=max/TMAX_MAM_1995-2014_min.tif
delete: s3://digital-atlas/domain=climate/type=observational/source=chirps-chirts-era5/region=africa/processing=climatology/variable=PTOT/period=AMJ/clim=wmo_1991-2020/stat=max/TMAX_MAM_1995-2014_sd.tif
delete: s3://digital-atlas/domain=climate/type=observational/source=chirps-chirts-era5/region=africa/processing=climatology/variable=PTOT/period=AMJ/clim=wmo_1991-2020/stat=max/TMAX_MJJ_1991-2020_max.tif
delete: s3://digital-atlas/domain=climate/type=observational/source=chirps-chirts-era5/region=africa/processing=climatology/variable=PTOT/period=AMJ/clim=wmo_1991-2020/stat=max/TMAX_MAM_full_mean.tif
delete: s3://digital-atlas/domain=climate/type=observational/source=chirps-chirts-era5/region=africa/processing=climatology/variable=PTOT/period=AMJ/clim=wmo_1991-2020/stat=max/TMAX_MAM_full_min.tif
delete: s3://digital-atlas/domain=climate/type=observational/source=chirps-chirts-era5/region=africa/processing=climatology/variable=PTOT/period=AMJ/clim=wmo_1991-2020/stat=max/TMAX_MAM_full_sd.tif
delete: s3://digital-atlas/domain=climate/type=observational/source=chirps-chirts-era5/region=africa/processing=climatology/variable=PTOT/period=AMJ/clim=wmo_1991-2020/stat=max/TMAX_MJJ_1991-2020_mean.tif
delete: s3://digital-atlas/domain=climate/type=observational/source=chirps-chirts-era5/region=africa/processing=climatology/variable=PTOT/period=AMJ/clim=wmo_1991-2020/stat=max/TMAX_MAM_full_max.tif
delete: s3://digital-atlas/domain=climate/type=observational/source=chirps-chirts-era5/region=africa/processing=climatology/variable=PTOT/period=AMJ/clim=wmo_1991-2020/stat=max/TMAX_MJJ_1991-2020_sd.tif
delete: s3://digital-atlas/domain=climate/type=observational/source=chirps-chirts-era5/region=africa/processing=climatology/variable=PTOT/period=AMJ/clim=wmo_1991-2020/stat=max/TMAX_MJJ_1991-2020_min.tif
delete: s3://digital-atlas/domain=climate/type=observational/source=chirps-chirts-era5/region=africa/processing=climatology/variable=PTOT/period=AMJ/clim=wmo_1991-2020/stat=max/TMAX_MJJ_1995-2014_max.tif
delete: s3://digital-atlas/domain=climate/type=observational/source=chirps-chirts-era5/region=africa/processing=climatology/variable=PTOT/period=AMJ/clim=wmo_1991-2020/stat=max/TMAX_MJJ_1995-2014_mean.tif
delete: s3://digital-atlas/domain=climate/type=observational/source=chirps-chirts-era5/region=africa/processing=climatology/variable=PTOT/period=AMJ/clim=wmo_1991-2020/stat=max/TMAX_MJJ_1995-2014_min.tif
delete: s3://digital-atlas/domain=climate/type=observational/source=chirps-chirts-era5/region=africa/processing=climatology/variable=PTOT/period=AMJ/clim=wmo_1991-2020/stat=max/TMAX_MJJ_full_max.tif
delete: s3://digital-atlas/domain=climate/type=observational/source=chirps-chirts-era5/region=africa/processing=climatology/variable=PTOT/period=AMJ/clim=wmo_1991-2020/stat=max/TMAX_MJJ_1995-2014_sd.tif
delete: s3://digital-atlas/domain=climate/type=observational/source=chirps-chirts-era5/region=africa/processing=climatology/variable=PTOT/period=AMJ/clim=wmo_1991-2020/stat=max/TMAX_MJJ_full_mean.tif
delete: s3://digital-atlas/domain=climate/type=observational/source=chirps-chirts-era5/region=africa/processing=climatology/variable=PTOT/period=AMJ/clim=wmo_1991-2020/stat=max/TMAX_MJJ_full_min.tif
delete: s3://digital-atlas/domain=climate/type=observational/source=chirps-chirts-era5/region=africa/processing=climatology/variable=PTOT/period=AMJ/clim=wmo_1991-2020/stat=max/TMAX_MJJ_full_sd.tif
delete: s3://digital-atlas/domain=climate/type=observational/source=chirps-chirts-era5/region=africa/processing=climatology/variable=PTOT/period=AMJ/clim=wmo_1991-2020/stat=max/TMAX_NDJ_1991-2020_max.tif
delete: s3://digital-atlas/domain=climate/type=observational/source=chirps-chirts-era5/region=africa/processing=climatology/variable=PTOT/period=AMJ/clim=wmo_1991-2020/stat=max/TMAX_NDJ_1991-2020_min.tif
delete: s3://digital-atlas/domain=climate/type=observational/source=chirps-chirts-era5/region=africa/processing=climatology/variable=PTOT/period=AMJ/clim=wmo_1991-2020/stat=max/TMAX_NDJ_1991-2020_mean.tif
delete: s3://digital-atlas/domain=climate/type=observational/source=chirps-chirts-era5/region=africa/processing=climatology/variable=PTOT/period=AMJ/clim=wmo_1991-2020/stat=max/TMAX_NDJ_1991-2020_sd.tif
delete: s3://digital-atlas/domain=climate/type=observational/source=chirps-chirts-era5/region=africa/processing=climatology/variable=PTOT/period=AMJ/clim=wmo_1991-2020/stat=max/TMAX_NDJ_1995-2014_max.tif
delete: s3://digital-atlas/domain=climate/type=observational/source=chirps-chirts-era5/region=africa/processing=climatology/variable=PTOT/period=AMJ/clim=wmo_1991-2020/stat=max/TMAX_NDJ_1995-2014_mean.tif
delete: s3://digital-atlas/domain=climate/type=observational/source=chirps-chirts-era5/region=africa/processing=climatology/variable=PTOT/period=AMJ/clim=wmo_1991-2020/stat=max/TMAX_NDJ_1995-2014_min.tif
delete: s3://digital-atlas/domain=climate/type=observational/source=chirps-chirts-era5/region=africa/processing=climatology/variable=PTOT/period=AMJ/clim=wmo_1991-2020/stat=max/TMAX_NDJ_1995-2014_sd.tif
delete: s3://digital-atlas/domain=climate/type=observational/source=chirps-chirts-era5/region=africa/processing=climatology/variable=PTOT/period=AMJ/clim=wmo_1991-2020/stat=max/TMAX_NDJ_full_max.tif
delete: s3://digital-atlas/domain=climate/type=observational/source=chirps-chirts-era5/region=africa/processing=climatology/variable=PTOT/period=AMJ/clim=wmo_1991-2020/stat=max/TMAX_NDJ_full_mean.tif
delete: s3://digital-atlas/domain=climate/type=observational/source=chirps-chirts-era5/region=africa/processing=climatology/variable=PTOT/period=AMJ/clim=wmo_1991-2020/stat=max/TMAX_NDJ_full_min.tif
delete: s3://digital-atlas/domain=climate/type=observational/source=chirps-chirts-era5/region=africa/processing=climatology/variable=PTOT/period=AMJ/clim=wmo_1991-2020/stat=max/TMAX_NDJ_full_sd.tif
delete: s3://digital-atlas/domain=climate/type=observational/source=chirps-chirts-era5/region=africa/processing=climatology/variable=PTOT/period=AMJ/clim=wmo_1991-2020/stat=max/TMAX_OND_1991-2020_mean.tif
delete: s3://digital-atlas/domain=climate/type=observational/source=chirps-chirts-era5/region=africa/processing=climatology/variable=PTOT/period=AMJ/clim=wmo_1991-2020/stat=max/TMAX_OND_1991-2020_min.tif
delete: s3://digital-atlas/domain=climate/type=observational/source=chirps-chirts-era5/region=africa/processing=climatology/variable=PTOT/period=AMJ/clim=wmo_1991-2020/stat=max/TMAX_OND_1991-2020_max.tif
delete: s3://digital-atlas/domain=climate/type=observational/source=chirps-chirts-era5/region=africa/processing=climatology/variable=PTOT/period=AMJ/clim=wmo_1991-2020/stat=max/TMAX_OND_1991-2020_sd.tif
delete: s3://digital-atlas/domain=climate/type=observational/source=chirps-chirts-era5/region=africa/processing=climatology/variable=PTOT/period=AMJ/clim=wmo_1991-2020/stat=max/TMAX_OND_1995-2014_max.tif
delete: s3://digital-atlas/domain=climate/type=observational/source=chirps-chirts-era5/region=africa/processing=climatology/variable=PTOT/period=AMJ/clim=wmo_1991-2020/stat=max/TMAX_OND_1995-2014_mean.tif
delete: s3://digital-atlas/domain=climate/type=observational/source=chirps-chirts-era5/region=africa/processing=climatology/variable=PTOT/period=AMJ/clim=wmo_1991-2020/stat=max/TMAX_OND_1995-2014_min.tif
delete: s3://digital-atlas/domain=climate/type=observational/source=chirps-chirts-era5/region=africa/processing=climatology/variable=PTOT/period=AMJ/clim=wmo_1991-2020/stat=max/TMAX_OND_1995-2014_sd.tif
delete: s3://digital-atlas/domain=climate/type=observational/source=chirps-chirts-era5/region=africa/processing=climatology/variable=PTOT/period=AMJ/clim=wmo_1991-2020/stat=max/TMAX_OND_full_max.tif
delete: s3://digital-atlas/domain=climate/type=observational/source=chirps-chirts-era5/region=africa/processing=climatology/variable=PTOT/period=AMJ/clim=wmo_1991-2020/stat=max/TMAX_OND_full_mean.tif
delete: s3://digital-atlas/domain=climate/type=observational/source=chirps-chirts-era5/region=africa/processing=climatology/variable=PTOT/period=AMJ/clim=wmo_1991-2020/stat=max/TMAX_OND_full_min.tif
delete: s3://digital-atlas/domain=climate/type=observational/source=chirps-chirts-era5/region=africa/processing=climatology/variable=PTOT/period=AMJ/clim=wmo_1991-2020/stat=max/TMAX_OND_full_sd.tif
delete: s3://digital-atlas/domain=climate/type=observational/source=chirps-chirts-era5/region=africa/processing=climatology/variable=PTOT/period=AMJ/clim=wmo_1991-2020/stat=max/TMAX_SON_1991-2020_mean.tif
delete: s3://digital-atlas/domain=climate/type=observational/source=chirps-chirts-era5/region=africa/processing=climatology/variable=PTOT/period=AMJ/clim=wmo_1991-2020/stat=max/TMAX_SON_1991-2020_min.tif
delete: s3://digital-atlas/domain=climate/type=observational/source=chirps-chirts-era5/region=africa/processing=climatology/variable=PTOT/period=AMJ/clim=wmo_1991-2020/stat=max/TMAX_SON_1991-2020_max.tif
delete: s3://digital-atlas/domain=climate/type=observational/source=chirps-chirts-era5/region=africa/processing=climatology/variable=PTOT/period=AMJ/clim=wmo_1991-2020/stat=max/TMAX_SON_1991-2020_sd.tif
delete: s3://digital-atlas/domain=climate/type=observational/source=chirps-chirts-era5/region=africa/processing=climatology/variable=PTOT/period=AMJ/clim=wmo_1991-2020/stat=max/TMAX_SON_1995-2014_max.tif
delete: s3://digital-atlas/domain=climate/type=observational/source=chirps-chirts-era5/region=africa/processing=climatology/variable=PTOT/period=AMJ/clim=wmo_1991-2020/stat=max/TMAX_SON_1995-2014_mean.tif
delete: s3://digital-atlas/domain=climate/type=observational/source=chirps-chirts-era5/region=africa/processing=climatology/variable=PTOT/period=AMJ/clim=wmo_1991-2020/stat=max/TMAX_SON_1995-2014_min.tif
delete: s3://digital-atlas/domain=climate/type=observational/source=chirps-chirts-era5/region=africa/processing=climatology/variable=PTOT/period=AMJ/clim=wmo_1991-2020/stat=max/TMAX_SON_1995-2014_sd.tif
delete: s3://digital-atlas/domain=climate/type=observational/source=chirps-chirts-era5/region=africa/processing=climatology/variable=PTOT/period=AMJ/clim=wmo_1991-2020/stat=max/TMAX_SON_full_max.tif
delete: s3://digital-atlas/domain=climate/type=observational/source=chirps-chirts-era5/region=africa/processing=climatology/variable=PTOT/period=AMJ/clim=wmo_1991-2020/stat=max/TMAX_SON_full_mean.tif
delete: s3://digital-atlas/domain=climate/type=observational/source=chirps-chirts-era5/region=africa/processing=climatology/variable=PTOT/period=AMJ/clim=wmo_1991-2020/stat=max/TMAX_SON_full_min.tif
delete: s3://digital-atlas/domain=climate/type=observational/source=chirps-chirts-era5/region=africa/processing=climatology/variable=PTOT/period=AMJ/clim=wmo_1991-2020/stat=max/TMAX_SON_full_sd.tif
delete: s3://digital-atlas/domain=climate/type=observational/source=chirps-chirts-era5/region=africa/processing=climatology/variable=PTOT/period=AMJ/clim=wmo_1991-2020/stat=max/TMAX_annual_1991-2020_max.tif
delete: s3://digital-atlas/domain=climate/type=observational/source=chirps-chirts-era5/region=africa/processing=climatology/variable=PTOT/period=AMJ/clim=wmo_1991-2020/stat=max/TMAX_annual_1991-2020_mean.tif
delete: s3://digital-atlas/domain=climate/type=observational/source=chirps-chirts-era5/region=africa/processing=climatology/variable=PTOT/period=AMJ/clim=wmo_1991-2020/stat=max/TMAX_annual_1991-2020_min.tif
delete: s3://digital-atlas/domain=climate/type=observational/source=chirps-chirts-era5/region=africa/processing=climatology/variable=PTOT/period=AMJ/clim=wmo_1991-2020/stat=max/TMAX_annual_1991-2020_sd.tif
delete: s3://digital-atlas/domain=climate/type=observational/source=chirps-chirts-era5/region=africa/processing=climatology/variable=PTOT/period=AMJ/clim=wmo_1991-2020/stat=max/TMAX_annual_1995-2014_max.tif
delete: s3://digital-atlas/domain=climate/type=observational/source=chirps-chirts-era5/region=africa/processing=climatology/variable=PTOT/period=AMJ/clim=wmo_1991-2020/stat=max/TMAX_annual_1995-2014_mean.tif
delete: s3://digital-atlas/domain=climate/type=observational/source=chirps-chirts-era5/region=africa/processing=climatology/variable=PTOT/period=AMJ/clim=wmo_1991-2020/stat=max/TMAX_annual_1995-2014_min.tif
delete: s3://digital-atlas/domain=climate/type=observational/source=chirps-chirts-era5/region=africa/processing=climatology/variable=PTOT/period=AMJ/clim=wmo_1991-2020/stat=max/TMAX_annual_1995-2014_sd.tif
delete: s3://digital-atlas/domain=climate/type=observational/source=chirps-chirts-era5/region=africa/processing=climatology/variable=PTOT/period=AMJ/clim=wmo_1991-2020/stat=max/TMAX_annual_full_max.tif
delete: s3://digital-atlas/domain=climate/type=observational/source=chirps-chirts-era5/region=africa/processing=climatology/variable=PTOT/period=AMJ/clim=wmo_1991-2020/stat=max/TMAX_annual_full_mean.tif
delete: s3://digital-atlas/domain=climate/type=observational/source=chirps-chirts-era5/region=africa/processing=climatology/variable=PTOT/period=AMJ/clim=wmo_1991-2020/stat=max/TMAX_annual_full_min.tif
delete: s3://digital-atlas/domain=climate/type=observational/source=chirps-chirts-era5/region=africa/processing=climatology/variable=PTOT/period=AMJ/clim=wmo_1991-2020/stat=max/TMAX_annual_full_sd.tif
delete: s3://digital-atlas/domain=climate/type=observational/source=chirps-chirts-era5/region=africa/processing=climatology/variable=PTOT/period=AMJ/clim=wmo_1991-2020/stat=max/TMIN_AMJ_1995-2014_max.tif
delete: s3://digital-atlas/domain=climate/type=observational/source=chirps-chirts-era5/region=africa/processing=climatology/variable=PTOT/period=AMJ/clim=wmo_1991-2020/stat=max/TMIN_AMJ_1991-2020_mean.tif
delete: s3://digital-atlas/domain=climate/type=observational/source=chirps-chirts-era5/region=africa/processing=climatology/variable=PTOT/period=AMJ/clim=wmo_1991-2020/stat=max/TMIN_AMJ_1991-2020_min.tif
delete: s3://digital-atlas/domain=climate/type=observational/source=chirps-chirts-era5/region=africa/processing=climatology/variable=PTOT/period=AMJ/clim=wmo_1991-2020/stat=max/TMIN_AMJ_1991-2020_sd.tif
delete: s3://digital-atlas/domain=climate/type=observational/source=chirps-chirts-era5/region=africa/processing=climatology/variable=PTOT/period=AMJ/clim=wmo_1991-2020/stat=max/TMIN_AMJ_1991-2020_max.tif
delete: s3://digital-atlas/domain=climate/type=observational/source=chirps-chirts-era5/region=africa/processing=climatology/variable=PTOT/period=AMJ/clim=wmo_1991-2020/stat=max/TMIN_AMJ_1995-2014_mean.tif
delete: s3://digital-atlas/domain=climate/type=observational/source=chirps-chirts-era5/region=africa/processing=climatology/variable=PTOT/period=AMJ/clim=wmo_1991-2020/stat=max/TMIN_AMJ_1995-2014_sd.tif
delete: s3://digital-atlas/domain=climate/type=observational/source=chirps-chirts-era5/region=africa/processing=climatology/variable=PTOT/period=AMJ/clim=wmo_1991-2020/stat=max/TMIN_AMJ_1995-2014_min.tif
delete: s3://digital-atlas/domain=climate/type=observational/source=chirps-chirts-era5/region=africa/processing=climatology/variable=PTOT/period=AMJ/clim=wmo_1991-2020/stat=max/TMIN_AMJ_full_max.tif
delete: s3://digital-atlas/domain=climate/type=observational/source=chirps-chirts-era5/region=africa/processing=climatology/variable=PTOT/period=AMJ/clim=wmo_1991-2020/stat=max/TMIN_ASO_1991-2020_mean.tif
delete: s3://digital-atlas/domain=climate/type=observational/source=chirps-chirts-era5/region=africa/processing=climatology/variable=PTOT/period=AMJ/clim=wmo_1991-2020/stat=max/TMIN_AMJ_full_min.tif
delete: s3://digital-atlas/domain=climate/type=observational/source=chirps-chirts-era5/region=africa/processing=climatology/variable=PTOT/period=AMJ/clim=wmo_1991-2020/stat=max/TMIN_AMJ_full_sd.tif
delete: s3://digital-atlas/domain=climate/type=observational/source=chirps-chirts-era5/region=africa/processing=climatology/variable=PTOT/period=AMJ/clim=wmo_1991-2020/stat=max/TMIN_ASO_1991-2020_max.tif
delete: s3://digital-atlas/domain=climate/type=observational/source=chirps-chirts-era5/region=africa/processing=climatology/variable=PTOT/period=AMJ/clim=wmo_1991-2020/stat=max/TMIN_ASO_1991-2020_min.tif
delete: s3://digital-atlas/domain=climate/type=observational/source=chirps-chirts-era5/region=africa/processing=climatology/variable=PTOT/period=AMJ/clim=wmo_1991-2020/stat=max/TMIN_AMJ_full_mean.tif
delete: s3://digital-atlas/domain=climate/type=observational/source=chirps-chirts-era5/region=africa/processing=climatology/variable=PTOT/period=AMJ/clim=wmo_1991-2020/stat=max/TMIN_ASO_1995-2014_max.tif
delete: s3://digital-atlas/domain=climate/type=observational/source=chirps-chirts-era5/region=africa/processing=climatology/variable=PTOT/period=AMJ/clim=wmo_1991-2020/stat=max/TMIN_ASO_1991-2020_sd.tif
delete: s3://digital-atlas/domain=climate/type=observational/source=chirps-chirts-era5/region=africa/processing=climatology/variable=PTOT/period=AMJ/clim=wmo_1991-2020/stat=max/TMIN_ASO_1995-2014_mean.tif
delete: s3://digital-atlas/domain=climate/type=observational/source=chirps-chirts-era5/region=africa/processing=climatology/variable=PTOT/period=AMJ/clim=wmo_1991-2020/stat=max/TMIN_ASO_1995-2014_sd.tif
delete: s3://digital-atlas/domain=climate/type=observational/source=chirps-chirts-era5/region=africa/processing=climatology/variable=PTOT/period=AMJ/clim=wmo_1991-2020/stat=max/TMIN_ASO_1995-2014_min.tif
delete: s3://digital-atlas/domain=climate/type=observational/source=chirps-chirts-era5/region=africa/processing=climatology/variable=PTOT/period=AMJ/clim=wmo_1991-2020/stat=max/TMIN_ASO_full_max.tif
delete: s3://digital-atlas/domain=climate/type=observational/source=chirps-chirts-era5/region=africa/processing=climatology/variable=PTOT/period=AMJ/clim=wmo_1991-2020/stat=max/TMIN_ASO_full_min.tif
delete: s3://digital-atlas/domain=climate/type=observational/source=chirps-chirts-era5/region=africa/processing=climatology/variable=PTOT/period=AMJ/clim=wmo_1991-2020/stat=max/TMIN_ASO_full_mean.tif
delete: s3://digital-atlas/domain=climate/type=observational/source=chirps-chirts-era5/region=africa/processing=climatology/variable=PTOT/period=AMJ/clim=wmo_1991-2020/stat=max/TMIN_ASO_full_sd.tif
delete: s3://digital-atlas/domain=climate/type=observational/source=chirps-chirts-era5/region=africa/processing=climatology/variable=PTOT/period=AMJ/clim=wmo_1991-2020/stat=max/TMIN_DJF_1991-2020_max.tif
delete: s3://digital-atlas/domain=climate/type=observational/source=chirps-chirts-era5/region=africa/processing=climatology/variable=PTOT/period=AMJ/clim=wmo_1991-2020/stat=max/TMIN_DJF_1991-2020_mean.tif
delete: s3://digital-atlas/domain=climate/type=observational/source=chirps-chirts-era5/region=africa/processing=climatology/variable=PTOT/period=AMJ/clim=wmo_1991-2020/stat=max/TMIN_DJF_1991-2020_min.tif
delete: s3://digital-atlas/domain=climate/type=observational/source=chirps-chirts-era5/region=africa/processing=climatology/variable=PTOT/period=AMJ/clim=wmo_1991-2020/stat=max/TMIN_DJF_1991-2020_sd.tif
delete: s3://digital-atlas/domain=climate/type=observational/source=chirps-chirts-era5/region=africa/processing=climatology/variable=PTOT/period=AMJ/clim=wmo_1991-2020/stat=max/TMIN_DJF_1995-2014_max.tif
delete: s3://digital-atlas/domain=climate/type=observational/source=chirps-chirts-era5/region=africa/processing=climatology/variable=PTOT/period=AMJ/clim=wmo_1991-2020/stat=max/TMIN_DJF_1995-2014_mean.tif
delete: s3://digital-atlas/domain=climate/type=observational/source=chirps-chirts-era5/region=africa/processing=climatology/variable=PTOT/period=AMJ/clim=wmo_1991-2020/stat=max/TMIN_DJF_1995-2014_min.tif
delete: s3://digital-atlas/domain=climate/type=observational/source=chirps-chirts-era5/region=africa/processing=climatology/variable=PTOT/period=AMJ/clim=wmo_1991-2020/stat=max/TMIN_DJF_1995-2014_sd.tif
delete: s3://digital-atlas/domain=climate/type=observational/source=chirps-chirts-era5/region=africa/processing=climatology/variable=PTOT/period=AMJ/clim=wmo_1991-2020/stat=max/TMIN_FMA_1991-2020_max.tif
delete: s3://digital-atlas/domain=climate/type=observational/source=chirps-chirts-era5/region=africa/processing=climatology/variable=PTOT/period=AMJ/clim=wmo_1991-2020/stat=max/TMIN_DJF_full_mean.tif
delete: s3://digital-atlas/domain=climate/type=observational/source=chirps-chirts-era5/region=africa/processing=climatology/variable=PTOT/period=AMJ/clim=wmo_1991-2020/stat=max/TMIN_DJF_full_min.tif
delete: s3://digital-atlas/domain=climate/type=observational/source=chirps-chirts-era5/region=africa/processing=climatology/variable=PTOT/period=AMJ/clim=wmo_1991-2020/stat=max/TMIN_FMA_1995-2014_max.tif
delete: s3://digital-atlas/domain=climate/type=observational/source=chirps-chirts-era5/region=africa/processing=climatology/variable=PTOT/period=AMJ/clim=wmo_1991-2020/stat=max/TMIN_FMA_1991-2020_min.tif
delete: s3://digital-atlas/domain=climate/type=observational/source=chirps-chirts-era5/region=africa/processing=climatology/variable=PTOT/period=AMJ/clim=wmo_1991-2020/stat=max/TMIN_DJF_full_max.tif
delete: s3://digital-atlas/domain=climate/type=observational/source=chirps-chirts-era5/region=africa/processing=climatology/variable=PTOT/period=AMJ/clim=wmo_1991-2020/stat=max/TMIN_FMA_1995-2014_mean.tif
delete: s3://digital-atlas/domain=climate/type=observational/source=chirps-chirts-era5/region=africa/processing=climatology/variable=PTOT/period=AMJ/clim=wmo_1991-2020/stat=max/TMIN_FMA_1991-2020_sd.tif
delete: s3://digital-atlas/domain=climate/type=observational/source=chirps-chirts-era5/region=africa/processing=climatology/variable=PTOT/period=AMJ/clim=wmo_1991-2020/stat=max/TMIN_DJF_full_sd.tif
delete: s3://digital-atlas/domain=climate/type=observational/source=chirps-chirts-era5/region=africa/processing=climatology/variable=PTOT/period=AMJ/clim=wmo_1991-2020/stat=max/TMIN_FMA_1991-2020_mean.tif
delete: s3://digital-atlas/domain=climate/type=observational/source=chirps-chirts-era5/region=africa/processing=climatology/variable=PTOT/period=AMJ/clim=wmo_1991-2020/stat=max/TMIN_FMA_1995-2014_min.tif
delete: s3://digital-atlas/domain=climate/type=observational/source=chirps-chirts-era5/region=africa/processing=climatology/variable=PTOT/period=AMJ/clim=wmo_1991-2020/stat=max/TMIN_FMA_1995-2014_sd.tif
delete: s3://digital-atlas/domain=climate/type=observational/source=chirps-chirts-era5/region=africa/processing=climatology/variable=PTOT/period=AMJ/clim=wmo_1991-2020/stat=max/TMIN_FMA_full_max.tif
delete: s3://digital-atlas/domain=climate/type=observational/source=chirps-chirts-era5/region=africa/processing=climatology/variable=PTOT/period=AMJ/clim=wmo_1991-2020/stat=max/TMIN_FMA_full_mean.tif
delete: s3://digital-atlas/domain=climate/type=observational/source=chirps-chirts-era5/region=africa/processing=climatology/variable=PTOT/period=AMJ/clim=wmo_1991-2020/stat=max/TMIN_FMA_full_min.tif
delete: s3://digital-atlas/domain=climate/type=observational/source=chirps-chirts-era5/region=africa/processing=climatology/variable=PTOT/period=AMJ/clim=wmo_1991-2020/stat=max/TMIN_JAS_1991-2020_max.tif
delete: s3://digital-atlas/domain=climate/type=observational/source=chirps-chirts-era5/region=africa/processing=climatology/variable=PTOT/period=AMJ/clim=wmo_1991-2020/stat=max/TMIN_FMA_full_sd.tif
delete: s3://digital-atlas/domain=climate/type=observational/source=chirps-chirts-era5/region=africa/processing=climatology/variable=PTOT/period=AMJ/clim=wmo_1991-2020/stat=max/TMIN_JAS_1991-2020_mean.tif
delete: s3://digital-atlas/domain=climate/type=observational/source=chirps-chirts-era5/region=africa/processing=climatology/variable=PTOT/period=AMJ/clim=wmo_1991-2020/stat=max/TMIN_JAS_1991-2020_min.tif
delete: s3://digital-atlas/domain=climate/type=observational/source=chirps-chirts-era5/region=africa/processing=climatology/variable=PTOT/period=AMJ/clim=wmo_1991-2020/stat=max/TMIN_JAS_1991-2020_sd.tif
delete: s3://digital-atlas/domain=climate/type=observational/source=chirps-chirts-era5/region=africa/processing=climatology/variable=PTOT/period=AMJ/clim=wmo_1991-2020/stat=max/TMIN_JAS_1995-2014_max.tif
delete: s3://digital-atlas/domain=climate/type=observational/source=chirps-chirts-era5/region=africa/processing=climatology/variable=PTOT/period=AMJ/clim=wmo_1991-2020/stat=max/TMIN_JAS_1995-2014_mean.tif
delete: s3://digital-atlas/domain=climate/type=observational/source=chirps-chirts-era5/region=africa/processing=climatology/variable=PTOT/period=AMJ/clim=wmo_1991-2020/stat=max/TMIN_JAS_1995-2014_min.tif
delete: s3://digital-atlas/domain=climate/type=observational/source=chirps-chirts-era5/region=africa/processing=climatology/variable=PTOT/period=AMJ/clim=wmo_1991-2020/stat=max/TMIN_JAS_1995-2014_sd.tif
delete: s3://digital-atlas/domain=climate/type=observational/source=chirps-chirts-era5/region=africa/processing=climatology/variable=PTOT/period=AMJ/clim=wmo_1991-2020/stat=max/TMIN_JAS_full_max.tif
delete: s3://digital-atlas/domain=climate/type=observational/source=chirps-chirts-era5/region=africa/processing=climatology/variable=PTOT/period=AMJ/clim=wmo_1991-2020/stat=max/TMIN_JAS_full_mean.tif
delete: s3://digital-atlas/domain=climate/type=observational/source=chirps-chirts-era5/region=africa/processing=climatology/variable=PTOT/period=AMJ/clim=wmo_1991-2020/stat=max/TMIN_JAS_full_sd.tif
delete: s3://digital-atlas/domain=climate/type=observational/source=chirps-chirts-era5/region=africa/processing=climatology/variable=PTOT/period=AMJ/clim=wmo_1991-2020/stat=max/TMIN_JAS_full_min.tif
delete: s3://digital-atlas/domain=climate/type=observational/source=chirps-chirts-era5/region=africa/processing=climatology/variable=PTOT/period=AMJ/clim=wmo_1991-2020/stat=max/TMIN_JFM_1991-2020_max.tif
delete: s3://digital-atlas/domain=climate/type=observational/source=chirps-chirts-era5/region=africa/processing=climatology/variable=PTOT/period=AMJ/clim=wmo_1991-2020/stat=max/TMIN_JFM_1991-2020_mean.tif
delete: s3://digital-atlas/domain=climate/type=observational/source=chirps-chirts-era5/region=africa/processing=climatology/variable=PTOT/period=AMJ/clim=wmo_1991-2020/stat=max/TMIN_JFM_1991-2020_min.tif
delete: s3://digital-atlas/domain=climate/type=observational/source=chirps-chirts-era5/region=africa/processing=climatology/variable=PTOT/period=AMJ/clim=wmo_1991-2020/stat=max/TMIN_JFM_1991-2020_sd.tif
delete: s3://digital-atlas/domain=climate/type=observational/source=chirps-chirts-era5/region=africa/processing=climatology/variable=PTOT/period=AMJ/clim=wmo_1991-2020/stat=max/TMIN_JFM_1995-2014_mean.tif
delete: s3://digital-atlas/domain=climate/type=observational/source=chirps-chirts-era5/region=africa/processing=climatology/variable=PTOT/period=AMJ/clim=wmo_1991-2020/stat=max/TMIN_JFM_1995-2014_min.tif
delete: s3://digital-atlas/domain=climate/type=observational/source=chirps-chirts-era5/region=africa/processing=climatology/variable=PTOT/period=AMJ/clim=wmo_1991-2020/stat=max/TMIN_JFM_1995-2014_sd.tif
delete: s3://digital-atlas/domain=climate/type=observational/source=chirps-chirts-era5/region=africa/processing=climatology/variable=PTOT/period=AMJ/clim=wmo_1991-2020/stat=max/TMIN_JFM_1995-2014_max.tif
delete: s3://digital-atlas/domain=climate/type=observational/source=chirps-chirts-era5/region=africa/processing=climatology/variable=PTOT/period=AMJ/clim=wmo_1991-2020/stat=max/TMIN_JFM_full_max.tif
delete: s3://digital-atlas/domain=climate/type=observational/source=chirps-chirts-era5/region=africa/processing=climatology/variable=PTOT/period=AMJ/clim=wmo_1991-2020/stat=max/TMIN_JFM_full_mean.tif
delete: s3://digital-atlas/domain=climate/type=observational/source=chirps-chirts-era5/region=africa/processing=climatology/variable=PTOT/period=AMJ/clim=wmo_1991-2020/stat=max/TMIN_JFM_full_min.tif
delete: s3://digital-atlas/domain=climate/type=observational/source=chirps-chirts-era5/region=africa/processing=climatology/variable=PTOT/period=AMJ/clim=wmo_1991-2020/stat=max/TMIN_JFM_full_sd.tif
delete: s3://digital-atlas/domain=climate/type=observational/source=chirps-chirts-era5/region=africa/processing=climatology/variable=PTOT/period=AMJ/clim=wmo_1991-2020/stat=max/TMIN_JJA_1991-2020_max.tif
delete: s3://digital-atlas/domain=climate/type=observational/source=chirps-chirts-era5/region=africa/processing=climatology/variable=PTOT/period=AMJ/clim=wmo_1991-2020/stat=max/TMIN_JJA_1991-2020_mean.tif
delete: s3://digital-atlas/domain=climate/type=observational/source=chirps-chirts-era5/region=africa/processing=climatology/variable=PTOT/period=AMJ/clim=wmo_1991-2020/stat=max/TMIN_JJA_1991-2020_sd.tif
delete: s3://digital-atlas/domain=climate/type=observational/source=chirps-chirts-era5/region=africa/processing=climatology/variable=PTOT/period=AMJ/clim=wmo_1991-2020/stat=max/TMIN_JJA_1995-2014_max.tif
delete: s3://digital-atlas/domain=climate/type=observational/source=chirps-chirts-era5/region=africa/processing=climatology/variable=PTOT/period=AMJ/clim=wmo_1991-2020/stat=max/TMIN_JJA_1991-2020_min.tif
delete: s3://digital-atlas/domain=climate/type=observational/source=chirps-chirts-era5/region=africa/processing=climatology/variable=PTOT/period=AMJ/clim=wmo_1991-2020/stat=max/TMIN_JJA_1995-2014_mean.tif
delete: s3://digital-atlas/domain=climate/type=observational/source=chirps-chirts-era5/region=africa/processing=climatology/variable=PTOT/period=AMJ/clim=wmo_1991-2020/stat=max/TMIN_JJA_1995-2014_sd.tif
delete: s3://digital-atlas/domain=climate/type=observational/source=chirps-chirts-era5/region=africa/processing=climatology/variable=PTOT/period=AMJ/clim=wmo_1991-2020/stat=max/TMIN_JJA_full_sd.tif
delete: s3://digital-atlas/domain=climate/type=observational/source=chirps-chirts-era5/region=africa/processing=climatology/variable=PTOT/period=AMJ/clim=wmo_1991-2020/stat=max/TMIN_JJA_full_max.tif
delete: s3://digital-atlas/domain=climate/type=observational/source=chirps-chirts-era5/region=africa/processing=climatology/variable=PTOT/period=AMJ/clim=wmo_1991-2020/stat=max/TMIN_JJA_full_mean.tif
delete: s3://digital-atlas/domain=climate/type=observational/source=chirps-chirts-era5/region=africa/processing=climatology/variable=PTOT/period=AMJ/clim=wmo_1991-2020/stat=max/TMIN_JJA_full_min.tif
delete: s3://digital-atlas/domain=climate/type=observational/source=chirps-chirts-era5/region=africa/processing=climatology/variable=PTOT/period=AMJ/clim=wmo_1991-2020/stat=max/TMIN_MAM_1991-2020_max.tif
delete: s3://digital-atlas/domain=climate/type=observational/source=chirps-chirts-era5/region=africa/processing=climatology/variable=PTOT/period=AMJ/clim=wmo_1991-2020/stat=max/TMIN_JJA_1995-2014_min.tif
delete: s3://digital-atlas/domain=climate/type=observational/source=chirps-chirts-era5/region=africa/processing=climatology/variable=PTOT/period=AMJ/clim=wmo_1991-2020/stat=max/TMIN_MAM_1991-2020_min.tif
delete: s3://digital-atlas/domain=climate/type=observational/source=chirps-chirts-era5/region=africa/processing=climatology/variable=PTOT/period=AMJ/clim=wmo_1991-2020/stat=max/TMIN_MAM_1991-2020_sd.tif
delete: s3://digital-atlas/domain=climate/type=observational/source=chirps-chirts-era5/region=africa/processing=climatology/variable=PTOT/period=AMJ/clim=wmo_1991-2020/stat=max/TMIN_MAM_1995-2014_max.tif
delete: s3://digital-atlas/domain=climate/type=observational/source=chirps-chirts-era5/region=africa/processing=climatology/variable=PTOT/period=AMJ/clim=wmo_1991-2020/stat=max/TMIN_MAM_1995-2014_mean.tif
delete: s3://digital-atlas/domain=climate/type=observational/source=chirps-chirts-era5/region=africa/processing=climatology/variable=PTOT/period=AMJ/clim=wmo_1991-2020/stat=max/TMIN_MAM_1995-2014_min.tif
delete: s3://digital-atlas/domain=climate/type=observational/source=chirps-chirts-era5/region=africa/processing=climatology/variable=PTOT/period=AMJ/clim=wmo_1991-2020/stat=max/TMIN_MAM_1991-2020_mean.tif
delete: s3://digital-atlas/domain=climate/type=observational/source=chirps-chirts-era5/region=africa/processing=climatology/variable=PTOT/period=AMJ/clim=wmo_1991-2020/stat=max/TMIN_MAM_1995-2014_sd.tif
delete: s3://digital-atlas/domain=climate/type=observational/source=chirps-chirts-era5/region=africa/processing=climatology/variable=PTOT/period=AMJ/clim=wmo_1991-2020/stat=max/TMIN_MAM_full_max.tif
delete: s3://digital-atlas/domain=climate/type=observational/source=chirps-chirts-era5/region=africa/processing=climatology/variable=PTOT/period=AMJ/clim=wmo_1991-2020/stat=max/TMIN_MAM_full_mean.tif
delete: s3://digital-atlas/domain=climate/type=observational/source=chirps-chirts-era5/region=africa/processing=climatology/variable=PTOT/period=AMJ/clim=wmo_1991-2020/stat=max/TMIN_MAM_full_min.tif
delete: s3://digital-atlas/domain=climate/type=observational/source=chirps-chirts-era5/region=africa/processing=climatology/variable=PTOT/period=AMJ/clim=wmo_1991-2020/stat=max/TMIN_MJJ_1991-2020_max.tif
delete: s3://digital-atlas/domain=climate/type=observational/source=chirps-chirts-era5/region=africa/processing=climatology/variable=PTOT/period=AMJ/clim=wmo_1991-2020/stat=max/TMIN_MJJ_1991-2020_mean.tif
delete: s3://digital-atlas/domain=climate/type=observational/source=chirps-chirts-era5/region=africa/processing=climatology/variable=PTOT/period=AMJ/clim=wmo_1991-2020/stat=max/TMIN_MAM_full_sd.tif
delete: s3://digital-atlas/domain=climate/type=observational/source=chirps-chirts-era5/region=africa/processing=climatology/variable=PTOT/period=AMJ/clim=wmo_1991-2020/stat=max/TMIN_MJJ_1991-2020_sd.tif
delete: s3://digital-atlas/domain=climate/type=observational/source=chirps-chirts-era5/region=africa/processing=climatology/variable=PTOT/period=AMJ/clim=wmo_1991-2020/stat=max/TMIN_MJJ_1991-2020_min.tif
delete: s3://digital-atlas/domain=climate/type=observational/source=chirps-chirts-era5/region=africa/processing=climatology/variable=PTOT/period=AMJ/clim=wmo_1991-2020/stat=max/TMIN_MJJ_1995-2014_mean.tif
delete: s3://digital-atlas/domain=climate/type=observational/source=chirps-chirts-era5/region=africa/processing=climatology/variable=PTOT/period=AMJ/clim=wmo_1991-2020/stat=max/TMIN_MJJ_1995-2014_max.tif
delete: s3://digital-atlas/domain=climate/type=observational/source=chirps-chirts-era5/region=africa/processing=climatology/variable=PTOT/period=AMJ/clim=wmo_1991-2020/stat=max/TMIN_MJJ_1995-2014_sd.tif
delete: s3://digital-atlas/domain=climate/type=observational/source=chirps-chirts-era5/region=africa/processing=climatology/variable=PTOT/period=AMJ/clim=wmo_1991-2020/stat=max/TMIN_MJJ_1995-2014_min.tif
delete: s3://digital-atlas/domain=climate/type=observational/source=chirps-chirts-era5/region=africa/processing=climatology/variable=PTOT/period=AMJ/clim=wmo_1991-2020/stat=max/TMIN_MJJ_full_max.tif
delete: s3://digital-atlas/domain=climate/type=observational/source=chirps-chirts-era5/region=africa/processing=climatology/variable=PTOT/period=AMJ/clim=wmo_1991-2020/stat=max/TMIN_MJJ_full_mean.tif
delete: s3://digital-atlas/domain=climate/type=observational/source=chirps-chirts-era5/region=africa/processing=climatology/variable=PTOT/period=AMJ/clim=wmo_1991-2020/stat=max/TMIN_MJJ_full_min.tif
delete: s3://digital-atlas/domain=climate/type=observational/source=chirps-chirts-era5/region=africa/processing=climatology/variable=PTOT/period=AMJ/clim=wmo_1991-2020/stat=max/TMIN_MJJ_full_sd.tif
delete: s3://digital-atlas/domain=climate/type=observational/source=chirps-chirts-era5/region=africa/processing=climatology/variable=PTOT/period=AMJ/clim=wmo_1991-2020/stat=max/TMIN_NDJ_1991-2020_max.tif
delete: s3://digital-atlas/domain=climate/type=observational/source=chirps-chirts-era5/region=africa/processing=climatology/variable=PTOT/period=AMJ/clim=wmo_1991-2020/stat=max/TMIN_NDJ_1991-2020_mean.tif
delete: s3://digital-atlas/domain=climate/type=observational/source=chirps-chirts-era5/region=africa/processing=climatology/variable=PTOT/period=AMJ/clim=wmo_1991-2020/stat=max/TMIN_NDJ_1991-2020_min.tif
delete: s3://digital-atlas/domain=climate/type=observational/source=chirps-chirts-era5/region=africa/processing=climatology/variable=PTOT/period=AMJ/clim=wmo_1991-2020/stat=max/TMIN_NDJ_1991-2020_sd.tif
delete: s3://digital-atlas/domain=climate/type=observational/source=chirps-chirts-era5/region=africa/processing=climatology/variable=PTOT/period=AMJ/clim=wmo_1991-2020/stat=max/TMIN_NDJ_1995-2014_mean.tif
delete: s3://digital-atlas/domain=climate/type=observational/source=chirps-chirts-era5/region=africa/processing=climatology/variable=PTOT/period=AMJ/clim=wmo_1991-2020/stat=max/TMIN_NDJ_1995-2014_max.tif
delete: s3://digital-atlas/domain=climate/type=observational/source=chirps-chirts-era5/region=africa/processing=climatology/variable=PTOT/period=AMJ/clim=wmo_1991-2020/stat=max/TMIN_NDJ_1995-2014_min.tif
delete: s3://digital-atlas/domain=climate/type=observational/source=chirps-chirts-era5/region=africa/processing=climatology/variable=PTOT/period=AMJ/clim=wmo_1991-2020/stat=max/TMIN_NDJ_1995-2014_sd.tif
delete: s3://digital-atlas/domain=climate/type=observational/source=chirps-chirts-era5/region=africa/processing=climatology/variable=PTOT/period=AMJ/clim=wmo_1991-2020/stat=max/TMIN_NDJ_full_max.tif
delete: s3://digital-atlas/domain=climate/type=observational/source=chirps-chirts-era5/region=africa/processing=climatology/variable=PTOT/period=AMJ/clim=wmo_1991-2020/stat=max/TMIN_NDJ_full_sd.tif
delete: s3://digital-atlas/domain=climate/type=observational/source=chirps-chirts-era5/region=africa/processing=climatology/variable=PTOT/period=AMJ/clim=wmo_1991-2020/stat=max/TMIN_NDJ_full_min.tif
delete: s3://digital-atlas/domain=climate/type=observational/source=chirps-chirts-era5/region=africa/processing=climatology/variable=PTOT/period=AMJ/clim=wmo_1991-2020/stat=max/TMIN_OND_1991-2020_max.tif
delete: s3://digital-atlas/domain=climate/type=observational/source=chirps-chirts-era5/region=africa/processing=climatology/variable=PTOT/period=AMJ/clim=wmo_1991-2020/stat=max/TMIN_NDJ_full_mean.tif
delete: s3://digital-atlas/domain=climate/type=observational/source=chirps-chirts-era5/region=africa/processing=climatology/variable=PTOT/period=AMJ/clim=wmo_1991-2020/stat=max/TMIN_OND_1991-2020_mean.tif
delete: s3://digital-atlas/domain=climate/type=observational/source=chirps-chirts-era5/region=africa/processing=climatology/variable=PTOT/period=AMJ/clim=wmo_1991-2020/stat=max/TMIN_OND_1991-2020_min.tif
delete: s3://digital-atlas/domain=climate/type=observational/source=chirps-chirts-era5/region=africa/processing=climatology/variable=PTOT/period=AMJ/clim=wmo_1991-2020/stat=max/TMIN_OND_1991-2020_sd.tif
delete: s3://digital-atlas/domain=climate/type=observational/source=chirps-chirts-era5/region=africa/processing=climatology/variable=PTOT/period=AMJ/clim=wmo_1991-2020/stat=max/TMIN_OND_1995-2014_max.tif
delete: s3://digital-atlas/domain=climate/type=observational/source=chirps-chirts-era5/region=africa/processing=climatology/variable=PTOT/period=AMJ/clim=wmo_1991-2020/stat=max/TMIN_OND_1995-2014_mean.tif
delete: s3://digital-atlas/domain=climate/type=observational/source=chirps-chirts-era5/region=africa/processing=climatology/variable=PTOT/period=AMJ/clim=wmo_1991-2020/stat=max/TMIN_OND_1995-2014_min.tif
delete: s3://digital-atlas/domain=climate/type=observational/source=chirps-chirts-era5/region=africa/processing=climatology/variable=PTOT/period=AMJ/clim=wmo_1991-2020/stat=max/TMIN_OND_1995-2014_sd.tif
delete: s3://digital-atlas/domain=climate/type=observational/source=chirps-chirts-era5/region=africa/processing=climatology/variable=PTOT/period=AMJ/clim=wmo_1991-2020/stat=max/TMIN_OND_full_max.tif
delete: s3://digital-atlas/domain=climate/type=observational/source=chirps-chirts-era5/region=africa/processing=climatology/variable=PTOT/period=AMJ/clim=wmo_1991-2020/stat=max/TMIN_OND_full_mean.tif
delete: s3://digital-atlas/domain=climate/type=observational/source=chirps-chirts-era5/region=africa/processing=climatology/variable=PTOT/period=AMJ/clim=wmo_1991-2020/stat=max/TMIN_OND_full_min.tif
delete: s3://digital-atlas/domain=climate/type=observational/source=chirps-chirts-era5/region=africa/processing=climatology/variable=PTOT/period=AMJ/clim=wmo_1991-2020/stat=max/TMIN_OND_full_sd.tif
delete: s3://digital-atlas/domain=climate/type=observational/source=chirps-chirts-era5/region=africa/processing=climatology/variable=PTOT/period=AMJ/clim=wmo_1991-2020/stat=max/TMIN_SON_1991-2020_max.tif
delete: s3://digital-atlas/domain=climate/type=observational/source=chirps-chirts-era5/region=africa/processing=climatology/variable=PTOT/period=AMJ/clim=wmo_1991-2020/stat=max/TMIN_SON_1991-2020_mean.tif
delete: s3://digital-atlas/domain=climate/type=observational/source=chirps-chirts-era5/region=africa/processing=climatology/variable=PTOT/period=AMJ/clim=wmo_1991-2020/stat=max/TMIN_SON_1991-2020_min.tif
delete: s3://digital-atlas/domain=climate/type=observational/source=chirps-chirts-era5/region=africa/processing=climatology/variable=PTOT/period=AMJ/clim=wmo_1991-2020/stat=max/TMIN_SON_1991-2020_sd.tif
delete: s3://digital-atlas/domain=climate/type=observational/source=chirps-chirts-era5/region=africa/processing=climatology/variable=PTOT/period=AMJ/clim=wmo_1991-2020/stat=max/TMIN_SON_1995-2014_max.tif
delete: s3://digital-atlas/domain=climate/type=observational/source=chirps-chirts-era5/region=africa/processing=climatology/variable=PTOT/period=AMJ/clim=wmo_1991-2020/stat=max/TMIN_SON_1995-2014_mean.tif
delete: s3://digital-atlas/domain=climate/type=observational/source=chirps-chirts-era5/region=africa/processing=climatology/variable=PTOT/period=AMJ/clim=wmo_1991-2020/stat=max/TMIN_SON_1995-2014_min.tif
delete: s3://digital-atlas/domain=climate/type=observational/source=chirps-chirts-era5/region=africa/processing=climatology/variable=PTOT/period=AMJ/clim=wmo_1991-2020/stat=max/TMIN_SON_full_max.tif
delete: s3://digital-atlas/domain=climate/type=observational/source=chirps-chirts-era5/region=africa/processing=climatology/variable=PTOT/period=AMJ/clim=wmo_1991-2020/stat=max/TMIN_SON_1995-2014_sd.tif
delete: s3://digital-atlas/domain=climate/type=observational/source=chirps-chirts-era5/region=africa/processing=climatology/variable=PTOT/period=AMJ/clim=wmo_1991-2020/stat=max/TMIN_SON_full_mean.tif
delete: s3://digital-atlas/domain=climate/type=observational/source=chirps-chirts-era5/region=africa/processing=climatology/variable=PTOT/period=AMJ/clim=wmo_1991-2020/stat=max/TMIN_SON_full_min.tif
delete: s3://digital-atlas/domain=climate/type=observational/source=chirps-chirts-era5/region=africa/processing=climatology/variable=PTOT/period=AMJ/clim=wmo_1991-2020/stat=max/TMIN_SON_full_sd.tif
delete: s3://digital-atlas/domain=climate/type=observational/source=chirps-chirts-era5/region=africa/processing=climatology/variable=PTOT/period=AMJ/clim=wmo_1991-2020/stat=max/TMIN_annual_1991-2020_max.tif
delete: s3://digital-atlas/domain=climate/type=observational/source=chirps-chirts-era5/region=africa/processing=climatology/variable=PTOT/period=AMJ/clim=wmo_1991-2020/stat=max/TMIN_annual_1991-2020_mean.tif
delete: s3://digital-atlas/domain=climate/type=observational/source=chirps-chirts-era5/region=africa/processing=climatology/variable=PTOT/period=AMJ/clim=wmo_1991-2020/stat=max/TMIN_annual_1991-2020_min.tif
delete: s3://digital-atlas/domain=climate/type=observational/source=chirps-chirts-era5/region=africa/processing=climatology/variable=PTOT/period=AMJ/clim=wmo_1991-2020/stat=max/TMIN_annual_1991-2020_sd.tif
delete: s3://digital-atlas/domain=climate/type=observational/source=chirps-chirts-era5/region=africa/processing=climatology/variable=PTOT/period=AMJ/clim=wmo_1991-2020/stat=max/TMIN_annual_1995-2014_max.tif
delete: s3://digital-atlas/domain=climate/type=observational/source=chirps-chirts-era5/region=africa/processing=climatology/variable=PTOT/period=AMJ/clim=wmo_1991-2020/stat=max/TMIN_annual_1995-2014_mean.tif
delete: s3://digital-atlas/domain=climate/type=observational/source=chirps-chirts-era5/region=africa/processing=climatology/variable=PTOT/period=AMJ/clim=wmo_1991-2020/stat=max/TMIN_annual_1995-2014_min.tif
delete: s3://digital-atlas/domain=climate/type=observational/source=chirps-chirts-era5/region=africa/processing=climatology/variable=PTOT/period=AMJ/clim=wmo_1991-2020/stat=max/TMIN_annual_1995-2014_sd.tif
delete: s3://digital-atlas/domain=climate/type=observational/source=chirps-chirts-era5/region=africa/processing=climatology/variable=PTOT/period=AMJ/clim=wmo_1991-2020/stat=max/TMIN_annual_full_max.tif
delete: s3://digital-atlas/domain=climate/type=observational/source=chirps-chirts-era5/region=africa/processing=climatology/variable=PTOT/period=AMJ/clim=wmo_1991-2020/stat=max/TMIN_annual_full_mean.tif
delete: s3://digital-atlas/domain=climate/type=observational/source=chirps-chirts-era5/region=africa/processing=climatology/variable=PTOT/period=AMJ/clim=wmo_1991-2020/stat=max/TMIN_annual_full_min.tif
delete: s3://digital-atlas/domain=climate/type=observational/source=chirps-chirts-era5/region=africa/processing=climatology/variable=PTOT/period=AMJ/clim=wmo_1991-2020/stat=max/TMIN_annual_full_sd.tif

--- variable=PTOT/period=annual/clim=wmo_1991-2020/stat=max/ ---
delete: s3://digital-atlas/domain=climate/type=observational/source=chirps-chirts-era5/region=africa/processing=climatology/variable=PTOT/period=annual/clim=wmo_1991-2020/stat=max/PTOT_AMJ_1991-2020_max.tif
delete: s3://digital-atlas/domain=climate/type=observational/source=chirps-chirts-era5/region=africa/processing=climatology/variable=PTOT/period=annual/clim=wmo_1991-2020/stat=max/PTOT_AMJ_1991-2020_sd.tif
delete: s3://digital-atlas/domain=climate/type=observational/source=chirps-chirts-era5/region=africa/processing=climatology/variable=PTOT/period=annual/clim=wmo_1991-2020/stat=max/PTOT_AMJ_1991-2020_min.tif
delete: s3://digital-atlas/domain=climate/type=observational/source=chirps-chirts-era5/region=africa/processing=climatology/variable=PTOT/period=annual/clim=wmo_1991-2020/stat=max/PTOT_AMJ_1995-2014_sd.tif
delete: s3://digital-atlas/domain=climate/type=observational/source=chirps-chirts-era5/region=africa/processing=climatology/variable=PTOT/period=annual/clim=wmo_1991-2020/stat=max/PTOT_AMJ_1995-2014_min.tif
delete: s3://digital-atlas/domain=climate/type=observational/source=chirps-chirts-era5/region=africa/processing=climatology/variable=PTOT/period=annual/clim=wmo_1991-2020/stat=max/PTOT_AMJ_1991-2020_mean.tif
delete: s3://digital-atlas/domain=climate/type=observational/source=chirps-chirts-era5/region=africa/processing=climatology/variable=PTOT/period=annual/clim=wmo_1991-2020/stat=max/PTOT_AMJ_1995-2014_max.tif
delete: s3://digital-atlas/domain=climate/type=observational/source=chirps-chirts-era5/region=africa/processing=climatology/variable=PTOT/period=annual/clim=wmo_1991-2020/stat=max/PTOT_AMJ_full_mean.tif
delete: s3://digital-atlas/domain=climate/type=observational/source=chirps-chirts-era5/region=africa/processing=climatology/variable=PTOT/period=annual/clim=wmo_1991-2020/stat=max/PTOT_AMJ_full_min.tif
delete: s3://digital-atlas/domain=climate/type=observational/source=chirps-chirts-era5/region=africa/processing=climatology/variable=PTOT/period=annual/clim=wmo_1991-2020/stat=max/PTOT_AMJ_1995-2014_mean.tif
delete: s3://digital-atlas/domain=climate/type=observational/source=chirps-chirts-era5/region=africa/processing=climatology/variable=PTOT/period=annual/clim=wmo_1991-2020/stat=max/PTOT_AMJ_full_max.tif
delete: s3://digital-atlas/domain=climate/type=observational/source=chirps-chirts-era5/region=africa/processing=climatology/variable=PTOT/period=annual/clim=wmo_1991-2020/stat=max/PTOT_AMJ_full_sd.tif
delete: s3://digital-atlas/domain=climate/type=observational/source=chirps-chirts-era5/region=africa/processing=climatology/variable=PTOT/period=annual/clim=wmo_1991-2020/stat=max/PTOT_ASO_1991-2020_max.tif
delete: s3://digital-atlas/domain=climate/type=observational/source=chirps-chirts-era5/region=africa/processing=climatology/variable=PTOT/period=annual/clim=wmo_1991-2020/stat=max/PTOT_ASO_1991-2020_mean.tif
delete: s3://digital-atlas/domain=climate/type=observational/source=chirps-chirts-era5/region=africa/processing=climatology/variable=PTOT/period=annual/clim=wmo_1991-2020/stat=max/PTOT_ASO_1991-2020_min.tif
delete: s3://digital-atlas/domain=climate/type=observational/source=chirps-chirts-era5/region=africa/processing=climatology/variable=PTOT/period=annual/clim=wmo_1991-2020/stat=max/PTOT_ASO_1991-2020_sd.tif
delete: s3://digital-atlas/domain=climate/type=observational/source=chirps-chirts-era5/region=africa/processing=climatology/variable=PTOT/period=annual/clim=wmo_1991-2020/stat=max/PTOT_ASO_1995-2014_max.tif
delete: s3://digital-atlas/domain=climate/type=observational/source=chirps-chirts-era5/region=africa/processing=climatology/variable=PTOT/period=annual/clim=wmo_1991-2020/stat=max/PTOT_ASO_1995-2014_min.tif
delete: s3://digital-atlas/domain=climate/type=observational/source=chirps-chirts-era5/region=africa/processing=climatology/variable=PTOT/period=annual/clim=wmo_1991-2020/stat=max/PTOT_ASO_1995-2014_mean.tif
delete: s3://digital-atlas/domain=climate/type=observational/source=chirps-chirts-era5/region=africa/processing=climatology/variable=PTOT/period=annual/clim=wmo_1991-2020/stat=max/PTOT_ASO_1995-2014_sd.tif
delete: s3://digital-atlas/domain=climate/type=observational/source=chirps-chirts-era5/region=africa/processing=climatology/variable=PTOT/period=annual/clim=wmo_1991-2020/stat=max/PTOT_ASO_full_max.tif
delete: s3://digital-atlas/domain=climate/type=observational/source=chirps-chirts-era5/region=africa/processing=climatology/variable=PTOT/period=annual/clim=wmo_1991-2020/stat=max/PTOT_ASO_full_mean.tif
delete: s3://digital-atlas/domain=climate/type=observational/source=chirps-chirts-era5/region=africa/processing=climatology/variable=PTOT/period=annual/clim=wmo_1991-2020/stat=max/PTOT_ASO_full_min.tif
delete: s3://digital-atlas/domain=climate/type=observational/source=chirps-chirts-era5/region=africa/processing=climatology/variable=PTOT/period=annual/clim=wmo_1991-2020/stat=max/PTOT_ASO_full_sd.tif
delete: s3://digital-atlas/domain=climate/type=observational/source=chirps-chirts-era5/region=africa/processing=climatology/variable=PTOT/period=annual/clim=wmo_1991-2020/stat=max/PTOT_DJF_1991-2020_max.tif
delete: s3://digital-atlas/domain=climate/type=observational/source=chirps-chirts-era5/region=africa/processing=climatology/variable=PTOT/period=annual/clim=wmo_1991-2020/stat=max/PTOT_DJF_1991-2020_min.tif
delete: s3://digital-atlas/domain=climate/type=observational/source=chirps-chirts-era5/region=africa/processing=climatology/variable=PTOT/period=annual/clim=wmo_1991-2020/stat=max/PTOT_DJF_1991-2020_mean.tif
delete: s3://digital-atlas/domain=climate/type=observational/source=chirps-chirts-era5/region=africa/processing=climatology/variable=PTOT/period=annual/clim=wmo_1991-2020/stat=max/PTOT_DJF_1991-2020_sd.tif
delete: s3://digital-atlas/domain=climate/type=observational/source=chirps-chirts-era5/region=africa/processing=climatology/variable=PTOT/period=annual/clim=wmo_1991-2020/stat=max/PTOT_DJF_1995-2014_max.tif
delete: s3://digital-atlas/domain=climate/type=observational/source=chirps-chirts-era5/region=africa/processing=climatology/variable=PTOT/period=annual/clim=wmo_1991-2020/stat=max/PTOT_DJF_1995-2014_min.tif
delete: s3://digital-atlas/domain=climate/type=observational/source=chirps-chirts-era5/region=africa/processing=climatology/variable=PTOT/period=annual/clim=wmo_1991-2020/stat=max/PTOT_DJF_1995-2014_mean.tif
delete: s3://digital-atlas/domain=climate/type=observational/source=chirps-chirts-era5/region=africa/processing=climatology/variable=PTOT/period=annual/clim=wmo_1991-2020/stat=max/PTOT_DJF_full_sd.tif
delete: s3://digital-atlas/domain=climate/type=observational/source=chirps-chirts-era5/region=africa/processing=climatology/variable=PTOT/period=annual/clim=wmo_1991-2020/stat=max/PTOT_FMA_1991-2020_max.tif
delete: s3://digital-atlas/domain=climate/type=observational/source=chirps-chirts-era5/region=africa/processing=climatology/variable=PTOT/period=annual/clim=wmo_1991-2020/stat=max/PTOT_FMA_1991-2020_mean.tif
delete: s3://digital-atlas/domain=climate/type=observational/source=chirps-chirts-era5/region=africa/processing=climatology/variable=PTOT/period=annual/clim=wmo_1991-2020/stat=max/PTOT_FMA_1991-2020_min.tif
delete: s3://digital-atlas/domain=climate/type=observational/source=chirps-chirts-era5/region=africa/processing=climatology/variable=PTOT/period=annual/clim=wmo_1991-2020/stat=max/PTOT_FMA_1991-2020_sd.tif
delete: s3://digital-atlas/domain=climate/type=observational/source=chirps-chirts-era5/region=africa/processing=climatology/variable=PTOT/period=annual/clim=wmo_1991-2020/stat=max/PTOT_FMA_1995-2014_max.tif
delete: s3://digital-atlas/domain=climate/type=observational/source=chirps-chirts-era5/region=africa/processing=climatology/variable=PTOT/period=annual/clim=wmo_1991-2020/stat=max/PTOT_FMA_1995-2014_mean.tif
delete: s3://digital-atlas/domain=climate/type=observational/source=chirps-chirts-era5/region=africa/processing=climatology/variable=PTOT/period=annual/clim=wmo_1991-2020/stat=max/PTOT_FMA_1995-2014_min.tif
delete: s3://digital-atlas/domain=climate/type=observational/source=chirps-chirts-era5/region=africa/processing=climatology/variable=PTOT/period=annual/clim=wmo_1991-2020/stat=max/PTOT_FMA_1995-2014_sd.tif
delete: s3://digital-atlas/domain=climate/type=observational/source=chirps-chirts-era5/region=africa/processing=climatology/variable=PTOT/period=annual/clim=wmo_1991-2020/stat=max/PTOT_FMA_full_max.tif
delete: s3://digital-atlas/domain=climate/type=observational/source=chirps-chirts-era5/region=africa/processing=climatology/variable=PTOT/period=annual/clim=wmo_1991-2020/stat=max/PTOT_FMA_full_mean.tif
delete: s3://digital-atlas/domain=climate/type=observational/source=chirps-chirts-era5/region=africa/processing=climatology/variable=PTOT/period=annual/clim=wmo_1991-2020/stat=max/PTOT_FMA_full_min.tif
delete: s3://digital-atlas/domain=climate/type=observational/source=chirps-chirts-era5/region=africa/processing=climatology/variable=PTOT/period=annual/clim=wmo_1991-2020/stat=max/PTOT_FMA_full_sd.tif
delete: s3://digital-atlas/domain=climate/type=observational/source=chirps-chirts-era5/region=africa/processing=climatology/variable=PTOT/period=annual/clim=wmo_1991-2020/stat=max/PTOT_JAS_1991-2020_max.tif
delete: s3://digital-atlas/domain=climate/type=observational/source=chirps-chirts-era5/region=africa/processing=climatology/variable=PTOT/period=annual/clim=wmo_1991-2020/stat=max/PTOT_JAS_1991-2020_sd.tif
delete: s3://digital-atlas/domain=climate/type=observational/source=chirps-chirts-era5/region=africa/processing=climatology/variable=PTOT/period=annual/clim=wmo_1991-2020/stat=max/PTOT_JAS_1991-2020_mean.tif
delete: s3://digital-atlas/domain=climate/type=observational/source=chirps-chirts-era5/region=africa/processing=climatology/variable=PTOT/period=annual/clim=wmo_1991-2020/stat=max/PTOT_JAS_1991-2020_min.tif
delete: s3://digital-atlas/domain=climate/type=observational/source=chirps-chirts-era5/region=africa/processing=climatology/variable=PTOT/period=annual/clim=wmo_1991-2020/stat=max/PTOT_JAS_1995-2014_max.tif
delete: s3://digital-atlas/domain=climate/type=observational/source=chirps-chirts-era5/region=africa/processing=climatology/variable=PTOT/period=annual/clim=wmo_1991-2020/stat=max/PTOT_JAS_1995-2014_mean.tif
delete: s3://digital-atlas/domain=climate/type=observational/source=chirps-chirts-era5/region=africa/processing=climatology/variable=PTOT/period=annual/clim=wmo_1991-2020/stat=max/PTOT_JAS_1995-2014_min.tif
delete: s3://digital-atlas/domain=climate/type=observational/source=chirps-chirts-era5/region=africa/processing=climatology/variable=PTOT/period=annual/clim=wmo_1991-2020/stat=max/PTOT_JAS_1995-2014_sd.tif
delete: s3://digital-atlas/domain=climate/type=observational/source=chirps-chirts-era5/region=africa/processing=climatology/variable=PTOT/period=annual/clim=wmo_1991-2020/stat=max/PTOT_JAS_full_max.tif
delete: s3://digital-atlas/domain=climate/type=observational/source=chirps-chirts-era5/region=africa/processing=climatology/variable=PTOT/period=annual/clim=wmo_1991-2020/stat=max/PTOT_JAS_full_mean.tif
delete: s3://digital-atlas/domain=climate/type=observational/source=chirps-chirts-era5/region=africa/processing=climatology/variable=PTOT/period=annual/clim=wmo_1991-2020/stat=max/PTOT_JAS_full_min.tif
delete: s3://digital-atlas/domain=climate/type=observational/source=chirps-chirts-era5/region=africa/processing=climatology/variable=PTOT/period=annual/clim=wmo_1991-2020/stat=max/PTOT_JAS_full_sd.tif
delete: s3://digital-atlas/domain=climate/type=observational/source=chirps-chirts-era5/region=africa/processing=climatology/variable=PTOT/period=annual/clim=wmo_1991-2020/stat=max/PTOT_JFM_1991-2020_min.tif
delete: s3://digital-atlas/domain=climate/type=observational/source=chirps-chirts-era5/region=africa/processing=climatology/variable=PTOT/period=annual/clim=wmo_1991-2020/stat=max/PTOT_JFM_1991-2020_mean.tif
delete: s3://digital-atlas/domain=climate/type=observational/source=chirps-chirts-era5/region=africa/processing=climatology/variable=PTOT/period=annual/clim=wmo_1991-2020/stat=max/PTOT_JFM_1991-2020_max.tif
delete: s3://digital-atlas/domain=climate/type=observational/source=chirps-chirts-era5/region=africa/processing=climatology/variable=PTOT/period=annual/clim=wmo_1991-2020/stat=max/PTOT_JFM_1995-2014_max.tif
delete: s3://digital-atlas/domain=climate/type=observational/source=chirps-chirts-era5/region=africa/processing=climatology/variable=PTOT/period=annual/clim=wmo_1991-2020/stat=max/PTOT_JFM_1995-2014_mean.tif
delete: s3://digital-atlas/domain=climate/type=observational/source=chirps-chirts-era5/region=africa/processing=climatology/variable=PTOT/period=annual/clim=wmo_1991-2020/stat=max/PTOT_JFM_1995-2014_min.tif
delete: s3://digital-atlas/domain=climate/type=observational/source=chirps-chirts-era5/region=africa/processing=climatology/variable=PTOT/period=annual/clim=wmo_1991-2020/stat=max/PTOT_JFM_1991-2020_sd.tif
delete: s3://digital-atlas/domain=climate/type=observational/source=chirps-chirts-era5/region=africa/processing=climatology/variable=PTOT/period=annual/clim=wmo_1991-2020/stat=max/PTOT_JFM_1995-2014_sd.tif
delete: s3://digital-atlas/domain=climate/type=observational/source=chirps-chirts-era5/region=africa/processing=climatology/variable=PTOT/period=annual/clim=wmo_1991-2020/stat=max/PTOT_JFM_full_max.tif
delete: s3://digital-atlas/domain=climate/type=observational/source=chirps-chirts-era5/region=africa/processing=climatology/variable=PTOT/period=annual/clim=wmo_1991-2020/stat=max/PTOT_JFM_full_mean.tif
delete: s3://digital-atlas/domain=climate/type=observational/source=chirps-chirts-era5/region=africa/processing=climatology/variable=PTOT/period=annual/clim=wmo_1991-2020/stat=max/PTOT_JFM_full_min.tif
delete: s3://digital-atlas/domain=climate/type=observational/source=chirps-chirts-era5/region=africa/processing=climatology/variable=PTOT/period=annual/clim=wmo_1991-2020/stat=max/PTOT_JFM_full_sd.tif
delete: s3://digital-atlas/domain=climate/type=observational/source=chirps-chirts-era5/region=africa/processing=climatology/variable=PTOT/period=annual/clim=wmo_1991-2020/stat=max/PTOT_JJA_1991-2020_max.tif
delete: s3://digital-atlas/domain=climate/type=observational/source=chirps-chirts-era5/region=africa/processing=climatology/variable=PTOT/period=annual/clim=wmo_1991-2020/stat=max/PTOT_JJA_1991-2020_mean.tif
delete: s3://digital-atlas/domain=climate/type=observational/source=chirps-chirts-era5/region=africa/processing=climatology/variable=PTOT/period=annual/clim=wmo_1991-2020/stat=max/PTOT_JJA_1991-2020_min.tif
delete: s3://digital-atlas/domain=climate/type=observational/source=chirps-chirts-era5/region=africa/processing=climatology/variable=PTOT/period=annual/clim=wmo_1991-2020/stat=max/PTOT_JJA_1991-2020_sd.tif
delete: s3://digital-atlas/domain=climate/type=observational/source=chirps-chirts-era5/region=africa/processing=climatology/variable=PTOT/period=annual/clim=wmo_1991-2020/stat=max/PTOT_JJA_1995-2014_max.tif
delete: s3://digital-atlas/domain=climate/type=observational/source=chirps-chirts-era5/region=africa/processing=climatology/variable=PTOT/period=annual/clim=wmo_1991-2020/stat=max/PTOT_JJA_1995-2014_mean.tif
delete: s3://digital-atlas/domain=climate/type=observational/source=chirps-chirts-era5/region=africa/processing=climatology/variable=PTOT/period=annual/clim=wmo_1991-2020/stat=max/PTOT_JJA_1995-2014_min.tif
delete: s3://digital-atlas/domain=climate/type=observational/source=chirps-chirts-era5/region=africa/processing=climatology/variable=PTOT/period=annual/clim=wmo_1991-2020/stat=max/PTOT_JJA_1995-2014_sd.tif
delete: s3://digital-atlas/domain=climate/type=observational/source=chirps-chirts-era5/region=africa/processing=climatology/variable=PTOT/period=annual/clim=wmo_1991-2020/stat=max/PTOT_JJA_full_max.tif
delete: s3://digital-atlas/domain=climate/type=observational/source=chirps-chirts-era5/region=africa/processing=climatology/variable=PTOT/period=annual/clim=wmo_1991-2020/stat=max/PTOT_JJA_full_min.tif
delete: s3://digital-atlas/domain=climate/type=observational/source=chirps-chirts-era5/region=africa/processing=climatology/variable=PTOT/period=annual/clim=wmo_1991-2020/stat=max/PTOT_JJA_full_mean.tif
delete: s3://digital-atlas/domain=climate/type=observational/source=chirps-chirts-era5/region=africa/processing=climatology/variable=PTOT/period=annual/clim=wmo_1991-2020/stat=max/PTOT_MAM_1991-2020_max.tif
delete: s3://digital-atlas/domain=climate/type=observational/source=chirps-chirts-era5/region=africa/processing=climatology/variable=PTOT/period=annual/clim=wmo_1991-2020/stat=max/PTOT_JJA_full_sd.tif
delete: s3://digital-atlas/domain=climate/type=observational/source=chirps-chirts-era5/region=africa/processing=climatology/variable=PTOT/period=annual/clim=wmo_1991-2020/stat=max/PTOT_MAM_1991-2020_mean.tif
delete: s3://digital-atlas/domain=climate/type=observational/source=chirps-chirts-era5/region=africa/processing=climatology/variable=PTOT/period=annual/clim=wmo_1991-2020/stat=max/PTOT_MAM_1991-2020_min.tif
delete: s3://digital-atlas/domain=climate/type=observational/source=chirps-chirts-era5/region=africa/processing=climatology/variable=PTOT/period=annual/clim=wmo_1991-2020/stat=max/PTOT_MAM_1991-2020_sd.tif
delete: s3://digital-atlas/domain=climate/type=observational/source=chirps-chirts-era5/region=africa/processing=climatology/variable=PTOT/period=annual/clim=wmo_1991-2020/stat=max/PTOT_MAM_1995-2014_max.tif
delete: s3://digital-atlas/domain=climate/type=observational/source=chirps-chirts-era5/region=africa/processing=climatology/variable=PTOT/period=annual/clim=wmo_1991-2020/stat=max/PTOT_MAM_1995-2014_mean.tif
delete: s3://digital-atlas/domain=climate/type=observational/source=chirps-chirts-era5/region=africa/processing=climatology/variable=PTOT/period=annual/clim=wmo_1991-2020/stat=max/PTOT_MAM_1995-2014_min.tif
delete: s3://digital-atlas/domain=climate/type=observational/source=chirps-chirts-era5/region=africa/processing=climatology/variable=PTOT/period=annual/clim=wmo_1991-2020/stat=max/PTOT_MAM_1995-2014_sd.tif
delete: s3://digital-atlas/domain=climate/type=observational/source=chirps-chirts-era5/region=africa/processing=climatology/variable=PTOT/period=annual/clim=wmo_1991-2020/stat=max/PTOT_MAM_full_mean.tif
delete: s3://digital-atlas/domain=climate/type=observational/source=chirps-chirts-era5/region=africa/processing=climatology/variable=PTOT/period=annual/clim=wmo_1991-2020/stat=max/PTOT_MAM_full_max.tif
delete: s3://digital-atlas/domain=climate/type=observational/source=chirps-chirts-era5/region=africa/processing=climatology/variable=PTOT/period=annual/clim=wmo_1991-2020/stat=max/PTOT_MAM_full_min.tif
delete: s3://digital-atlas/domain=climate/type=observational/source=chirps-chirts-era5/region=africa/processing=climatology/variable=PTOT/period=annual/clim=wmo_1991-2020/stat=max/PTOT_MAM_full_sd.tif
delete: s3://digital-atlas/domain=climate/type=observational/source=chirps-chirts-era5/region=africa/processing=climatology/variable=PTOT/period=annual/clim=wmo_1991-2020/stat=max/PTOT_MJJ_1991-2020_mean.tif
delete: s3://digital-atlas/domain=climate/type=observational/source=chirps-chirts-era5/region=africa/processing=climatology/variable=PTOT/period=annual/clim=wmo_1991-2020/stat=max/PTOT_MJJ_1991-2020_max.tif
delete: s3://digital-atlas/domain=climate/type=observational/source=chirps-chirts-era5/region=africa/processing=climatology/variable=PTOT/period=annual/clim=wmo_1991-2020/stat=max/PTOT_MJJ_1991-2020_min.tif
delete: s3://digital-atlas/domain=climate/type=observational/source=chirps-chirts-era5/region=africa/processing=climatology/variable=PTOT/period=annual/clim=wmo_1991-2020/stat=max/PTOT_DJF_full_max.tif
delete: s3://digital-atlas/domain=climate/type=observational/source=chirps-chirts-era5/region=africa/processing=climatology/variable=PTOT/period=annual/clim=wmo_1991-2020/stat=max/PTOT_MJJ_1995-2014_max.tif
delete: s3://digital-atlas/domain=climate/type=observational/source=chirps-chirts-era5/region=africa/processing=climatology/variable=PTOT/period=annual/clim=wmo_1991-2020/stat=max/PTOT_MJJ_1995-2014_mean.tif
delete: s3://digital-atlas/domain=climate/type=observational/source=chirps-chirts-era5/region=africa/processing=climatology/variable=PTOT/period=annual/clim=wmo_1991-2020/stat=max/PTOT_MJJ_1995-2014_sd.tif
delete: s3://digital-atlas/domain=climate/type=observational/source=chirps-chirts-era5/region=africa/processing=climatology/variable=PTOT/period=annual/clim=wmo_1991-2020/stat=max/PTOT_MJJ_1995-2014_min.tif
delete: s3://digital-atlas/domain=climate/type=observational/source=chirps-chirts-era5/region=africa/processing=climatology/variable=PTOT/period=annual/clim=wmo_1991-2020/stat=max/PTOT_MJJ_full_max.tif
delete: s3://digital-atlas/domain=climate/type=observational/source=chirps-chirts-era5/region=africa/processing=climatology/variable=PTOT/period=annual/clim=wmo_1991-2020/stat=max/PTOT_MJJ_full_mean.tif
delete: s3://digital-atlas/domain=climate/type=observational/source=chirps-chirts-era5/region=africa/processing=climatology/variable=PTOT/period=annual/clim=wmo_1991-2020/stat=max/PTOT_MJJ_full_min.tif
delete: s3://digital-atlas/domain=climate/type=observational/source=chirps-chirts-era5/region=africa/processing=climatology/variable=PTOT/period=annual/clim=wmo_1991-2020/stat=max/PTOT_MJJ_full_sd.tif
delete: s3://digital-atlas/domain=climate/type=observational/source=chirps-chirts-era5/region=africa/processing=climatology/variable=PTOT/period=annual/clim=wmo_1991-2020/stat=max/PTOT_NDJ_1991-2020_max.tif
delete: s3://digital-atlas/domain=climate/type=observational/source=chirps-chirts-era5/region=africa/processing=climatology/variable=PTOT/period=annual/clim=wmo_1991-2020/stat=max/PTOT_NDJ_1991-2020_mean.tif
delete: s3://digital-atlas/domain=climate/type=observational/source=chirps-chirts-era5/region=africa/processing=climatology/variable=PTOT/period=annual/clim=wmo_1991-2020/stat=max/PTOT_NDJ_1991-2020_min.tif
delete: s3://digital-atlas/domain=climate/type=observational/source=chirps-chirts-era5/region=africa/processing=climatology/variable=PTOT/period=annual/clim=wmo_1991-2020/stat=max/PTOT_NDJ_1991-2020_sd.tif
delete: s3://digital-atlas/domain=climate/type=observational/source=chirps-chirts-era5/region=africa/processing=climatology/variable=PTOT/period=annual/clim=wmo_1991-2020/stat=max/PTOT_NDJ_1995-2014_mean.tif
delete: s3://digital-atlas/domain=climate/type=observational/source=chirps-chirts-era5/region=africa/processing=climatology/variable=PTOT/period=annual/clim=wmo_1991-2020/stat=max/PTOT_NDJ_1995-2014_max.tif
delete: s3://digital-atlas/domain=climate/type=observational/source=chirps-chirts-era5/region=africa/processing=climatology/variable=PTOT/period=annual/clim=wmo_1991-2020/stat=max/PTOT_NDJ_1995-2014_min.tif
delete: s3://digital-atlas/domain=climate/type=observational/source=chirps-chirts-era5/region=africa/processing=climatology/variable=PTOT/period=annual/clim=wmo_1991-2020/stat=max/PTOT_NDJ_1995-2014_sd.tif
delete: s3://digital-atlas/domain=climate/type=observational/source=chirps-chirts-era5/region=africa/processing=climatology/variable=PTOT/period=annual/clim=wmo_1991-2020/stat=max/PTOT_NDJ_full_max.tif
delete: s3://digital-atlas/domain=climate/type=observational/source=chirps-chirts-era5/region=africa/processing=climatology/variable=PTOT/period=annual/clim=wmo_1991-2020/stat=max/PTOT_NDJ_full_mean.tif
delete: s3://digital-atlas/domain=climate/type=observational/source=chirps-chirts-era5/region=africa/processing=climatology/variable=PTOT/period=annual/clim=wmo_1991-2020/stat=max/PTOT_NDJ_full_min.tif
delete: s3://digital-atlas/domain=climate/type=observational/source=chirps-chirts-era5/region=africa/processing=climatology/variable=PTOT/period=annual/clim=wmo_1991-2020/stat=max/PTOT_NDJ_full_sd.tif
delete: s3://digital-atlas/domain=climate/type=observational/source=chirps-chirts-era5/region=africa/processing=climatology/variable=PTOT/period=annual/clim=wmo_1991-2020/stat=max/PTOT_OND_1991-2020_mean.tif
delete: s3://digital-atlas/domain=climate/type=observational/source=chirps-chirts-era5/region=africa/processing=climatology/variable=PTOT/period=annual/clim=wmo_1991-2020/stat=max/PTOT_OND_1991-2020_max.tif
delete: s3://digital-atlas/domain=climate/type=observational/source=chirps-chirts-era5/region=africa/processing=climatology/variable=PTOT/period=annual/clim=wmo_1991-2020/stat=max/PTOT_OND_1991-2020_min.tif
delete: s3://digital-atlas/domain=climate/type=observational/source=chirps-chirts-era5/region=africa/processing=climatology/variable=PTOT/period=annual/clim=wmo_1991-2020/stat=max/PTOT_OND_1991-2020_sd.tif
delete: s3://digital-atlas/domain=climate/type=observational/source=chirps-chirts-era5/region=africa/processing=climatology/variable=PTOT/period=annual/clim=wmo_1991-2020/stat=max/PTOT_OND_1995-2014_max.tif
delete: s3://digital-atlas/domain=climate/type=observational/source=chirps-chirts-era5/region=africa/processing=climatology/variable=PTOT/period=annual/clim=wmo_1991-2020/stat=max/PTOT_OND_1995-2014_mean.tif
delete: s3://digital-atlas/domain=climate/type=observational/source=chirps-chirts-era5/region=africa/processing=climatology/variable=PTOT/period=annual/clim=wmo_1991-2020/stat=max/PTOT_OND_1995-2014_min.tif
delete: s3://digital-atlas/domain=climate/type=observational/source=chirps-chirts-era5/region=africa/processing=climatology/variable=PTOT/period=annual/clim=wmo_1991-2020/stat=max/PTOT_OND_1995-2014_sd.tif
delete: s3://digital-atlas/domain=climate/type=observational/source=chirps-chirts-era5/region=africa/processing=climatology/variable=PTOT/period=annual/clim=wmo_1991-2020/stat=max/PTOT_OND_full_max.tif
delete: s3://digital-atlas/domain=climate/type=observational/source=chirps-chirts-era5/region=africa/processing=climatology/variable=PTOT/period=annual/clim=wmo_1991-2020/stat=max/PTOT_OND_full_mean.tif
delete: s3://digital-atlas/domain=climate/type=observational/source=chirps-chirts-era5/region=africa/processing=climatology/variable=PTOT/period=annual/clim=wmo_1991-2020/stat=max/PTOT_OND_full_sd.tif
delete: s3://digital-atlas/domain=climate/type=observational/source=chirps-chirts-era5/region=africa/processing=climatology/variable=PTOT/period=annual/clim=wmo_1991-2020/stat=max/PTOT_OND_full_min.tif
delete: s3://digital-atlas/domain=climate/type=observational/source=chirps-chirts-era5/region=africa/processing=climatology/variable=PTOT/period=annual/clim=wmo_1991-2020/stat=max/PTOT_SON_1991-2020_max.tif
delete: s3://digital-atlas/domain=climate/type=observational/source=chirps-chirts-era5/region=africa/processing=climatology/variable=PTOT/period=annual/clim=wmo_1991-2020/stat=max/PTOT_SON_1991-2020_min.tif
delete: s3://digital-atlas/domain=climate/type=observational/source=chirps-chirts-era5/region=africa/processing=climatology/variable=PTOT/period=annual/clim=wmo_1991-2020/stat=max/PTOT_SON_1991-2020_sd.tif
delete: s3://digital-atlas/domain=climate/type=observational/source=chirps-chirts-era5/region=africa/processing=climatology/variable=PTOT/period=annual/clim=wmo_1991-2020/stat=max/PTOT_SON_1991-2020_mean.tif
delete: s3://digital-atlas/domain=climate/type=observational/source=chirps-chirts-era5/region=africa/processing=climatology/variable=PTOT/period=annual/clim=wmo_1991-2020/stat=max/PTOT_SON_1995-2014_max.tif
delete: s3://digital-atlas/domain=climate/type=observational/source=chirps-chirts-era5/region=africa/processing=climatology/variable=PTOT/period=annual/clim=wmo_1991-2020/stat=max/PTOT_SON_1995-2014_mean.tif
delete: s3://digital-atlas/domain=climate/type=observational/source=chirps-chirts-era5/region=africa/processing=climatology/variable=PTOT/period=annual/clim=wmo_1991-2020/stat=max/PTOT_SON_1995-2014_min.tif
delete: s3://digital-atlas/domain=climate/type=observational/source=chirps-chirts-era5/region=africa/processing=climatology/variable=PTOT/period=annual/clim=wmo_1991-2020/stat=max/PTOT_SON_1995-2014_sd.tif
delete: s3://digital-atlas/domain=climate/type=observational/source=chirps-chirts-era5/region=africa/processing=climatology/variable=PTOT/period=annual/clim=wmo_1991-2020/stat=max/PTOT_SON_full_max.tif
delete: s3://digital-atlas/domain=climate/type=observational/source=chirps-chirts-era5/region=africa/processing=climatology/variable=PTOT/period=annual/clim=wmo_1991-2020/stat=max/PTOT_SON_full_mean.tif
delete: s3://digital-atlas/domain=climate/type=observational/source=chirps-chirts-era5/region=africa/processing=climatology/variable=PTOT/period=annual/clim=wmo_1991-2020/stat=max/PTOT_SON_full_min.tif
delete: s3://digital-atlas/domain=climate/type=observational/source=chirps-chirts-era5/region=africa/processing=climatology/variable=PTOT/period=annual/clim=wmo_1991-2020/stat=max/PTOT_annual_1991-2020_max.tif
delete: s3://digital-atlas/domain=climate/type=observational/source=chirps-chirts-era5/region=africa/processing=climatology/variable=PTOT/period=annual/clim=wmo_1991-2020/stat=max/PTOT_SON_full_sd.tif
delete: s3://digital-atlas/domain=climate/type=observational/source=chirps-chirts-era5/region=africa/processing=climatology/variable=PTOT/period=annual/clim=wmo_1991-2020/stat=max/PTOT_annual_1991-2020_mean.tif
delete: s3://digital-atlas/domain=climate/type=observational/source=chirps-chirts-era5/region=africa/processing=climatology/variable=PTOT/period=annual/clim=wmo_1991-2020/stat=max/PTOT_annual_1991-2020_min.tif
delete: s3://digital-atlas/domain=climate/type=observational/source=chirps-chirts-era5/region=africa/processing=climatology/variable=PTOT/period=annual/clim=wmo_1991-2020/stat=max/PTOT_annual_1995-2014_max.tif
delete: s3://digital-atlas/domain=climate/type=observational/source=chirps-chirts-era5/region=africa/processing=climatology/variable=PTOT/period=annual/clim=wmo_1991-2020/stat=max/PTOT_annual_1991-2020_sd.tif
delete: s3://digital-atlas/domain=climate/type=observational/source=chirps-chirts-era5/region=africa/processing=climatology/variable=PTOT/period=annual/clim=wmo_1991-2020/stat=max/PTOT_annual_1995-2014_mean.tif
delete: s3://digital-atlas/domain=climate/type=observational/source=chirps-chirts-era5/region=africa/processing=climatology/variable=PTOT/period=annual/clim=wmo_1991-2020/stat=max/PTOT_annual_1995-2014_sd.tif
delete: s3://digital-atlas/domain=climate/type=observational/source=chirps-chirts-era5/region=africa/processing=climatology/variable=PTOT/period=annual/clim=wmo_1991-2020/stat=max/PTOT_annual_1995-2014_min.tif
delete: s3://digital-atlas/domain=climate/type=observational/source=chirps-chirts-era5/region=africa/processing=climatology/variable=PTOT/period=annual/clim=wmo_1991-2020/stat=max/PTOT_annual_full_max.tif
delete: s3://digital-atlas/domain=climate/type=observational/source=chirps-chirts-era5/region=africa/processing=climatology/variable=PTOT/period=annual/clim=wmo_1991-2020/stat=max/PTOT_annual_full_min.tif
delete: s3://digital-atlas/domain=climate/type=observational/source=chirps-chirts-era5/region=africa/processing=climatology/variable=PTOT/period=annual/clim=wmo_1991-2020/stat=max/PTOT_annual_full_mean.tif
delete: s3://digital-atlas/domain=climate/type=observational/source=chirps-chirts-era5/region=africa/processing=climatology/variable=PTOT/period=annual/clim=wmo_1991-2020/stat=max/PTOT_DJF_full_mean.tif
delete: s3://digital-atlas/domain=climate/type=observational/source=chirps-chirts-era5/region=africa/processing=climatology/variable=PTOT/period=annual/clim=wmo_1991-2020/stat=max/SPEI-01_AMJ_1991-2020_max.tif
delete: s3://digital-atlas/domain=climate/type=observational/source=chirps-chirts-era5/region=africa/processing=climatology/variable=PTOT/period=annual/clim=wmo_1991-2020/stat=max/SPEI-01_AMJ_1991-2020_mean.tif
delete: s3://digital-atlas/domain=climate/type=observational/source=chirps-chirts-era5/region=africa/processing=climatology/variable=PTOT/period=annual/clim=wmo_1991-2020/stat=max/SPEI-01_AMJ_1991-2020_min.tif
delete: s3://digital-atlas/domain=climate/type=observational/source=chirps-chirts-era5/region=africa/processing=climatology/variable=PTOT/period=annual/clim=wmo_1991-2020/stat=max/SPEI-01_AMJ_1991-2020_sd.tif
delete: s3://digital-atlas/domain=climate/type=observational/source=chirps-chirts-era5/region=africa/processing=climatology/variable=PTOT/period=annual/clim=wmo_1991-2020/stat=max/SPEI-01_AMJ_1995-2014_max.tif
delete: s3://digital-atlas/domain=climate/type=observational/source=chirps-chirts-era5/region=africa/processing=climatology/variable=PTOT/period=annual/clim=wmo_1991-2020/stat=max/SPEI-01_AMJ_1995-2014_mean.tif
delete: s3://digital-atlas/domain=climate/type=observational/source=chirps-chirts-era5/region=africa/processing=climatology/variable=PTOT/period=annual/clim=wmo_1991-2020/stat=max/SPEI-01_AMJ_1995-2014_min.tif
delete: s3://digital-atlas/domain=climate/type=observational/source=chirps-chirts-era5/region=africa/processing=climatology/variable=PTOT/period=annual/clim=wmo_1991-2020/stat=max/SPEI-01_AMJ_full_max.tif
delete: s3://digital-atlas/domain=climate/type=observational/source=chirps-chirts-era5/region=africa/processing=climatology/variable=PTOT/period=annual/clim=wmo_1991-2020/stat=max/SPEI-01_AMJ_1995-2014_sd.tif
delete: s3://digital-atlas/domain=climate/type=observational/source=chirps-chirts-era5/region=africa/processing=climatology/variable=PTOT/period=annual/clim=wmo_1991-2020/stat=max/SPEI-01_AMJ_full_mean.tif
delete: s3://digital-atlas/domain=climate/type=observational/source=chirps-chirts-era5/region=africa/processing=climatology/variable=PTOT/period=annual/clim=wmo_1991-2020/stat=max/SPEI-01_AMJ_full_min.tif
delete: s3://digital-atlas/domain=climate/type=observational/source=chirps-chirts-era5/region=africa/processing=climatology/variable=PTOT/period=annual/clim=wmo_1991-2020/stat=max/SPEI-01_AMJ_full_sd.tif
delete: s3://digital-atlas/domain=climate/type=observational/source=chirps-chirts-era5/region=africa/processing=climatology/variable=PTOT/period=annual/clim=wmo_1991-2020/stat=max/SPEI-01_ASO_1991-2020_max.tif
delete: s3://digital-atlas/domain=climate/type=observational/source=chirps-chirts-era5/region=africa/processing=climatology/variable=PTOT/period=annual/clim=wmo_1991-2020/stat=max/SPEI-01_ASO_1991-2020_mean.tif
delete: s3://digital-atlas/domain=climate/type=observational/source=chirps-chirts-era5/region=africa/processing=climatology/variable=PTOT/period=annual/clim=wmo_1991-2020/stat=max/SPEI-01_ASO_1991-2020_min.tif
delete: s3://digital-atlas/domain=climate/type=observational/source=chirps-chirts-era5/region=africa/processing=climatology/variable=PTOT/period=annual/clim=wmo_1991-2020/stat=max/SPEI-01_ASO_1991-2020_sd.tif
delete: s3://digital-atlas/domain=climate/type=observational/source=chirps-chirts-era5/region=africa/processing=climatology/variable=PTOT/period=annual/clim=wmo_1991-2020/stat=max/SPEI-01_ASO_1995-2014_max.tif
delete: s3://digital-atlas/domain=climate/type=observational/source=chirps-chirts-era5/region=africa/processing=climatology/variable=PTOT/period=annual/clim=wmo_1991-2020/stat=max/SPEI-01_ASO_1995-2014_mean.tif
delete: s3://digital-atlas/domain=climate/type=observational/source=chirps-chirts-era5/region=africa/processing=climatology/variable=PTOT/period=annual/clim=wmo_1991-2020/stat=max/SPEI-01_ASO_1995-2014_min.tif
delete: s3://digital-atlas/domain=climate/type=observational/source=chirps-chirts-era5/region=africa/processing=climatology/variable=PTOT/period=annual/clim=wmo_1991-2020/stat=max/SPEI-01_ASO_1995-2014_sd.tif
delete: s3://digital-atlas/domain=climate/type=observational/source=chirps-chirts-era5/region=africa/processing=climatology/variable=PTOT/period=annual/clim=wmo_1991-2020/stat=max/SPEI-01_ASO_full_max.tif
delete: s3://digital-atlas/domain=climate/type=observational/source=chirps-chirts-era5/region=africa/processing=climatology/variable=PTOT/period=annual/clim=wmo_1991-2020/stat=max/SPEI-01_ASO_full_mean.tif
delete: s3://digital-atlas/domain=climate/type=observational/source=chirps-chirts-era5/region=africa/processing=climatology/variable=PTOT/period=annual/clim=wmo_1991-2020/stat=max/SPEI-01_ASO_full_min.tif
delete: s3://digital-atlas/domain=climate/type=observational/source=chirps-chirts-era5/region=africa/processing=climatology/variable=PTOT/period=annual/clim=wmo_1991-2020/stat=max/SPEI-01_ASO_full_sd.tif
delete: s3://digital-atlas/domain=climate/type=observational/source=chirps-chirts-era5/region=africa/processing=climatology/variable=PTOT/period=annual/clim=wmo_1991-2020/stat=max/SPEI-01_DJF_1991-2020_max.tif
delete: s3://digital-atlas/domain=climate/type=observational/source=chirps-chirts-era5/region=africa/processing=climatology/variable=PTOT/period=annual/clim=wmo_1991-2020/stat=max/SPEI-01_DJF_1991-2020_mean.tif
delete: s3://digital-atlas/domain=climate/type=observational/source=chirps-chirts-era5/region=africa/processing=climatology/variable=PTOT/period=annual/clim=wmo_1991-2020/stat=max/SPEI-01_DJF_1991-2020_min.tif
delete: s3://digital-atlas/domain=climate/type=observational/source=chirps-chirts-era5/region=africa/processing=climatology/variable=PTOT/period=annual/clim=wmo_1991-2020/stat=max/SPEI-01_DJF_1991-2020_sd.tif
delete: s3://digital-atlas/domain=climate/type=observational/source=chirps-chirts-era5/region=africa/processing=climatology/variable=PTOT/period=annual/clim=wmo_1991-2020/stat=max/SPEI-01_DJF_1995-2014_max.tif
delete: s3://digital-atlas/domain=climate/type=observational/source=chirps-chirts-era5/region=africa/processing=climatology/variable=PTOT/period=annual/clim=wmo_1991-2020/stat=max/SPEI-01_DJF_1995-2014_mean.tif
delete: s3://digital-atlas/domain=climate/type=observational/source=chirps-chirts-era5/region=africa/processing=climatology/variable=PTOT/period=annual/clim=wmo_1991-2020/stat=max/SPEI-01_DJF_1995-2014_min.tif
delete: s3://digital-atlas/domain=climate/type=observational/source=chirps-chirts-era5/region=africa/processing=climatology/variable=PTOT/period=annual/clim=wmo_1991-2020/stat=max/SPEI-01_DJF_1995-2014_sd.tif
delete: s3://digital-atlas/domain=climate/type=observational/source=chirps-chirts-era5/region=africa/processing=climatology/variable=PTOT/period=annual/clim=wmo_1991-2020/stat=max/SPEI-01_DJF_full_max.tif
delete: s3://digital-atlas/domain=climate/type=observational/source=chirps-chirts-era5/region=africa/processing=climatology/variable=PTOT/period=annual/clim=wmo_1991-2020/stat=max/SPEI-01_DJF_full_mean.tif
delete: s3://digital-atlas/domain=climate/type=observational/source=chirps-chirts-era5/region=africa/processing=climatology/variable=PTOT/period=annual/clim=wmo_1991-2020/stat=max/SPEI-01_DJF_full_sd.tif
delete: s3://digital-atlas/domain=climate/type=observational/source=chirps-chirts-era5/region=africa/processing=climatology/variable=PTOT/period=annual/clim=wmo_1991-2020/stat=max/SPEI-01_DJF_full_min.tif
delete: s3://digital-atlas/domain=climate/type=observational/source=chirps-chirts-era5/region=africa/processing=climatology/variable=PTOT/period=annual/clim=wmo_1991-2020/stat=max/SPEI-01_FMA_1991-2020_max.tif
delete: s3://digital-atlas/domain=climate/type=observational/source=chirps-chirts-era5/region=africa/processing=climatology/variable=PTOT/period=annual/clim=wmo_1991-2020/stat=max/SPEI-01_FMA_1991-2020_mean.tif
delete: s3://digital-atlas/domain=climate/type=observational/source=chirps-chirts-era5/region=africa/processing=climatology/variable=PTOT/period=annual/clim=wmo_1991-2020/stat=max/SPEI-01_FMA_1991-2020_min.tif
delete: s3://digital-atlas/domain=climate/type=observational/source=chirps-chirts-era5/region=africa/processing=climatology/variable=PTOT/period=annual/clim=wmo_1991-2020/stat=max/SPEI-01_FMA_1995-2014_max.tif
delete: s3://digital-atlas/domain=climate/type=observational/source=chirps-chirts-era5/region=africa/processing=climatology/variable=PTOT/period=annual/clim=wmo_1991-2020/stat=max/SPEI-01_FMA_1995-2014_mean.tif
delete: s3://digital-atlas/domain=climate/type=observational/source=chirps-chirts-era5/region=africa/processing=climatology/variable=PTOT/period=annual/clim=wmo_1991-2020/stat=max/SPEI-01_FMA_1991-2020_sd.tif
delete: s3://digital-atlas/domain=climate/type=observational/source=chirps-chirts-era5/region=africa/processing=climatology/variable=PTOT/period=annual/clim=wmo_1991-2020/stat=max/SPEI-01_FMA_1995-2014_min.tif
delete: s3://digital-atlas/domain=climate/type=observational/source=chirps-chirts-era5/region=africa/processing=climatology/variable=PTOT/period=annual/clim=wmo_1991-2020/stat=max/SPEI-01_FMA_1995-2014_sd.tif
delete: s3://digital-atlas/domain=climate/type=observational/source=chirps-chirts-era5/region=africa/processing=climatology/variable=PTOT/period=annual/clim=wmo_1991-2020/stat=max/SPEI-01_FMA_full_max.tif
delete: s3://digital-atlas/domain=climate/type=observational/source=chirps-chirts-era5/region=africa/processing=climatology/variable=PTOT/period=annual/clim=wmo_1991-2020/stat=max/SPEI-01_FMA_full_mean.tif
delete: s3://digital-atlas/domain=climate/type=observational/source=chirps-chirts-era5/region=africa/processing=climatology/variable=PTOT/period=annual/clim=wmo_1991-2020/stat=max/SPEI-01_FMA_full_min.tif
delete: s3://digital-atlas/domain=climate/type=observational/source=chirps-chirts-era5/region=africa/processing=climatology/variable=PTOT/period=annual/clim=wmo_1991-2020/stat=max/SPEI-01_FMA_full_sd.tif
delete: s3://digital-atlas/domain=climate/type=observational/source=chirps-chirts-era5/region=africa/processing=climatology/variable=PTOT/period=annual/clim=wmo_1991-2020/stat=max/SPEI-01_JAS_1991-2020_mean.tif
delete: s3://digital-atlas/domain=climate/type=observational/source=chirps-chirts-era5/region=africa/processing=climatology/variable=PTOT/period=annual/clim=wmo_1991-2020/stat=max/SPEI-01_JAS_1991-2020_max.tif
delete: s3://digital-atlas/domain=climate/type=observational/source=chirps-chirts-era5/region=africa/processing=climatology/variable=PTOT/period=annual/clim=wmo_1991-2020/stat=max/SPEI-01_JAS_1991-2020_sd.tif
delete: s3://digital-atlas/domain=climate/type=observational/source=chirps-chirts-era5/region=africa/processing=climatology/variable=PTOT/period=annual/clim=wmo_1991-2020/stat=max/SPEI-01_JAS_1991-2020_min.tif
delete: s3://digital-atlas/domain=climate/type=observational/source=chirps-chirts-era5/region=africa/processing=climatology/variable=PTOT/period=annual/clim=wmo_1991-2020/stat=max/SPEI-01_JAS_1995-2014_max.tif
delete: s3://digital-atlas/domain=climate/type=observational/source=chirps-chirts-era5/region=africa/processing=climatology/variable=PTOT/period=annual/clim=wmo_1991-2020/stat=max/SPEI-01_JAS_1995-2014_mean.tif
delete: s3://digital-atlas/domain=climate/type=observational/source=chirps-chirts-era5/region=africa/processing=climatology/variable=PTOT/period=annual/clim=wmo_1991-2020/stat=max/SPEI-01_JAS_1995-2014_min.tif
delete: s3://digital-atlas/domain=climate/type=observational/source=chirps-chirts-era5/region=africa/processing=climatology/variable=PTOT/period=annual/clim=wmo_1991-2020/stat=max/SPEI-01_JAS_1995-2014_sd.tif
delete: s3://digital-atlas/domain=climate/type=observational/source=chirps-chirts-era5/region=africa/processing=climatology/variable=PTOT/period=annual/clim=wmo_1991-2020/stat=max/SPEI-01_JAS_full_max.tif
delete: s3://digital-atlas/domain=climate/type=observational/source=chirps-chirts-era5/region=africa/processing=climatology/variable=PTOT/period=annual/clim=wmo_1991-2020/stat=max/SPEI-01_JAS_full_mean.tif
delete: s3://digital-atlas/domain=climate/type=observational/source=chirps-chirts-era5/region=africa/processing=climatology/variable=PTOT/period=annual/clim=wmo_1991-2020/stat=max/SPEI-01_JAS_full_min.tif
delete: s3://digital-atlas/domain=climate/type=observational/source=chirps-chirts-era5/region=africa/processing=climatology/variable=PTOT/period=annual/clim=wmo_1991-2020/stat=max/SPEI-01_JAS_full_sd.tif
delete: s3://digital-atlas/domain=climate/type=observational/source=chirps-chirts-era5/region=africa/processing=climatology/variable=PTOT/period=annual/clim=wmo_1991-2020/stat=max/SPEI-01_JFM_1991-2020_max.tif
delete: s3://digital-atlas/domain=climate/type=observational/source=chirps-chirts-era5/region=africa/processing=climatology/variable=PTOT/period=annual/clim=wmo_1991-2020/stat=max/SPEI-01_JFM_1991-2020_mean.tif
delete: s3://digital-atlas/domain=climate/type=observational/source=chirps-chirts-era5/region=africa/processing=climatology/variable=PTOT/period=annual/clim=wmo_1991-2020/stat=max/SPEI-01_JFM_1991-2020_min.tif
delete: s3://digital-atlas/domain=climate/type=observational/source=chirps-chirts-era5/region=africa/processing=climatology/variable=PTOT/period=annual/clim=wmo_1991-2020/stat=max/SPEI-01_JFM_1991-2020_sd.tif
delete: s3://digital-atlas/domain=climate/type=observational/source=chirps-chirts-era5/region=africa/processing=climatology/variable=PTOT/period=annual/clim=wmo_1991-2020/stat=max/SPEI-01_JFM_1995-2014_max.tif
delete: s3://digital-atlas/domain=climate/type=observational/source=chirps-chirts-era5/region=africa/processing=climatology/variable=PTOT/period=annual/clim=wmo_1991-2020/stat=max/PTOT_DJF_full_min.tif
delete: s3://digital-atlas/domain=climate/type=observational/source=chirps-chirts-era5/region=africa/processing=climatology/variable=PTOT/period=annual/clim=wmo_1991-2020/stat=max/SPEI-01_JFM_1995-2014_mean.tif
delete: s3://digital-atlas/domain=climate/type=observational/source=chirps-chirts-era5/region=africa/processing=climatology/variable=PTOT/period=annual/clim=wmo_1991-2020/stat=max/SPEI-01_JFM_1995-2014_sd.tif
delete: s3://digital-atlas/domain=climate/type=observational/source=chirps-chirts-era5/region=africa/processing=climatology/variable=PTOT/period=annual/clim=wmo_1991-2020/stat=max/SPEI-01_JFM_1995-2014_min.tif
delete: s3://digital-atlas/domain=climate/type=observational/source=chirps-chirts-era5/region=africa/processing=climatology/variable=PTOT/period=annual/clim=wmo_1991-2020/stat=max/SPEI-01_JFM_full_max.tif
delete: s3://digital-atlas/domain=climate/type=observational/source=chirps-chirts-era5/region=africa/processing=climatology/variable=PTOT/period=annual/clim=wmo_1991-2020/stat=max/SPEI-01_JFM_full_min.tif
delete: s3://digital-atlas/domain=climate/type=observational/source=chirps-chirts-era5/region=africa/processing=climatology/variable=PTOT/period=annual/clim=wmo_1991-2020/stat=max/SPEI-01_JFM_full_mean.tif
delete: s3://digital-atlas/domain=climate/type=observational/source=chirps-chirts-era5/region=africa/processing=climatology/variable=PTOT/period=annual/clim=wmo_1991-2020/stat=max/SPEI-01_JFM_full_sd.tif
delete: s3://digital-atlas/domain=climate/type=observational/source=chirps-chirts-era5/region=africa/processing=climatology/variable=PTOT/period=annual/clim=wmo_1991-2020/stat=max/SPEI-01_JJA_1991-2020_max.tif
delete: s3://digital-atlas/domain=climate/type=observational/source=chirps-chirts-era5/region=africa/processing=climatology/variable=PTOT/period=annual/clim=wmo_1991-2020/stat=max/SPEI-01_JJA_1991-2020_mean.tif
delete: s3://digital-atlas/domain=climate/type=observational/source=chirps-chirts-era5/region=africa/processing=climatology/variable=PTOT/period=annual/clim=wmo_1991-2020/stat=max/SPEI-01_JJA_1991-2020_min.tif
delete: s3://digital-atlas/domain=climate/type=observational/source=chirps-chirts-era5/region=africa/processing=climatology/variable=PTOT/period=annual/clim=wmo_1991-2020/stat=max/SPEI-01_JJA_1991-2020_sd.tif
delete: s3://digital-atlas/domain=climate/type=observational/source=chirps-chirts-era5/region=africa/processing=climatology/variable=PTOT/period=annual/clim=wmo_1991-2020/stat=max/SPEI-01_JJA_1995-2014_max.tif
delete: s3://digital-atlas/domain=climate/type=observational/source=chirps-chirts-era5/region=africa/processing=climatology/variable=PTOT/period=annual/clim=wmo_1991-2020/stat=max/SPEI-01_JJA_1995-2014_mean.tif
delete: s3://digital-atlas/domain=climate/type=observational/source=chirps-chirts-era5/region=africa/processing=climatology/variable=PTOT/period=annual/clim=wmo_1991-2020/stat=max/SPEI-01_JJA_1995-2014_min.tif
delete: s3://digital-atlas/domain=climate/type=observational/source=chirps-chirts-era5/region=africa/processing=climatology/variable=PTOT/period=annual/clim=wmo_1991-2020/stat=max/SPEI-01_JJA_1995-2014_sd.tif
delete: s3://digital-atlas/domain=climate/type=observational/source=chirps-chirts-era5/region=africa/processing=climatology/variable=PTOT/period=annual/clim=wmo_1991-2020/stat=max/SPEI-01_JJA_full_max.tif
delete: s3://digital-atlas/domain=climate/type=observational/source=chirps-chirts-era5/region=africa/processing=climatology/variable=PTOT/period=annual/clim=wmo_1991-2020/stat=max/SPEI-01_JJA_full_mean.tif
delete: s3://digital-atlas/domain=climate/type=observational/source=chirps-chirts-era5/region=africa/processing=climatology/variable=PTOT/period=annual/clim=wmo_1991-2020/stat=max/SPEI-01_JJA_full_min.tif
delete: s3://digital-atlas/domain=climate/type=observational/source=chirps-chirts-era5/region=africa/processing=climatology/variable=PTOT/period=annual/clim=wmo_1991-2020/stat=max/SPEI-01_JJA_full_sd.tif
delete: s3://digital-atlas/domain=climate/type=observational/source=chirps-chirts-era5/region=africa/processing=climatology/variable=PTOT/period=annual/clim=wmo_1991-2020/stat=max/SPEI-01_MAM_1991-2020_max.tif
delete: s3://digital-atlas/domain=climate/type=observational/source=chirps-chirts-era5/region=africa/processing=climatology/variable=PTOT/period=annual/clim=wmo_1991-2020/stat=max/SPEI-01_MAM_1991-2020_mean.tif
delete: s3://digital-atlas/domain=climate/type=observational/source=chirps-chirts-era5/region=africa/processing=climatology/variable=PTOT/period=annual/clim=wmo_1991-2020/stat=max/SPEI-01_MAM_1991-2020_min.tif
delete: s3://digital-atlas/domain=climate/type=observational/source=chirps-chirts-era5/region=africa/processing=climatology/variable=PTOT/period=annual/clim=wmo_1991-2020/stat=max/SPEI-01_MAM_1991-2020_sd.tif
delete: s3://digital-atlas/domain=climate/type=observational/source=chirps-chirts-era5/region=africa/processing=climatology/variable=PTOT/period=annual/clim=wmo_1991-2020/stat=max/SPEI-01_MAM_1995-2014_max.tif
delete: s3://digital-atlas/domain=climate/type=observational/source=chirps-chirts-era5/region=africa/processing=climatology/variable=PTOT/period=annual/clim=wmo_1991-2020/stat=max/SPEI-01_MAM_1995-2014_mean.tif
delete: s3://digital-atlas/domain=climate/type=observational/source=chirps-chirts-era5/region=africa/processing=climatology/variable=PTOT/period=annual/clim=wmo_1991-2020/stat=max/SPEI-01_MAM_1995-2014_min.tif
delete: s3://digital-atlas/domain=climate/type=observational/source=chirps-chirts-era5/region=africa/processing=climatology/variable=PTOT/period=annual/clim=wmo_1991-2020/stat=max/SPEI-01_MAM_1995-2014_sd.tif
delete: s3://digital-atlas/domain=climate/type=observational/source=chirps-chirts-era5/region=africa/processing=climatology/variable=PTOT/period=annual/clim=wmo_1991-2020/stat=max/SPEI-01_MAM_full_max.tif
delete: s3://digital-atlas/domain=climate/type=observational/source=chirps-chirts-era5/region=africa/processing=climatology/variable=PTOT/period=annual/clim=wmo_1991-2020/stat=max/SPEI-01_MAM_full_min.tif
delete: s3://digital-atlas/domain=climate/type=observational/source=chirps-chirts-era5/region=africa/processing=climatology/variable=PTOT/period=annual/clim=wmo_1991-2020/stat=max/SPEI-01_MAM_full_mean.tif
delete: s3://digital-atlas/domain=climate/type=observational/source=chirps-chirts-era5/region=africa/processing=climatology/variable=PTOT/period=annual/clim=wmo_1991-2020/stat=max/SPEI-01_MAM_full_sd.tif
delete: s3://digital-atlas/domain=climate/type=observational/source=chirps-chirts-era5/region=africa/processing=climatology/variable=PTOT/period=annual/clim=wmo_1991-2020/stat=max/SPEI-01_MJJ_1991-2020_max.tif
delete: s3://digital-atlas/domain=climate/type=observational/source=chirps-chirts-era5/region=africa/processing=climatology/variable=PTOT/period=annual/clim=wmo_1991-2020/stat=max/SPEI-01_MJJ_1991-2020_mean.tif
delete: s3://digital-atlas/domain=climate/type=observational/source=chirps-chirts-era5/region=africa/processing=climatology/variable=PTOT/period=annual/clim=wmo_1991-2020/stat=max/SPEI-01_MJJ_1991-2020_min.tif
delete: s3://digital-atlas/domain=climate/type=observational/source=chirps-chirts-era5/region=africa/processing=climatology/variable=PTOT/period=annual/clim=wmo_1991-2020/stat=max/SPEI-01_MJJ_1991-2020_sd.tif
delete: s3://digital-atlas/domain=climate/type=observational/source=chirps-chirts-era5/region=africa/processing=climatology/variable=PTOT/period=annual/clim=wmo_1991-2020/stat=max/SPEI-01_MJJ_1995-2014_max.tif
delete: s3://digital-atlas/domain=climate/type=observational/source=chirps-chirts-era5/region=africa/processing=climatology/variable=PTOT/period=annual/clim=wmo_1991-2020/stat=max/SPEI-01_MJJ_1995-2014_mean.tif
delete: s3://digital-atlas/domain=climate/type=observational/source=chirps-chirts-era5/region=africa/processing=climatology/variable=PTOT/period=annual/clim=wmo_1991-2020/stat=max/SPEI-01_MJJ_1995-2014_min.tif
delete: s3://digital-atlas/domain=climate/type=observational/source=chirps-chirts-era5/region=africa/processing=climatology/variable=PTOT/period=annual/clim=wmo_1991-2020/stat=max/SPEI-01_MJJ_1995-2014_sd.tif
delete: s3://digital-atlas/domain=climate/type=observational/source=chirps-chirts-era5/region=africa/processing=climatology/variable=PTOT/period=annual/clim=wmo_1991-2020/stat=max/SPEI-01_MJJ_full_max.tif
delete: s3://digital-atlas/domain=climate/type=observational/source=chirps-chirts-era5/region=africa/processing=climatology/variable=PTOT/period=annual/clim=wmo_1991-2020/stat=max/SPEI-01_MJJ_full_mean.tif
delete: s3://digital-atlas/domain=climate/type=observational/source=chirps-chirts-era5/region=africa/processing=climatology/variable=PTOT/period=annual/clim=wmo_1991-2020/stat=max/SPEI-01_MJJ_full_sd.tif
delete: s3://digital-atlas/domain=climate/type=observational/source=chirps-chirts-era5/region=africa/processing=climatology/variable=PTOT/period=annual/clim=wmo_1991-2020/stat=max/SPEI-01_MJJ_full_min.tif
delete: s3://digital-atlas/domain=climate/type=observational/source=chirps-chirts-era5/region=africa/processing=climatology/variable=PTOT/period=annual/clim=wmo_1991-2020/stat=max/SPEI-01_NDJ_1991-2020_max.tif
delete: s3://digital-atlas/domain=climate/type=observational/source=chirps-chirts-era5/region=africa/processing=climatology/variable=PTOT/period=annual/clim=wmo_1991-2020/stat=max/SPEI-01_NDJ_1991-2020_mean.tif
delete: s3://digital-atlas/domain=climate/type=observational/source=chirps-chirts-era5/region=africa/processing=climatology/variable=PTOT/period=annual/clim=wmo_1991-2020/stat=max/SPEI-01_NDJ_1991-2020_min.tif
delete: s3://digital-atlas/domain=climate/type=observational/source=chirps-chirts-era5/region=africa/processing=climatology/variable=PTOT/period=annual/clim=wmo_1991-2020/stat=max/SPEI-01_NDJ_1995-2014_max.tif
delete: s3://digital-atlas/domain=climate/type=observational/source=chirps-chirts-era5/region=africa/processing=climatology/variable=PTOT/period=annual/clim=wmo_1991-2020/stat=max/SPEI-01_NDJ_1991-2020_sd.tif
delete: s3://digital-atlas/domain=climate/type=observational/source=chirps-chirts-era5/region=africa/processing=climatology/variable=PTOT/period=annual/clim=wmo_1991-2020/stat=max/SPEI-01_NDJ_1995-2014_mean.tif
delete: s3://digital-atlas/domain=climate/type=observational/source=chirps-chirts-era5/region=africa/processing=climatology/variable=PTOT/period=annual/clim=wmo_1991-2020/stat=max/SPEI-01_NDJ_1995-2014_min.tif
delete: s3://digital-atlas/domain=climate/type=observational/source=chirps-chirts-era5/region=africa/processing=climatology/variable=PTOT/period=annual/clim=wmo_1991-2020/stat=max/SPEI-01_NDJ_1995-2014_sd.tif
delete: s3://digital-atlas/domain=climate/type=observational/source=chirps-chirts-era5/region=africa/processing=climatology/variable=PTOT/period=annual/clim=wmo_1991-2020/stat=max/SPEI-01_NDJ_full_max.tif
delete: s3://digital-atlas/domain=climate/type=observational/source=chirps-chirts-era5/region=africa/processing=climatology/variable=PTOT/period=annual/clim=wmo_1991-2020/stat=max/SPEI-01_NDJ_full_mean.tif
delete: s3://digital-atlas/domain=climate/type=observational/source=chirps-chirts-era5/region=africa/processing=climatology/variable=PTOT/period=annual/clim=wmo_1991-2020/stat=max/SPEI-01_NDJ_full_min.tif
delete: s3://digital-atlas/domain=climate/type=observational/source=chirps-chirts-era5/region=africa/processing=climatology/variable=PTOT/period=annual/clim=wmo_1991-2020/stat=max/SPEI-01_NDJ_full_sd.tif
delete: s3://digital-atlas/domain=climate/type=observational/source=chirps-chirts-era5/region=africa/processing=climatology/variable=PTOT/period=annual/clim=wmo_1991-2020/stat=max/SPEI-01_OND_1991-2020_max.tif
delete: s3://digital-atlas/domain=climate/type=observational/source=chirps-chirts-era5/region=africa/processing=climatology/variable=PTOT/period=annual/clim=wmo_1991-2020/stat=max/SPEI-01_OND_1991-2020_mean.tif
delete: s3://digital-atlas/domain=climate/type=observational/source=chirps-chirts-era5/region=africa/processing=climatology/variable=PTOT/period=annual/clim=wmo_1991-2020/stat=max/SPEI-01_OND_1995-2014_max.tif
delete: s3://digital-atlas/domain=climate/type=observational/source=chirps-chirts-era5/region=africa/processing=climatology/variable=PTOT/period=annual/clim=wmo_1991-2020/stat=max/SPEI-01_OND_1991-2020_min.tif
delete: s3://digital-atlas/domain=climate/type=observational/source=chirps-chirts-era5/region=africa/processing=climatology/variable=PTOT/period=annual/clim=wmo_1991-2020/stat=max/SPEI-01_OND_1991-2020_sd.tif
delete: s3://digital-atlas/domain=climate/type=observational/source=chirps-chirts-era5/region=africa/processing=climatology/variable=PTOT/period=annual/clim=wmo_1991-2020/stat=max/SPEI-01_OND_1995-2014_min.tif
delete: s3://digital-atlas/domain=climate/type=observational/source=chirps-chirts-era5/region=africa/processing=climatology/variable=PTOT/period=annual/clim=wmo_1991-2020/stat=max/SPEI-01_OND_1995-2014_sd.tif
delete: s3://digital-atlas/domain=climate/type=observational/source=chirps-chirts-era5/region=africa/processing=climatology/variable=PTOT/period=annual/clim=wmo_1991-2020/stat=max/SPEI-01_OND_full_max.tif
delete: s3://digital-atlas/domain=climate/type=observational/source=chirps-chirts-era5/region=africa/processing=climatology/variable=PTOT/period=annual/clim=wmo_1991-2020/stat=max/SPEI-01_OND_full_mean.tif
delete: s3://digital-atlas/domain=climate/type=observational/source=chirps-chirts-era5/region=africa/processing=climatology/variable=PTOT/period=annual/clim=wmo_1991-2020/stat=max/SPEI-01_OND_full_min.tif
delete: s3://digital-atlas/domain=climate/type=observational/source=chirps-chirts-era5/region=africa/processing=climatology/variable=PTOT/period=annual/clim=wmo_1991-2020/stat=max/SPEI-01_OND_full_sd.tif
delete: s3://digital-atlas/domain=climate/type=observational/source=chirps-chirts-era5/region=africa/processing=climatology/variable=PTOT/period=annual/clim=wmo_1991-2020/stat=max/SPEI-01_SON_1991-2020_mean.tif
delete: s3://digital-atlas/domain=climate/type=observational/source=chirps-chirts-era5/region=africa/processing=climatology/variable=PTOT/period=annual/clim=wmo_1991-2020/stat=max/SPEI-01_SON_1991-2020_max.tif
delete: s3://digital-atlas/domain=climate/type=observational/source=chirps-chirts-era5/region=africa/processing=climatology/variable=PTOT/period=annual/clim=wmo_1991-2020/stat=max/SPEI-01_SON_1991-2020_sd.tif
delete: s3://digital-atlas/domain=climate/type=observational/source=chirps-chirts-era5/region=africa/processing=climatology/variable=PTOT/period=annual/clim=wmo_1991-2020/stat=max/SPEI-01_SON_1991-2020_min.tif
delete: s3://digital-atlas/domain=climate/type=observational/source=chirps-chirts-era5/region=africa/processing=climatology/variable=PTOT/period=annual/clim=wmo_1991-2020/stat=max/SPEI-01_SON_1995-2014_max.tif
delete: s3://digital-atlas/domain=climate/type=observational/source=chirps-chirts-era5/region=africa/processing=climatology/variable=PTOT/period=annual/clim=wmo_1991-2020/stat=max/SPEI-01_SON_1995-2014_min.tif
delete: s3://digital-atlas/domain=climate/type=observational/source=chirps-chirts-era5/region=africa/processing=climatology/variable=PTOT/period=annual/clim=wmo_1991-2020/stat=max/SPEI-01_SON_1995-2014_mean.tif
delete: s3://digital-atlas/domain=climate/type=observational/source=chirps-chirts-era5/region=africa/processing=climatology/variable=PTOT/period=annual/clim=wmo_1991-2020/stat=max/SPEI-01_SON_1995-2014_sd.tif
delete: s3://digital-atlas/domain=climate/type=observational/source=chirps-chirts-era5/region=africa/processing=climatology/variable=PTOT/period=annual/clim=wmo_1991-2020/stat=max/SPEI-01_SON_full_max.tif
delete: s3://digital-atlas/domain=climate/type=observational/source=chirps-chirts-era5/region=africa/processing=climatology/variable=PTOT/period=annual/clim=wmo_1991-2020/stat=max/SPEI-01_SON_full_mean.tif
delete: s3://digital-atlas/domain=climate/type=observational/source=chirps-chirts-era5/region=africa/processing=climatology/variable=PTOT/period=annual/clim=wmo_1991-2020/stat=max/SPEI-01_SON_full_min.tif
delete: s3://digital-atlas/domain=climate/type=observational/source=chirps-chirts-era5/region=africa/processing=climatology/variable=PTOT/period=annual/clim=wmo_1991-2020/stat=max/SPEI-01_SON_full_sd.tif
delete: s3://digital-atlas/domain=climate/type=observational/source=chirps-chirts-era5/region=africa/processing=climatology/variable=PTOT/period=annual/clim=wmo_1991-2020/stat=max/SPEI-01_annual_1991-2020_max.tif
delete: s3://digital-atlas/domain=climate/type=observational/source=chirps-chirts-era5/region=africa/processing=climatology/variable=PTOT/period=annual/clim=wmo_1991-2020/stat=max/SPEI-01_annual_1991-2020_mean.tif
delete: s3://digital-atlas/domain=climate/type=observational/source=chirps-chirts-era5/region=africa/processing=climatology/variable=PTOT/period=annual/clim=wmo_1991-2020/stat=max/SPEI-01_annual_1991-2020_min.tif
delete: s3://digital-atlas/domain=climate/type=observational/source=chirps-chirts-era5/region=africa/processing=climatology/variable=PTOT/period=annual/clim=wmo_1991-2020/stat=max/SPEI-01_annual_1991-2020_sd.tif
delete: s3://digital-atlas/domain=climate/type=observational/source=chirps-chirts-era5/region=africa/processing=climatology/variable=PTOT/period=annual/clim=wmo_1991-2020/stat=max/SPEI-01_annual_1995-2014_max.tif
delete: s3://digital-atlas/domain=climate/type=observational/source=chirps-chirts-era5/region=africa/processing=climatology/variable=PTOT/period=annual/clim=wmo_1991-2020/stat=max/SPEI-01_annual_1995-2014_mean.tif
delete: s3://digital-atlas/domain=climate/type=observational/source=chirps-chirts-era5/region=africa/processing=climatology/variable=PTOT/period=annual/clim=wmo_1991-2020/stat=max/SPEI-01_annual_1995-2014_min.tif
delete: s3://digital-atlas/domain=climate/type=observational/source=chirps-chirts-era5/region=africa/processing=climatology/variable=PTOT/period=annual/clim=wmo_1991-2020/stat=max/SPEI-01_annual_1995-2014_sd.tif
delete: s3://digital-atlas/domain=climate/type=observational/source=chirps-chirts-era5/region=africa/processing=climatology/variable=PTOT/period=annual/clim=wmo_1991-2020/stat=max/SPEI-01_annual_full_max.tif
delete: s3://digital-atlas/domain=climate/type=observational/source=chirps-chirts-era5/region=africa/processing=climatology/variable=PTOT/period=annual/clim=wmo_1991-2020/stat=max/SPEI-01_annual_full_mean.tif
delete: s3://digital-atlas/domain=climate/type=observational/source=chirps-chirts-era5/region=africa/processing=climatology/variable=PTOT/period=annual/clim=wmo_1991-2020/stat=max/SPEI-01_annual_full_min.tif
delete: s3://digital-atlas/domain=climate/type=observational/source=chirps-chirts-era5/region=africa/processing=climatology/variable=PTOT/period=annual/clim=wmo_1991-2020/stat=max/SPEI-03_AMJ_1991-2020_max.tif
delete: s3://digital-atlas/domain=climate/type=observational/source=chirps-chirts-era5/region=africa/processing=climatology/variable=PTOT/period=annual/clim=wmo_1991-2020/stat=max/SPEI-01_annual_full_sd.tif
delete: s3://digital-atlas/domain=climate/type=observational/source=chirps-chirts-era5/region=africa/processing=climatology/variable=PTOT/period=annual/clim=wmo_1991-2020/stat=max/SPEI-03_AMJ_1991-2020_min.tif
delete: s3://digital-atlas/domain=climate/type=observational/source=chirps-chirts-era5/region=africa/processing=climatology/variable=PTOT/period=annual/clim=wmo_1991-2020/stat=max/SPEI-03_AMJ_1991-2020_mean.tif
delete: s3://digital-atlas/domain=climate/type=observational/source=chirps-chirts-era5/region=africa/processing=climatology/variable=PTOT/period=annual/clim=wmo_1991-2020/stat=max/SPEI-03_AMJ_1995-2014_max.tif
delete: s3://digital-atlas/domain=climate/type=observational/source=chirps-chirts-era5/region=africa/processing=climatology/variable=PTOT/period=annual/clim=wmo_1991-2020/stat=max/SPEI-03_AMJ_1991-2020_sd.tif
delete: s3://digital-atlas/domain=climate/type=observational/source=chirps-chirts-era5/region=africa/processing=climatology/variable=PTOT/period=annual/clim=wmo_1991-2020/stat=max/SPEI-03_AMJ_1995-2014_mean.tif
delete: s3://digital-atlas/domain=climate/type=observational/source=chirps-chirts-era5/region=africa/processing=climatology/variable=PTOT/period=annual/clim=wmo_1991-2020/stat=max/SPEI-03_AMJ_1995-2014_min.tif
delete: s3://digital-atlas/domain=climate/type=observational/source=chirps-chirts-era5/region=africa/processing=climatology/variable=PTOT/period=annual/clim=wmo_1991-2020/stat=max/SPEI-03_AMJ_1995-2014_sd.tif
delete: s3://digital-atlas/domain=climate/type=observational/source=chirps-chirts-era5/region=africa/processing=climatology/variable=PTOT/period=annual/clim=wmo_1991-2020/stat=max/SPEI-03_AMJ_full_max.tif
delete: s3://digital-atlas/domain=climate/type=observational/source=chirps-chirts-era5/region=africa/processing=climatology/variable=PTOT/period=annual/clim=wmo_1991-2020/stat=max/SPEI-03_AMJ_full_mean.tif
delete: s3://digital-atlas/domain=climate/type=observational/source=chirps-chirts-era5/region=africa/processing=climatology/variable=PTOT/period=annual/clim=wmo_1991-2020/stat=max/SPEI-03_AMJ_full_min.tif
delete: s3://digital-atlas/domain=climate/type=observational/source=chirps-chirts-era5/region=africa/processing=climatology/variable=PTOT/period=annual/clim=wmo_1991-2020/stat=max/SPEI-03_AMJ_full_sd.tif
delete: s3://digital-atlas/domain=climate/type=observational/source=chirps-chirts-era5/region=africa/processing=climatology/variable=PTOT/period=annual/clim=wmo_1991-2020/stat=max/SPEI-03_ASO_1991-2020_max.tif
delete: s3://digital-atlas/domain=climate/type=observational/source=chirps-chirts-era5/region=africa/processing=climatology/variable=PTOT/period=annual/clim=wmo_1991-2020/stat=max/SPEI-03_ASO_1991-2020_mean.tif
delete: s3://digital-atlas/domain=climate/type=observational/source=chirps-chirts-era5/region=africa/processing=climatology/variable=PTOT/period=annual/clim=wmo_1991-2020/stat=max/SPEI-03_ASO_1991-2020_sd.tif
delete: s3://digital-atlas/domain=climate/type=observational/source=chirps-chirts-era5/region=africa/processing=climatology/variable=PTOT/period=annual/clim=wmo_1991-2020/stat=max/SPEI-03_ASO_1995-2014_max.tif
delete: s3://digital-atlas/domain=climate/type=observational/source=chirps-chirts-era5/region=africa/processing=climatology/variable=PTOT/period=annual/clim=wmo_1991-2020/stat=max/SPEI-03_ASO_1991-2020_min.tif
delete: s3://digital-atlas/domain=climate/type=observational/source=chirps-chirts-era5/region=africa/processing=climatology/variable=PTOT/period=annual/clim=wmo_1991-2020/stat=max/SPEI-03_ASO_1995-2014_min.tif
delete: s3://digital-atlas/domain=climate/type=observational/source=chirps-chirts-era5/region=africa/processing=climatology/variable=PTOT/period=annual/clim=wmo_1991-2020/stat=max/SPEI-03_ASO_1995-2014_sd.tif
delete: s3://digital-atlas/domain=climate/type=observational/source=chirps-chirts-era5/region=africa/processing=climatology/variable=PTOT/period=annual/clim=wmo_1991-2020/stat=max/SPEI-03_ASO_full_max.tif
delete: s3://digital-atlas/domain=climate/type=observational/source=chirps-chirts-era5/region=africa/processing=climatology/variable=PTOT/period=annual/clim=wmo_1991-2020/stat=max/SPEI-03_ASO_1995-2014_mean.tif
delete: s3://digital-atlas/domain=climate/type=observational/source=chirps-chirts-era5/region=africa/processing=climatology/variable=PTOT/period=annual/clim=wmo_1991-2020/stat=max/SPEI-03_ASO_full_mean.tif
delete: s3://digital-atlas/domain=climate/type=observational/source=chirps-chirts-era5/region=africa/processing=climatology/variable=PTOT/period=annual/clim=wmo_1991-2020/stat=max/SPEI-03_ASO_full_min.tif
delete: s3://digital-atlas/domain=climate/type=observational/source=chirps-chirts-era5/region=africa/processing=climatology/variable=PTOT/period=annual/clim=wmo_1991-2020/stat=max/SPEI-03_ASO_full_sd.tif
delete: s3://digital-atlas/domain=climate/type=observational/source=chirps-chirts-era5/region=africa/processing=climatology/variable=PTOT/period=annual/clim=wmo_1991-2020/stat=max/SPEI-03_DJF_1991-2020_max.tif
delete: s3://digital-atlas/domain=climate/type=observational/source=chirps-chirts-era5/region=africa/processing=climatology/variable=PTOT/period=annual/clim=wmo_1991-2020/stat=max/SPEI-03_DJF_1991-2020_mean.tif
delete: s3://digital-atlas/domain=climate/type=observational/source=chirps-chirts-era5/region=africa/processing=climatology/variable=PTOT/period=annual/clim=wmo_1991-2020/stat=max/SPEI-03_DJF_1991-2020_min.tif
delete: s3://digital-atlas/domain=climate/type=observational/source=chirps-chirts-era5/region=africa/processing=climatology/variable=PTOT/period=annual/clim=wmo_1991-2020/stat=max/SPEI-03_DJF_1991-2020_sd.tif
delete: s3://digital-atlas/domain=climate/type=observational/source=chirps-chirts-era5/region=africa/processing=climatology/variable=PTOT/period=annual/clim=wmo_1991-2020/stat=max/SPEI-03_DJF_1995-2014_max.tif
delete: s3://digital-atlas/domain=climate/type=observational/source=chirps-chirts-era5/region=africa/processing=climatology/variable=PTOT/period=annual/clim=wmo_1991-2020/stat=max/SPEI-03_DJF_1995-2014_mean.tif
delete: s3://digital-atlas/domain=climate/type=observational/source=chirps-chirts-era5/region=africa/processing=climatology/variable=PTOT/period=annual/clim=wmo_1991-2020/stat=max/SPEI-03_DJF_1995-2014_min.tif
delete: s3://digital-atlas/domain=climate/type=observational/source=chirps-chirts-era5/region=africa/processing=climatology/variable=PTOT/period=annual/clim=wmo_1991-2020/stat=max/SPEI-03_DJF_1995-2014_sd.tif
delete: s3://digital-atlas/domain=climate/type=observational/source=chirps-chirts-era5/region=africa/processing=climatology/variable=PTOT/period=annual/clim=wmo_1991-2020/stat=max/SPEI-03_DJF_full_max.tif
delete: s3://digital-atlas/domain=climate/type=observational/source=chirps-chirts-era5/region=africa/processing=climatology/variable=PTOT/period=annual/clim=wmo_1991-2020/stat=max/SPEI-03_DJF_full_mean.tif
delete: s3://digital-atlas/domain=climate/type=observational/source=chirps-chirts-era5/region=africa/processing=climatology/variable=PTOT/period=annual/clim=wmo_1991-2020/stat=max/SPEI-03_DJF_full_sd.tif
delete: s3://digital-atlas/domain=climate/type=observational/source=chirps-chirts-era5/region=africa/processing=climatology/variable=PTOT/period=annual/clim=wmo_1991-2020/stat=max/SPEI-03_DJF_full_min.tif
delete: s3://digital-atlas/domain=climate/type=observational/source=chirps-chirts-era5/region=africa/processing=climatology/variable=PTOT/period=annual/clim=wmo_1991-2020/stat=max/SPEI-03_FMA_1991-2020_mean.tif
delete: s3://digital-atlas/domain=climate/type=observational/source=chirps-chirts-era5/region=africa/processing=climatology/variable=PTOT/period=annual/clim=wmo_1991-2020/stat=max/PTOT_annual_full_sd.tif
delete: s3://digital-atlas/domain=climate/type=observational/source=chirps-chirts-era5/region=africa/processing=climatology/variable=PTOT/period=annual/clim=wmo_1991-2020/stat=max/SPEI-03_FMA_1991-2020_min.tif
delete: s3://digital-atlas/domain=climate/type=observational/source=chirps-chirts-era5/region=africa/processing=climatology/variable=PTOT/period=annual/clim=wmo_1991-2020/stat=max/SPEI-03_FMA_1991-2020_sd.tif
delete: s3://digital-atlas/domain=climate/type=observational/source=chirps-chirts-era5/region=africa/processing=climatology/variable=PTOT/period=annual/clim=wmo_1991-2020/stat=max/SPEI-03_FMA_1995-2014_max.tif
delete: s3://digital-atlas/domain=climate/type=observational/source=chirps-chirts-era5/region=africa/processing=climatology/variable=PTOT/period=annual/clim=wmo_1991-2020/stat=max/SPEI-03_FMA_1995-2014_sd.tif
delete: s3://digital-atlas/domain=climate/type=observational/source=chirps-chirts-era5/region=africa/processing=climatology/variable=PTOT/period=annual/clim=wmo_1991-2020/stat=max/SPEI-03_FMA_1995-2014_min.tif
delete: s3://digital-atlas/domain=climate/type=observational/source=chirps-chirts-era5/region=africa/processing=climatology/variable=PTOT/period=annual/clim=wmo_1991-2020/stat=max/SPEI-03_FMA_1995-2014_mean.tif
delete: s3://digital-atlas/domain=climate/type=observational/source=chirps-chirts-era5/region=africa/processing=climatology/variable=PTOT/period=annual/clim=wmo_1991-2020/stat=max/SPEI-03_FMA_full_max.tif
delete: s3://digital-atlas/domain=climate/type=observational/source=chirps-chirts-era5/region=africa/processing=climatology/variable=PTOT/period=annual/clim=wmo_1991-2020/stat=max/SPEI-03_FMA_full_mean.tif
delete: s3://digital-atlas/domain=climate/type=observational/source=chirps-chirts-era5/region=africa/processing=climatology/variable=PTOT/period=annual/clim=wmo_1991-2020/stat=max/SPEI-03_FMA_full_min.tif
delete: s3://digital-atlas/domain=climate/type=observational/source=chirps-chirts-era5/region=africa/processing=climatology/variable=PTOT/period=annual/clim=wmo_1991-2020/stat=max/SPEI-03_JAS_1991-2020_max.tif
delete: s3://digital-atlas/domain=climate/type=observational/source=chirps-chirts-era5/region=africa/processing=climatology/variable=PTOT/period=annual/clim=wmo_1991-2020/stat=max/SPEI-03_FMA_full_sd.tif
delete: s3://digital-atlas/domain=climate/type=observational/source=chirps-chirts-era5/region=africa/processing=climatology/variable=PTOT/period=annual/clim=wmo_1991-2020/stat=max/SPEI-03_JAS_1991-2020_min.tif
delete: s3://digital-atlas/domain=climate/type=observational/source=chirps-chirts-era5/region=africa/processing=climatology/variable=PTOT/period=annual/clim=wmo_1991-2020/stat=max/SPEI-03_JAS_1991-2020_mean.tif
delete: s3://digital-atlas/domain=climate/type=observational/source=chirps-chirts-era5/region=africa/processing=climatology/variable=PTOT/period=annual/clim=wmo_1991-2020/stat=max/SPEI-03_JAS_1991-2020_sd.tif
delete: s3://digital-atlas/domain=climate/type=observational/source=chirps-chirts-era5/region=africa/processing=climatology/variable=PTOT/period=annual/clim=wmo_1991-2020/stat=max/SPEI-03_JAS_1995-2014_max.tif
delete: s3://digital-atlas/domain=climate/type=observational/source=chirps-chirts-era5/region=africa/processing=climatology/variable=PTOT/period=annual/clim=wmo_1991-2020/stat=max/SPEI-03_JAS_1995-2014_mean.tif
delete: s3://digital-atlas/domain=climate/type=observational/source=chirps-chirts-era5/region=africa/processing=climatology/variable=PTOT/period=annual/clim=wmo_1991-2020/stat=max/SPEI-03_JAS_1995-2014_min.tif
delete: s3://digital-atlas/domain=climate/type=observational/source=chirps-chirts-era5/region=africa/processing=climatology/variable=PTOT/period=annual/clim=wmo_1991-2020/stat=max/SPEI-03_JAS_full_max.tif
delete: s3://digital-atlas/domain=climate/type=observational/source=chirps-chirts-era5/region=africa/processing=climatology/variable=PTOT/period=annual/clim=wmo_1991-2020/stat=max/SPEI-03_JAS_1995-2014_sd.tif
delete: s3://digital-atlas/domain=climate/type=observational/source=chirps-chirts-era5/region=africa/processing=climatology/variable=PTOT/period=annual/clim=wmo_1991-2020/stat=max/SPEI-03_JAS_full_mean.tif
delete: s3://digital-atlas/domain=climate/type=observational/source=chirps-chirts-era5/region=africa/processing=climatology/variable=PTOT/period=annual/clim=wmo_1991-2020/stat=max/SPEI-03_JAS_full_min.tif
delete: s3://digital-atlas/domain=climate/type=observational/source=chirps-chirts-era5/region=africa/processing=climatology/variable=PTOT/period=annual/clim=wmo_1991-2020/stat=max/SPEI-03_JAS_full_sd.tif
delete: s3://digital-atlas/domain=climate/type=observational/source=chirps-chirts-era5/region=africa/processing=climatology/variable=PTOT/period=annual/clim=wmo_1991-2020/stat=max/SPEI-03_JFM_1991-2020_max.tif
delete: s3://digital-atlas/domain=climate/type=observational/source=chirps-chirts-era5/region=africa/processing=climatology/variable=PTOT/period=annual/clim=wmo_1991-2020/stat=max/SPEI-03_JFM_1991-2020_mean.tif
delete: s3://digital-atlas/domain=climate/type=observational/source=chirps-chirts-era5/region=africa/processing=climatology/variable=PTOT/period=annual/clim=wmo_1991-2020/stat=max/SPEI-03_JFM_1991-2020_min.tif
delete: s3://digital-atlas/domain=climate/type=observational/source=chirps-chirts-era5/region=africa/processing=climatology/variable=PTOT/period=annual/clim=wmo_1991-2020/stat=max/SPEI-03_JFM_1991-2020_sd.tif
delete: s3://digital-atlas/domain=climate/type=observational/source=chirps-chirts-era5/region=africa/processing=climatology/variable=PTOT/period=annual/clim=wmo_1991-2020/stat=max/SPEI-03_JFM_1995-2014_max.tif
delete: s3://digital-atlas/domain=climate/type=observational/source=chirps-chirts-era5/region=africa/processing=climatology/variable=PTOT/period=annual/clim=wmo_1991-2020/stat=max/SPEI-03_JFM_1995-2014_mean.tif
delete: s3://digital-atlas/domain=climate/type=observational/source=chirps-chirts-era5/region=africa/processing=climatology/variable=PTOT/period=annual/clim=wmo_1991-2020/stat=max/SPEI-03_JFM_1995-2014_sd.tif
delete: s3://digital-atlas/domain=climate/type=observational/source=chirps-chirts-era5/region=africa/processing=climatology/variable=PTOT/period=annual/clim=wmo_1991-2020/stat=max/SPEI-03_JFM_1995-2014_min.tif
delete: s3://digital-atlas/domain=climate/type=observational/source=chirps-chirts-era5/region=africa/processing=climatology/variable=PTOT/period=annual/clim=wmo_1991-2020/stat=max/SPEI-03_JFM_full_max.tif
delete: s3://digital-atlas/domain=climate/type=observational/source=chirps-chirts-era5/region=africa/processing=climatology/variable=PTOT/period=annual/clim=wmo_1991-2020/stat=max/SPEI-03_JFM_full_mean.tif
delete: s3://digital-atlas/domain=climate/type=observational/source=chirps-chirts-era5/region=africa/processing=climatology/variable=PTOT/period=annual/clim=wmo_1991-2020/stat=max/SPEI-03_JFM_full_min.tif
delete: s3://digital-atlas/domain=climate/type=observational/source=chirps-chirts-era5/region=africa/processing=climatology/variable=PTOT/period=annual/clim=wmo_1991-2020/stat=max/SPEI-03_JFM_full_sd.tif
delete: s3://digital-atlas/domain=climate/type=observational/source=chirps-chirts-era5/region=africa/processing=climatology/variable=PTOT/period=annual/clim=wmo_1991-2020/stat=max/SPEI-03_JJA_1991-2020_max.tif
delete: s3://digital-atlas/domain=climate/type=observational/source=chirps-chirts-era5/region=africa/processing=climatology/variable=PTOT/period=annual/clim=wmo_1991-2020/stat=max/SPEI-03_JJA_1991-2020_mean.tif
delete: s3://digital-atlas/domain=climate/type=observational/source=chirps-chirts-era5/region=africa/processing=climatology/variable=PTOT/period=annual/clim=wmo_1991-2020/stat=max/SPEI-03_JJA_1991-2020_min.tif
delete: s3://digital-atlas/domain=climate/type=observational/source=chirps-chirts-era5/region=africa/processing=climatology/variable=PTOT/period=annual/clim=wmo_1991-2020/stat=max/SPEI-03_JJA_1991-2020_sd.tif
delete: s3://digital-atlas/domain=climate/type=observational/source=chirps-chirts-era5/region=africa/processing=climatology/variable=PTOT/period=annual/clim=wmo_1991-2020/stat=max/SPEI-03_JJA_1995-2014_max.tif
delete: s3://digital-atlas/domain=climate/type=observational/source=chirps-chirts-era5/region=africa/processing=climatology/variable=PTOT/period=annual/clim=wmo_1991-2020/stat=max/SPEI-03_JJA_1995-2014_mean.tif
delete: s3://digital-atlas/domain=climate/type=observational/source=chirps-chirts-era5/region=africa/processing=climatology/variable=PTOT/period=annual/clim=wmo_1991-2020/stat=max/SPEI-03_JJA_1995-2014_min.tif
delete: s3://digital-atlas/domain=climate/type=observational/source=chirps-chirts-era5/region=africa/processing=climatology/variable=PTOT/period=annual/clim=wmo_1991-2020/stat=max/SPEI-03_JJA_1995-2014_sd.tif
delete: s3://digital-atlas/domain=climate/type=observational/source=chirps-chirts-era5/region=africa/processing=climatology/variable=PTOT/period=annual/clim=wmo_1991-2020/stat=max/SPEI-03_JJA_full_max.tif
delete: s3://digital-atlas/domain=climate/type=observational/source=chirps-chirts-era5/region=africa/processing=climatology/variable=PTOT/period=annual/clim=wmo_1991-2020/stat=max/SPEI-03_JJA_full_min.tif
delete: s3://digital-atlas/domain=climate/type=observational/source=chirps-chirts-era5/region=africa/processing=climatology/variable=PTOT/period=annual/clim=wmo_1991-2020/stat=max/SPEI-03_JJA_full_sd.tif
delete: s3://digital-atlas/domain=climate/type=observational/source=chirps-chirts-era5/region=africa/processing=climatology/variable=PTOT/period=annual/clim=wmo_1991-2020/stat=max/SPEI-03_MAM_1991-2020_max.tif
delete: s3://digital-atlas/domain=climate/type=observational/source=chirps-chirts-era5/region=africa/processing=climatology/variable=PTOT/period=annual/clim=wmo_1991-2020/stat=max/SPEI-03_JJA_full_mean.tif
delete: s3://digital-atlas/domain=climate/type=observational/source=chirps-chirts-era5/region=africa/processing=climatology/variable=PTOT/period=annual/clim=wmo_1991-2020/stat=max/SPEI-03_MAM_1991-2020_mean.tif
delete: s3://digital-atlas/domain=climate/type=observational/source=chirps-chirts-era5/region=africa/processing=climatology/variable=PTOT/period=annual/clim=wmo_1991-2020/stat=max/SPEI-03_MAM_1991-2020_min.tif
delete: s3://digital-atlas/domain=climate/type=observational/source=chirps-chirts-era5/region=africa/processing=climatology/variable=PTOT/period=annual/clim=wmo_1991-2020/stat=max/SPEI-03_MAM_1991-2020_sd.tif
delete: s3://digital-atlas/domain=climate/type=observational/source=chirps-chirts-era5/region=africa/processing=climatology/variable=PTOT/period=annual/clim=wmo_1991-2020/stat=max/SPEI-03_MAM_1995-2014_max.tif
delete: s3://digital-atlas/domain=climate/type=observational/source=chirps-chirts-era5/region=africa/processing=climatology/variable=PTOT/period=annual/clim=wmo_1991-2020/stat=max/SPEI-03_MAM_1995-2014_mean.tif
delete: s3://digital-atlas/domain=climate/type=observational/source=chirps-chirts-era5/region=africa/processing=climatology/variable=PTOT/period=annual/clim=wmo_1991-2020/stat=max/SPEI-03_MAM_1995-2014_min.tif
delete: s3://digital-atlas/domain=climate/type=observational/source=chirps-chirts-era5/region=africa/processing=climatology/variable=PTOT/period=annual/clim=wmo_1991-2020/stat=max/SPEI-03_MAM_1995-2014_sd.tif
delete: s3://digital-atlas/domain=climate/type=observational/source=chirps-chirts-era5/region=africa/processing=climatology/variable=PTOT/period=annual/clim=wmo_1991-2020/stat=max/SPEI-03_MAM_full_mean.tif
delete: s3://digital-atlas/domain=climate/type=observational/source=chirps-chirts-era5/region=africa/processing=climatology/variable=PTOT/period=annual/clim=wmo_1991-2020/stat=max/SPEI-03_MAM_full_max.tif
delete: s3://digital-atlas/domain=climate/type=observational/source=chirps-chirts-era5/region=africa/processing=climatology/variable=PTOT/period=annual/clim=wmo_1991-2020/stat=max/SPEI-03_MAM_full_min.tif
delete: s3://digital-atlas/domain=climate/type=observational/source=chirps-chirts-era5/region=africa/processing=climatology/variable=PTOT/period=annual/clim=wmo_1991-2020/stat=max/SPEI-03_MAM_full_sd.tif
delete: s3://digital-atlas/domain=climate/type=observational/source=chirps-chirts-era5/region=africa/processing=climatology/variable=PTOT/period=annual/clim=wmo_1991-2020/stat=max/SPEI-03_MJJ_1991-2020_max.tif
delete: s3://digital-atlas/domain=climate/type=observational/source=chirps-chirts-era5/region=africa/processing=climatology/variable=PTOT/period=annual/clim=wmo_1991-2020/stat=max/SPEI-03_MJJ_1991-2020_mean.tif
delete: s3://digital-atlas/domain=climate/type=observational/source=chirps-chirts-era5/region=africa/processing=climatology/variable=PTOT/period=annual/clim=wmo_1991-2020/stat=max/SPEI-03_MJJ_1991-2020_min.tif
delete: s3://digital-atlas/domain=climate/type=observational/source=chirps-chirts-era5/region=africa/processing=climatology/variable=PTOT/period=annual/clim=wmo_1991-2020/stat=max/SPEI-03_MJJ_1991-2020_sd.tif
delete: s3://digital-atlas/domain=climate/type=observational/source=chirps-chirts-era5/region=africa/processing=climatology/variable=PTOT/period=annual/clim=wmo_1991-2020/stat=max/SPEI-03_MJJ_1995-2014_max.tif
delete: s3://digital-atlas/domain=climate/type=observational/source=chirps-chirts-era5/region=africa/processing=climatology/variable=PTOT/period=annual/clim=wmo_1991-2020/stat=max/SPEI-03_MJJ_1995-2014_mean.tif
delete: s3://digital-atlas/domain=climate/type=observational/source=chirps-chirts-era5/region=africa/processing=climatology/variable=PTOT/period=annual/clim=wmo_1991-2020/stat=max/PTOT_MJJ_1991-2020_sd.tif
delete: s3://digital-atlas/domain=climate/type=observational/source=chirps-chirts-era5/region=africa/processing=climatology/variable=PTOT/period=annual/clim=wmo_1991-2020/stat=max/SPEI-03_MJJ_1995-2014_min.tif
delete: s3://digital-atlas/domain=climate/type=observational/source=chirps-chirts-era5/region=africa/processing=climatology/variable=PTOT/period=annual/clim=wmo_1991-2020/stat=max/SPEI-03_MJJ_full_max.tif
delete: s3://digital-atlas/domain=climate/type=observational/source=chirps-chirts-era5/region=africa/processing=climatology/variable=PTOT/period=annual/clim=wmo_1991-2020/stat=max/SPEI-03_MJJ_full_mean.tif
delete: s3://digital-atlas/domain=climate/type=observational/source=chirps-chirts-era5/region=africa/processing=climatology/variable=PTOT/period=annual/clim=wmo_1991-2020/stat=max/SPEI-03_MJJ_full_min.tif
delete: s3://digital-atlas/domain=climate/type=observational/source=chirps-chirts-era5/region=africa/processing=climatology/variable=PTOT/period=annual/clim=wmo_1991-2020/stat=max/SPEI-03_NDJ_1991-2020_max.tif
delete: s3://digital-atlas/domain=climate/type=observational/source=chirps-chirts-era5/region=africa/processing=climatology/variable=PTOT/period=annual/clim=wmo_1991-2020/stat=max/SPEI-03_MJJ_full_sd.tif
delete: s3://digital-atlas/domain=climate/type=observational/source=chirps-chirts-era5/region=africa/processing=climatology/variable=PTOT/period=annual/clim=wmo_1991-2020/stat=max/SPEI-03_NDJ_1991-2020_mean.tif
delete: s3://digital-atlas/domain=climate/type=observational/source=chirps-chirts-era5/region=africa/processing=climatology/variable=PTOT/period=annual/clim=wmo_1991-2020/stat=max/SPEI-03_NDJ_1991-2020_min.tif
delete: s3://digital-atlas/domain=climate/type=observational/source=chirps-chirts-era5/region=africa/processing=climatology/variable=PTOT/period=annual/clim=wmo_1991-2020/stat=max/SPEI-03_NDJ_1995-2014_max.tif
delete: s3://digital-atlas/domain=climate/type=observational/source=chirps-chirts-era5/region=africa/processing=climatology/variable=PTOT/period=annual/clim=wmo_1991-2020/stat=max/SPEI-03_NDJ_1991-2020_sd.tif
delete: s3://digital-atlas/domain=climate/type=observational/source=chirps-chirts-era5/region=africa/processing=climatology/variable=PTOT/period=annual/clim=wmo_1991-2020/stat=max/SPEI-03_NDJ_full_max.tif
delete: s3://digital-atlas/domain=climate/type=observational/source=chirps-chirts-era5/region=africa/processing=climatology/variable=PTOT/period=annual/clim=wmo_1991-2020/stat=max/SPEI-03_NDJ_1995-2014_min.tif
delete: s3://digital-atlas/domain=climate/type=observational/source=chirps-chirts-era5/region=africa/processing=climatology/variable=PTOT/period=annual/clim=wmo_1991-2020/stat=max/SPEI-03_NDJ_1995-2014_mean.tif
delete: s3://digital-atlas/domain=climate/type=observational/source=chirps-chirts-era5/region=africa/processing=climatology/variable=PTOT/period=annual/clim=wmo_1991-2020/stat=max/SPEI-03_NDJ_1995-2014_sd.tif
delete: s3://digital-atlas/domain=climate/type=observational/source=chirps-chirts-era5/region=africa/processing=climatology/variable=PTOT/period=annual/clim=wmo_1991-2020/stat=max/SPEI-03_NDJ_full_mean.tif
delete: s3://digital-atlas/domain=climate/type=observational/source=chirps-chirts-era5/region=africa/processing=climatology/variable=PTOT/period=annual/clim=wmo_1991-2020/stat=max/SPEI-03_NDJ_full_sd.tif
delete: s3://digital-atlas/domain=climate/type=observational/source=chirps-chirts-era5/region=africa/processing=climatology/variable=PTOT/period=annual/clim=wmo_1991-2020/stat=max/SPEI-03_NDJ_full_min.tif
delete: s3://digital-atlas/domain=climate/type=observational/source=chirps-chirts-era5/region=africa/processing=climatology/variable=PTOT/period=annual/clim=wmo_1991-2020/stat=max/SPEI-03_OND_1991-2020_max.tif
delete: s3://digital-atlas/domain=climate/type=observational/source=chirps-chirts-era5/region=africa/processing=climatology/variable=PTOT/period=annual/clim=wmo_1991-2020/stat=max/SPEI-03_OND_1991-2020_mean.tif
delete: s3://digital-atlas/domain=climate/type=observational/source=chirps-chirts-era5/region=africa/processing=climatology/variable=PTOT/period=annual/clim=wmo_1991-2020/stat=max/SPEI-03_OND_1991-2020_min.tif
delete: s3://digital-atlas/domain=climate/type=observational/source=chirps-chirts-era5/region=africa/processing=climatology/variable=PTOT/period=annual/clim=wmo_1991-2020/stat=max/SPEI-03_OND_1991-2020_sd.tif
delete: s3://digital-atlas/domain=climate/type=observational/source=chirps-chirts-era5/region=africa/processing=climatology/variable=PTOT/period=annual/clim=wmo_1991-2020/stat=max/SPEI-03_OND_1995-2014_max.tif
delete: s3://digital-atlas/domain=climate/type=observational/source=chirps-chirts-era5/region=africa/processing=climatology/variable=PTOT/period=annual/clim=wmo_1991-2020/stat=max/SPEI-03_OND_1995-2014_mean.tif
delete: s3://digital-atlas/domain=climate/type=observational/source=chirps-chirts-era5/region=africa/processing=climatology/variable=PTOT/period=annual/clim=wmo_1991-2020/stat=max/SPEI-03_OND_1995-2014_min.tif
delete: s3://digital-atlas/domain=climate/type=observational/source=chirps-chirts-era5/region=africa/processing=climatology/variable=PTOT/period=annual/clim=wmo_1991-2020/stat=max/SPEI-03_OND_full_max.tif
delete: s3://digital-atlas/domain=climate/type=observational/source=chirps-chirts-era5/region=africa/processing=climatology/variable=PTOT/period=annual/clim=wmo_1991-2020/stat=max/SPEI-03_OND_1995-2014_sd.tif
delete: s3://digital-atlas/domain=climate/type=observational/source=chirps-chirts-era5/region=africa/processing=climatology/variable=PTOT/period=annual/clim=wmo_1991-2020/stat=max/SPEI-03_OND_full_mean.tif
delete: s3://digital-atlas/domain=climate/type=observational/source=chirps-chirts-era5/region=africa/processing=climatology/variable=PTOT/period=annual/clim=wmo_1991-2020/stat=max/SPEI-03_OND_full_min.tif
delete: s3://digital-atlas/domain=climate/type=observational/source=chirps-chirts-era5/region=africa/processing=climatology/variable=PTOT/period=annual/clim=wmo_1991-2020/stat=max/SPEI-03_OND_full_sd.tif
delete: s3://digital-atlas/domain=climate/type=observational/source=chirps-chirts-era5/region=africa/processing=climatology/variable=PTOT/period=annual/clim=wmo_1991-2020/stat=max/SPEI-03_SON_1991-2020_max.tif
delete: s3://digital-atlas/domain=climate/type=observational/source=chirps-chirts-era5/region=africa/processing=climatology/variable=PTOT/period=annual/clim=wmo_1991-2020/stat=max/SPEI-03_SON_1991-2020_mean.tif
delete: s3://digital-atlas/domain=climate/type=observational/source=chirps-chirts-era5/region=africa/processing=climatology/variable=PTOT/period=annual/clim=wmo_1991-2020/stat=max/SPEI-03_SON_1991-2020_min.tif
delete: s3://digital-atlas/domain=climate/type=observational/source=chirps-chirts-era5/region=africa/processing=climatology/variable=PTOT/period=annual/clim=wmo_1991-2020/stat=max/SPEI-03_SON_1995-2014_max.tif
delete: s3://digital-atlas/domain=climate/type=observational/source=chirps-chirts-era5/region=africa/processing=climatology/variable=PTOT/period=annual/clim=wmo_1991-2020/stat=max/SPEI-03_SON_1991-2020_sd.tif
delete: s3://digital-atlas/domain=climate/type=observational/source=chirps-chirts-era5/region=africa/processing=climatology/variable=PTOT/period=annual/clim=wmo_1991-2020/stat=max/SPEI-03_SON_1995-2014_mean.tif
delete: s3://digital-atlas/domain=climate/type=observational/source=chirps-chirts-era5/region=africa/processing=climatology/variable=PTOT/period=annual/clim=wmo_1991-2020/stat=max/SPEI-03_SON_1995-2014_min.tif
delete: s3://digital-atlas/domain=climate/type=observational/source=chirps-chirts-era5/region=africa/processing=climatology/variable=PTOT/period=annual/clim=wmo_1991-2020/stat=max/SPEI-03_SON_1995-2014_sd.tif
delete: s3://digital-atlas/domain=climate/type=observational/source=chirps-chirts-era5/region=africa/processing=climatology/variable=PTOT/period=annual/clim=wmo_1991-2020/stat=max/SPEI-03_SON_full_max.tif
delete: s3://digital-atlas/domain=climate/type=observational/source=chirps-chirts-era5/region=africa/processing=climatology/variable=PTOT/period=annual/clim=wmo_1991-2020/stat=max/SPEI-03_SON_full_mean.tif
delete: s3://digital-atlas/domain=climate/type=observational/source=chirps-chirts-era5/region=africa/processing=climatology/variable=PTOT/period=annual/clim=wmo_1991-2020/stat=max/SPEI-03_SON_full_sd.tif
delete: s3://digital-atlas/domain=climate/type=observational/source=chirps-chirts-era5/region=africa/processing=climatology/variable=PTOT/period=annual/clim=wmo_1991-2020/stat=max/SPEI-03_SON_full_min.tif
delete: s3://digital-atlas/domain=climate/type=observational/source=chirps-chirts-era5/region=africa/processing=climatology/variable=PTOT/period=annual/clim=wmo_1991-2020/stat=max/SPEI-03_annual_1991-2020_max.tif
delete: s3://digital-atlas/domain=climate/type=observational/source=chirps-chirts-era5/region=africa/processing=climatology/variable=PTOT/period=annual/clim=wmo_1991-2020/stat=max/SPEI-03_annual_1991-2020_mean.tif
delete: s3://digital-atlas/domain=climate/type=observational/source=chirps-chirts-era5/region=africa/processing=climatology/variable=PTOT/period=annual/clim=wmo_1991-2020/stat=max/SPEI-03_annual_1991-2020_min.tif
delete: s3://digital-atlas/domain=climate/type=observational/source=chirps-chirts-era5/region=africa/processing=climatology/variable=PTOT/period=annual/clim=wmo_1991-2020/stat=max/SPEI-03_annual_1991-2020_sd.tif
delete: s3://digital-atlas/domain=climate/type=observational/source=chirps-chirts-era5/region=africa/processing=climatology/variable=PTOT/period=annual/clim=wmo_1991-2020/stat=max/SPEI-03_annual_1995-2014_max.tif
delete: s3://digital-atlas/domain=climate/type=observational/source=chirps-chirts-era5/region=africa/processing=climatology/variable=PTOT/period=annual/clim=wmo_1991-2020/stat=max/SPEI-03_annual_1995-2014_mean.tif
delete: s3://digital-atlas/domain=climate/type=observational/source=chirps-chirts-era5/region=africa/processing=climatology/variable=PTOT/period=annual/clim=wmo_1991-2020/stat=max/SPEI-03_annual_1995-2014_min.tif
delete: s3://digital-atlas/domain=climate/type=observational/source=chirps-chirts-era5/region=africa/processing=climatology/variable=PTOT/period=annual/clim=wmo_1991-2020/stat=max/SPEI-03_annual_1995-2014_sd.tif
delete: s3://digital-atlas/domain=climate/type=observational/source=chirps-chirts-era5/region=africa/processing=climatology/variable=PTOT/period=annual/clim=wmo_1991-2020/stat=max/SPEI-03_annual_full_max.tif
delete: s3://digital-atlas/domain=climate/type=observational/source=chirps-chirts-era5/region=africa/processing=climatology/variable=PTOT/period=annual/clim=wmo_1991-2020/stat=max/SPEI-03_annual_full_min.tif
delete: s3://digital-atlas/domain=climate/type=observational/source=chirps-chirts-era5/region=africa/processing=climatology/variable=PTOT/period=annual/clim=wmo_1991-2020/stat=max/SPEI-03_annual_full_mean.tif
delete: s3://digital-atlas/domain=climate/type=observational/source=chirps-chirts-era5/region=africa/processing=climatology/variable=PTOT/period=annual/clim=wmo_1991-2020/stat=max/SPEI-03_MJJ_1995-2014_sd.tif
delete: s3://digital-atlas/domain=climate/type=observational/source=chirps-chirts-era5/region=africa/processing=climatology/variable=PTOT/period=annual/clim=wmo_1991-2020/stat=max/SPEI-03_annual_full_sd.tif
delete: s3://digital-atlas/domain=climate/type=observational/source=chirps-chirts-era5/region=africa/processing=climatology/variable=PTOT/period=annual/clim=wmo_1991-2020/stat=max/SPEI-06_AMJ_1991-2020_mean.tif
delete: s3://digital-atlas/domain=climate/type=observational/source=chirps-chirts-era5/region=africa/processing=climatology/variable=PTOT/period=annual/clim=wmo_1991-2020/stat=max/SPEI-06_AMJ_1991-2020_min.tif
delete: s3://digital-atlas/domain=climate/type=observational/source=chirps-chirts-era5/region=africa/processing=climatology/variable=PTOT/period=annual/clim=wmo_1991-2020/stat=max/SPEI-06_AMJ_1991-2020_sd.tif
delete: s3://digital-atlas/domain=climate/type=observational/source=chirps-chirts-era5/region=africa/processing=climatology/variable=PTOT/period=annual/clim=wmo_1991-2020/stat=max/SPEI-06_AMJ_1995-2014_max.tif
delete: s3://digital-atlas/domain=climate/type=observational/source=chirps-chirts-era5/region=africa/processing=climatology/variable=PTOT/period=annual/clim=wmo_1991-2020/stat=max/SPEI-06_AMJ_1995-2014_mean.tif
delete: s3://digital-atlas/domain=climate/type=observational/source=chirps-chirts-era5/region=africa/processing=climatology/variable=PTOT/period=annual/clim=wmo_1991-2020/stat=max/SPEI-06_AMJ_1995-2014_min.tif
delete: s3://digital-atlas/domain=climate/type=observational/source=chirps-chirts-era5/region=africa/processing=climatology/variable=PTOT/period=annual/clim=wmo_1991-2020/stat=max/SPEI-06_AMJ_1995-2014_sd.tif
delete: s3://digital-atlas/domain=climate/type=observational/source=chirps-chirts-era5/region=africa/processing=climatology/variable=PTOT/period=annual/clim=wmo_1991-2020/stat=max/SPEI-06_AMJ_full_max.tif
delete: s3://digital-atlas/domain=climate/type=observational/source=chirps-chirts-era5/region=africa/processing=climatology/variable=PTOT/period=annual/clim=wmo_1991-2020/stat=max/SPEI-06_AMJ_full_min.tif
delete: s3://digital-atlas/domain=climate/type=observational/source=chirps-chirts-era5/region=africa/processing=climatology/variable=PTOT/period=annual/clim=wmo_1991-2020/stat=max/SPEI-06_AMJ_full_mean.tif
delete: s3://digital-atlas/domain=climate/type=observational/source=chirps-chirts-era5/region=africa/processing=climatology/variable=PTOT/period=annual/clim=wmo_1991-2020/stat=max/SPEI-06_AMJ_full_sd.tif
delete: s3://digital-atlas/domain=climate/type=observational/source=chirps-chirts-era5/region=africa/processing=climatology/variable=PTOT/period=annual/clim=wmo_1991-2020/stat=max/SPEI-06_ASO_1991-2020_mean.tif
delete: s3://digital-atlas/domain=climate/type=observational/source=chirps-chirts-era5/region=africa/processing=climatology/variable=PTOT/period=annual/clim=wmo_1991-2020/stat=max/SPEI-06_ASO_1991-2020_min.tif
delete: s3://digital-atlas/domain=climate/type=observational/source=chirps-chirts-era5/region=africa/processing=climatology/variable=PTOT/period=annual/clim=wmo_1991-2020/stat=max/SPEI-06_ASO_1991-2020_max.tif
delete: s3://digital-atlas/domain=climate/type=observational/source=chirps-chirts-era5/region=africa/processing=climatology/variable=PTOT/period=annual/clim=wmo_1991-2020/stat=max/SPEI-06_ASO_1991-2020_sd.tif
delete: s3://digital-atlas/domain=climate/type=observational/source=chirps-chirts-era5/region=africa/processing=climatology/variable=PTOT/period=annual/clim=wmo_1991-2020/stat=max/SPEI-06_ASO_1995-2014_max.tif
delete: s3://digital-atlas/domain=climate/type=observational/source=chirps-chirts-era5/region=africa/processing=climatology/variable=PTOT/period=annual/clim=wmo_1991-2020/stat=max/SPEI-06_ASO_1995-2014_mean.tif
delete: s3://digital-atlas/domain=climate/type=observational/source=chirps-chirts-era5/region=africa/processing=climatology/variable=PTOT/period=annual/clim=wmo_1991-2020/stat=max/SPEI-06_ASO_1995-2014_min.tif
delete: s3://digital-atlas/domain=climate/type=observational/source=chirps-chirts-era5/region=africa/processing=climatology/variable=PTOT/period=annual/clim=wmo_1991-2020/stat=max/SPEI-06_ASO_1995-2014_sd.tif
delete: s3://digital-atlas/domain=climate/type=observational/source=chirps-chirts-era5/region=africa/processing=climatology/variable=PTOT/period=annual/clim=wmo_1991-2020/stat=max/SPEI-06_ASO_full_max.tif
delete: s3://digital-atlas/domain=climate/type=observational/source=chirps-chirts-era5/region=africa/processing=climatology/variable=PTOT/period=annual/clim=wmo_1991-2020/stat=max/SPEI-06_ASO_full_mean.tif
delete: s3://digital-atlas/domain=climate/type=observational/source=chirps-chirts-era5/region=africa/processing=climatology/variable=PTOT/period=annual/clim=wmo_1991-2020/stat=max/SPEI-06_ASO_full_min.tif
delete: s3://digital-atlas/domain=climate/type=observational/source=chirps-chirts-era5/region=africa/processing=climatology/variable=PTOT/period=annual/clim=wmo_1991-2020/stat=max/SPEI-06_ASO_full_sd.tif
delete: s3://digital-atlas/domain=climate/type=observational/source=chirps-chirts-era5/region=africa/processing=climatology/variable=PTOT/period=annual/clim=wmo_1991-2020/stat=max/SPEI-06_DJF_1991-2020_max.tif
delete: s3://digital-atlas/domain=climate/type=observational/source=chirps-chirts-era5/region=africa/processing=climatology/variable=PTOT/period=annual/clim=wmo_1991-2020/stat=max/SPEI-06_DJF_1991-2020_mean.tif
delete: s3://digital-atlas/domain=climate/type=observational/source=chirps-chirts-era5/region=africa/processing=climatology/variable=PTOT/period=annual/clim=wmo_1991-2020/stat=max/SPEI-06_DJF_1991-2020_min.tif
delete: s3://digital-atlas/domain=climate/type=observational/source=chirps-chirts-era5/region=africa/processing=climatology/variable=PTOT/period=annual/clim=wmo_1991-2020/stat=max/SPEI-06_DJF_1991-2020_sd.tif
delete: s3://digital-atlas/domain=climate/type=observational/source=chirps-chirts-era5/region=africa/processing=climatology/variable=PTOT/period=annual/clim=wmo_1991-2020/stat=max/SPEI-06_DJF_1995-2014_max.tif
delete: s3://digital-atlas/domain=climate/type=observational/source=chirps-chirts-era5/region=africa/processing=climatology/variable=PTOT/period=annual/clim=wmo_1991-2020/stat=max/SPEI-06_DJF_1995-2014_mean.tif
delete: s3://digital-atlas/domain=climate/type=observational/source=chirps-chirts-era5/region=africa/processing=climatology/variable=PTOT/period=annual/clim=wmo_1991-2020/stat=max/SPEI-06_DJF_1995-2014_min.tif
delete: s3://digital-atlas/domain=climate/type=observational/source=chirps-chirts-era5/region=africa/processing=climatology/variable=PTOT/period=annual/clim=wmo_1991-2020/stat=max/SPEI-06_DJF_full_max.tif
delete: s3://digital-atlas/domain=climate/type=observational/source=chirps-chirts-era5/region=africa/processing=climatology/variable=PTOT/period=annual/clim=wmo_1991-2020/stat=max/SPEI-06_DJF_full_mean.tif
delete: s3://digital-atlas/domain=climate/type=observational/source=chirps-chirts-era5/region=africa/processing=climatology/variable=PTOT/period=annual/clim=wmo_1991-2020/stat=max/SPEI-06_DJF_1995-2014_sd.tif
delete: s3://digital-atlas/domain=climate/type=observational/source=chirps-chirts-era5/region=africa/processing=climatology/variable=PTOT/period=annual/clim=wmo_1991-2020/stat=max/SPEI-06_DJF_full_min.tif
delete: s3://digital-atlas/domain=climate/type=observational/source=chirps-chirts-era5/region=africa/processing=climatology/variable=PTOT/period=annual/clim=wmo_1991-2020/stat=max/SPEI-06_DJF_full_sd.tif
delete: s3://digital-atlas/domain=climate/type=observational/source=chirps-chirts-era5/region=africa/processing=climatology/variable=PTOT/period=annual/clim=wmo_1991-2020/stat=max/SPEI-06_FMA_1991-2020_mean.tif
delete: s3://digital-atlas/domain=climate/type=observational/source=chirps-chirts-era5/region=africa/processing=climatology/variable=PTOT/period=annual/clim=wmo_1991-2020/stat=max/SPEI-06_FMA_1991-2020_max.tif
delete: s3://digital-atlas/domain=climate/type=observational/source=chirps-chirts-era5/region=africa/processing=climatology/variable=PTOT/period=annual/clim=wmo_1991-2020/stat=max/SPEI-06_FMA_1991-2020_min.tif
delete: s3://digital-atlas/domain=climate/type=observational/source=chirps-chirts-era5/region=africa/processing=climatology/variable=PTOT/period=annual/clim=wmo_1991-2020/stat=max/SPEI-06_FMA_1991-2020_sd.tif
delete: s3://digital-atlas/domain=climate/type=observational/source=chirps-chirts-era5/region=africa/processing=climatology/variable=PTOT/period=annual/clim=wmo_1991-2020/stat=max/SPEI-06_FMA_1995-2014_max.tif
delete: s3://digital-atlas/domain=climate/type=observational/source=chirps-chirts-era5/region=africa/processing=climatology/variable=PTOT/period=annual/clim=wmo_1991-2020/stat=max/SPEI-06_FMA_1995-2014_mean.tif
delete: s3://digital-atlas/domain=climate/type=observational/source=chirps-chirts-era5/region=africa/processing=climatology/variable=PTOT/period=annual/clim=wmo_1991-2020/stat=max/SPEI-06_FMA_1995-2014_min.tif
delete: s3://digital-atlas/domain=climate/type=observational/source=chirps-chirts-era5/region=africa/processing=climatology/variable=PTOT/period=annual/clim=wmo_1991-2020/stat=max/SPEI-06_FMA_1995-2014_sd.tif
delete: s3://digital-atlas/domain=climate/type=observational/source=chirps-chirts-era5/region=africa/processing=climatology/variable=PTOT/period=annual/clim=wmo_1991-2020/stat=max/SPEI-06_FMA_full_max.tif
delete: s3://digital-atlas/domain=climate/type=observational/source=chirps-chirts-era5/region=africa/processing=climatology/variable=PTOT/period=annual/clim=wmo_1991-2020/stat=max/SPEI-06_FMA_full_mean.tif
delete: s3://digital-atlas/domain=climate/type=observational/source=chirps-chirts-era5/region=africa/processing=climatology/variable=PTOT/period=annual/clim=wmo_1991-2020/stat=max/SPEI-06_FMA_full_min.tif
delete: s3://digital-atlas/domain=climate/type=observational/source=chirps-chirts-era5/region=africa/processing=climatology/variable=PTOT/period=annual/clim=wmo_1991-2020/stat=max/SPEI-06_FMA_full_sd.tif
delete: s3://digital-atlas/domain=climate/type=observational/source=chirps-chirts-era5/region=africa/processing=climatology/variable=PTOT/period=annual/clim=wmo_1991-2020/stat=max/SPEI-06_JAS_1991-2020_mean.tif
delete: s3://digital-atlas/domain=climate/type=observational/source=chirps-chirts-era5/region=africa/processing=climatology/variable=PTOT/period=annual/clim=wmo_1991-2020/stat=max/SPEI-06_JAS_1991-2020_max.tif
delete: s3://digital-atlas/domain=climate/type=observational/source=chirps-chirts-era5/region=africa/processing=climatology/variable=PTOT/period=annual/clim=wmo_1991-2020/stat=max/SPEI-06_JAS_1991-2020_min.tif
delete: s3://digital-atlas/domain=climate/type=observational/source=chirps-chirts-era5/region=africa/processing=climatology/variable=PTOT/period=annual/clim=wmo_1991-2020/stat=max/SPEI-06_JAS_1991-2020_sd.tif
delete: s3://digital-atlas/domain=climate/type=observational/source=chirps-chirts-era5/region=africa/processing=climatology/variable=PTOT/period=annual/clim=wmo_1991-2020/stat=max/SPEI-06_JAS_1995-2014_max.tif
delete: s3://digital-atlas/domain=climate/type=observational/source=chirps-chirts-era5/region=africa/processing=climatology/variable=PTOT/period=annual/clim=wmo_1991-2020/stat=max/SPEI-06_JAS_1995-2014_mean.tif
delete: s3://digital-atlas/domain=climate/type=observational/source=chirps-chirts-era5/region=africa/processing=climatology/variable=PTOT/period=annual/clim=wmo_1991-2020/stat=max/SPEI-06_JAS_1995-2014_min.tif
delete: s3://digital-atlas/domain=climate/type=observational/source=chirps-chirts-era5/region=africa/processing=climatology/variable=PTOT/period=annual/clim=wmo_1991-2020/stat=max/SPEI-06_JAS_1995-2014_sd.tif
delete: s3://digital-atlas/domain=climate/type=observational/source=chirps-chirts-era5/region=africa/processing=climatology/variable=PTOT/period=annual/clim=wmo_1991-2020/stat=max/SPEI-06_JAS_full_max.tif
delete: s3://digital-atlas/domain=climate/type=observational/source=chirps-chirts-era5/region=africa/processing=climatology/variable=PTOT/period=annual/clim=wmo_1991-2020/stat=max/SPEI-06_JAS_full_mean.tif
delete: s3://digital-atlas/domain=climate/type=observational/source=chirps-chirts-era5/region=africa/processing=climatology/variable=PTOT/period=annual/clim=wmo_1991-2020/stat=max/SPEI-06_JAS_full_sd.tif
delete: s3://digital-atlas/domain=climate/type=observational/source=chirps-chirts-era5/region=africa/processing=climatology/variable=PTOT/period=annual/clim=wmo_1991-2020/stat=max/SPEI-06_JAS_full_min.tif
delete: s3://digital-atlas/domain=climate/type=observational/source=chirps-chirts-era5/region=africa/processing=climatology/variable=PTOT/period=annual/clim=wmo_1991-2020/stat=max/SPEI-06_JFM_1991-2020_max.tif
delete: s3://digital-atlas/domain=climate/type=observational/source=chirps-chirts-era5/region=africa/processing=climatology/variable=PTOT/period=annual/clim=wmo_1991-2020/stat=max/SPEI-06_JFM_1991-2020_mean.tif
delete: s3://digital-atlas/domain=climate/type=observational/source=chirps-chirts-era5/region=africa/processing=climatology/variable=PTOT/period=annual/clim=wmo_1991-2020/stat=max/SPEI-06_JFM_1991-2020_sd.tif
delete: s3://digital-atlas/domain=climate/type=observational/source=chirps-chirts-era5/region=africa/processing=climatology/variable=PTOT/period=annual/clim=wmo_1991-2020/stat=max/SPEI-06_JFM_1995-2014_max.tif
delete: s3://digital-atlas/domain=climate/type=observational/source=chirps-chirts-era5/region=africa/processing=climatology/variable=PTOT/period=annual/clim=wmo_1991-2020/stat=max/SPEI-06_JFM_1991-2020_min.tif
delete: s3://digital-atlas/domain=climate/type=observational/source=chirps-chirts-era5/region=africa/processing=climatology/variable=PTOT/period=annual/clim=wmo_1991-2020/stat=max/SPEI-06_JFM_1995-2014_mean.tif
delete: s3://digital-atlas/domain=climate/type=observational/source=chirps-chirts-era5/region=africa/processing=climatology/variable=PTOT/period=annual/clim=wmo_1991-2020/stat=max/SPEI-06_JFM_1995-2014_min.tif
delete: s3://digital-atlas/domain=climate/type=observational/source=chirps-chirts-era5/region=africa/processing=climatology/variable=PTOT/period=annual/clim=wmo_1991-2020/stat=max/PTOT_DJF_1995-2014_sd.tif
delete: s3://digital-atlas/domain=climate/type=observational/source=chirps-chirts-era5/region=africa/processing=climatology/variable=PTOT/period=annual/clim=wmo_1991-2020/stat=max/SPEI-06_JFM_full_max.tif
delete: s3://digital-atlas/domain=climate/type=observational/source=chirps-chirts-era5/region=africa/processing=climatology/variable=PTOT/period=annual/clim=wmo_1991-2020/stat=max/SPEI-06_JFM_full_mean.tif
delete: s3://digital-atlas/domain=climate/type=observational/source=chirps-chirts-era5/region=africa/processing=climatology/variable=PTOT/period=annual/clim=wmo_1991-2020/stat=max/SPEI-06_JFM_full_min.tif
delete: s3://digital-atlas/domain=climate/type=observational/source=chirps-chirts-era5/region=africa/processing=climatology/variable=PTOT/period=annual/clim=wmo_1991-2020/stat=max/SPEI-06_JFM_full_sd.tif
delete: s3://digital-atlas/domain=climate/type=observational/source=chirps-chirts-era5/region=africa/processing=climatology/variable=PTOT/period=annual/clim=wmo_1991-2020/stat=max/SPEI-06_JJA_1991-2020_max.tif
delete: s3://digital-atlas/domain=climate/type=observational/source=chirps-chirts-era5/region=africa/processing=climatology/variable=PTOT/period=annual/clim=wmo_1991-2020/stat=max/SPEI-06_JJA_1991-2020_mean.tif
delete: s3://digital-atlas/domain=climate/type=observational/source=chirps-chirts-era5/region=africa/processing=climatology/variable=PTOT/period=annual/clim=wmo_1991-2020/stat=max/SPEI-06_JJA_1991-2020_min.tif
delete: s3://digital-atlas/domain=climate/type=observational/source=chirps-chirts-era5/region=africa/processing=climatology/variable=PTOT/period=annual/clim=wmo_1991-2020/stat=max/SPEI-06_JJA_1991-2020_sd.tif
delete: s3://digital-atlas/domain=climate/type=observational/source=chirps-chirts-era5/region=africa/processing=climatology/variable=PTOT/period=annual/clim=wmo_1991-2020/stat=max/SPEI-06_JJA_1995-2014_max.tif
delete: s3://digital-atlas/domain=climate/type=observational/source=chirps-chirts-era5/region=africa/processing=climatology/variable=PTOT/period=annual/clim=wmo_1991-2020/stat=max/SPEI-06_JJA_1995-2014_mean.tif
delete: s3://digital-atlas/domain=climate/type=observational/source=chirps-chirts-era5/region=africa/processing=climatology/variable=PTOT/period=annual/clim=wmo_1991-2020/stat=max/SPEI-06_JJA_1995-2014_min.tif
delete: s3://digital-atlas/domain=climate/type=observational/source=chirps-chirts-era5/region=africa/processing=climatology/variable=PTOT/period=annual/clim=wmo_1991-2020/stat=max/SPEI-06_JJA_1995-2014_sd.tif
delete: s3://digital-atlas/domain=climate/type=observational/source=chirps-chirts-era5/region=africa/processing=climatology/variable=PTOT/period=annual/clim=wmo_1991-2020/stat=max/SPEI-06_JJA_full_max.tif
delete: s3://digital-atlas/domain=climate/type=observational/source=chirps-chirts-era5/region=africa/processing=climatology/variable=PTOT/period=annual/clim=wmo_1991-2020/stat=max/SPEI-06_JJA_full_mean.tif
delete: s3://digital-atlas/domain=climate/type=observational/source=chirps-chirts-era5/region=africa/processing=climatology/variable=PTOT/period=annual/clim=wmo_1991-2020/stat=max/SPEI-06_JJA_full_min.tif
delete: s3://digital-atlas/domain=climate/type=observational/source=chirps-chirts-era5/region=africa/processing=climatology/variable=PTOT/period=annual/clim=wmo_1991-2020/stat=max/SPEI-06_JJA_full_sd.tif
delete: s3://digital-atlas/domain=climate/type=observational/source=chirps-chirts-era5/region=africa/processing=climatology/variable=PTOT/period=annual/clim=wmo_1991-2020/stat=max/SPEI-06_MAM_1991-2020_mean.tif
delete: s3://digital-atlas/domain=climate/type=observational/source=chirps-chirts-era5/region=africa/processing=climatology/variable=PTOT/period=annual/clim=wmo_1991-2020/stat=max/SPEI-06_MAM_1991-2020_max.tif
delete: s3://digital-atlas/domain=climate/type=observational/source=chirps-chirts-era5/region=africa/processing=climatology/variable=PTOT/period=annual/clim=wmo_1991-2020/stat=max/SPEI-06_MAM_1991-2020_sd.tif
delete: s3://digital-atlas/domain=climate/type=observational/source=chirps-chirts-era5/region=africa/processing=climatology/variable=PTOT/period=annual/clim=wmo_1991-2020/stat=max/SPEI-06_MAM_1995-2014_max.tif
delete: s3://digital-atlas/domain=climate/type=observational/source=chirps-chirts-era5/region=africa/processing=climatology/variable=PTOT/period=annual/clim=wmo_1991-2020/stat=max/SPEI-06_MAM_1995-2014_mean.tif
delete: s3://digital-atlas/domain=climate/type=observational/source=chirps-chirts-era5/region=africa/processing=climatology/variable=PTOT/period=annual/clim=wmo_1991-2020/stat=max/SPEI-06_MAM_1991-2020_min.tif
delete: s3://digital-atlas/domain=climate/type=observational/source=chirps-chirts-era5/region=africa/processing=climatology/variable=PTOT/period=annual/clim=wmo_1991-2020/stat=max/SPEI-06_MAM_1995-2014_min.tif
delete: s3://digital-atlas/domain=climate/type=observational/source=chirps-chirts-era5/region=africa/processing=climatology/variable=PTOT/period=annual/clim=wmo_1991-2020/stat=max/SPEI-06_MAM_1995-2014_sd.tif
delete: s3://digital-atlas/domain=climate/type=observational/source=chirps-chirts-era5/region=africa/processing=climatology/variable=PTOT/period=annual/clim=wmo_1991-2020/stat=max/SPEI-06_MAM_full_max.tif
delete: s3://digital-atlas/domain=climate/type=observational/source=chirps-chirts-era5/region=africa/processing=climatology/variable=PTOT/period=annual/clim=wmo_1991-2020/stat=max/SPEI-06_MAM_full_mean.tif
delete: s3://digital-atlas/domain=climate/type=observational/source=chirps-chirts-era5/region=africa/processing=climatology/variable=PTOT/period=annual/clim=wmo_1991-2020/stat=max/SPEI-06_MAM_full_min.tif
delete: s3://digital-atlas/domain=climate/type=observational/source=chirps-chirts-era5/region=africa/processing=climatology/variable=PTOT/period=annual/clim=wmo_1991-2020/stat=max/SPEI-06_MAM_full_sd.tif
delete: s3://digital-atlas/domain=climate/type=observational/source=chirps-chirts-era5/region=africa/processing=climatology/variable=PTOT/period=annual/clim=wmo_1991-2020/stat=max/SPEI-06_MJJ_1991-2020_max.tif
delete: s3://digital-atlas/domain=climate/type=observational/source=chirps-chirts-era5/region=africa/processing=climatology/variable=PTOT/period=annual/clim=wmo_1991-2020/stat=max/SPEI-06_MJJ_1991-2020_min.tif
delete: s3://digital-atlas/domain=climate/type=observational/source=chirps-chirts-era5/region=africa/processing=climatology/variable=PTOT/period=annual/clim=wmo_1991-2020/stat=max/SPEI-06_MJJ_1991-2020_mean.tif
delete: s3://digital-atlas/domain=climate/type=observational/source=chirps-chirts-era5/region=africa/processing=climatology/variable=PTOT/period=annual/clim=wmo_1991-2020/stat=max/SPEI-06_MJJ_1991-2020_sd.tif
delete: s3://digital-atlas/domain=climate/type=observational/source=chirps-chirts-era5/region=africa/processing=climatology/variable=PTOT/period=annual/clim=wmo_1991-2020/stat=max/SPEI-06_MJJ_1995-2014_max.tif
delete: s3://digital-atlas/domain=climate/type=observational/source=chirps-chirts-era5/region=africa/processing=climatology/variable=PTOT/period=annual/clim=wmo_1991-2020/stat=max/SPEI-06_MJJ_1995-2014_mean.tif
delete: s3://digital-atlas/domain=climate/type=observational/source=chirps-chirts-era5/region=africa/processing=climatology/variable=PTOT/period=annual/clim=wmo_1991-2020/stat=max/SPEI-06_MJJ_1995-2014_min.tif
delete: s3://digital-atlas/domain=climate/type=observational/source=chirps-chirts-era5/region=africa/processing=climatology/variable=PTOT/period=annual/clim=wmo_1991-2020/stat=max/SPEI-06_MJJ_1995-2014_sd.tif
delete: s3://digital-atlas/domain=climate/type=observational/source=chirps-chirts-era5/region=africa/processing=climatology/variable=PTOT/period=annual/clim=wmo_1991-2020/stat=max/SPEI-06_MJJ_full_max.tif
delete: s3://digital-atlas/domain=climate/type=observational/source=chirps-chirts-era5/region=africa/processing=climatology/variable=PTOT/period=annual/clim=wmo_1991-2020/stat=max/SPEI-06_MJJ_full_mean.tif
delete: s3://digital-atlas/domain=climate/type=observational/source=chirps-chirts-era5/region=africa/processing=climatology/variable=PTOT/period=annual/clim=wmo_1991-2020/stat=max/SPEI-06_MJJ_full_min.tif
delete: s3://digital-atlas/domain=climate/type=observational/source=chirps-chirts-era5/region=africa/processing=climatology/variable=PTOT/period=annual/clim=wmo_1991-2020/stat=max/SPEI-06_MJJ_full_sd.tif
delete: s3://digital-atlas/domain=climate/type=observational/source=chirps-chirts-era5/region=africa/processing=climatology/variable=PTOT/period=annual/clim=wmo_1991-2020/stat=max/SPEI-06_NDJ_1991-2020_max.tif
delete: s3://digital-atlas/domain=climate/type=observational/source=chirps-chirts-era5/region=africa/processing=climatology/variable=PTOT/period=annual/clim=wmo_1991-2020/stat=max/SPEI-06_NDJ_1991-2020_mean.tif
delete: s3://digital-atlas/domain=climate/type=observational/source=chirps-chirts-era5/region=africa/processing=climatology/variable=PTOT/period=annual/clim=wmo_1991-2020/stat=max/SPEI-06_NDJ_1991-2020_min.tif
delete: s3://digital-atlas/domain=climate/type=observational/source=chirps-chirts-era5/region=africa/processing=climatology/variable=PTOT/period=annual/clim=wmo_1991-2020/stat=max/SPEI-06_NDJ_1991-2020_sd.tif
delete: s3://digital-atlas/domain=climate/type=observational/source=chirps-chirts-era5/region=africa/processing=climatology/variable=PTOT/period=annual/clim=wmo_1991-2020/stat=max/SPEI-06_NDJ_1995-2014_max.tif
delete: s3://digital-atlas/domain=climate/type=observational/source=chirps-chirts-era5/region=africa/processing=climatology/variable=PTOT/period=annual/clim=wmo_1991-2020/stat=max/SPEI-06_NDJ_1995-2014_mean.tif
delete: s3://digital-atlas/domain=climate/type=observational/source=chirps-chirts-era5/region=africa/processing=climatology/variable=PTOT/period=annual/clim=wmo_1991-2020/stat=max/SPEI-06_NDJ_1995-2014_min.tif
delete: s3://digital-atlas/domain=climate/type=observational/source=chirps-chirts-era5/region=africa/processing=climatology/variable=PTOT/period=annual/clim=wmo_1991-2020/stat=max/SPEI-06_NDJ_1995-2014_sd.tif
delete: s3://digital-atlas/domain=climate/type=observational/source=chirps-chirts-era5/region=africa/processing=climatology/variable=PTOT/period=annual/clim=wmo_1991-2020/stat=max/SPEI-06_NDJ_full_max.tif
delete: s3://digital-atlas/domain=climate/type=observational/source=chirps-chirts-era5/region=africa/processing=climatology/variable=PTOT/period=annual/clim=wmo_1991-2020/stat=max/SPEI-06_NDJ_full_mean.tif
delete: s3://digital-atlas/domain=climate/type=observational/source=chirps-chirts-era5/region=africa/processing=climatology/variable=PTOT/period=annual/clim=wmo_1991-2020/stat=max/SPEI-06_NDJ_full_min.tif
delete: s3://digital-atlas/domain=climate/type=observational/source=chirps-chirts-era5/region=africa/processing=climatology/variable=PTOT/period=annual/clim=wmo_1991-2020/stat=max/SPEI-06_NDJ_full_sd.tif
delete: s3://digital-atlas/domain=climate/type=observational/source=chirps-chirts-era5/region=africa/processing=climatology/variable=PTOT/period=annual/clim=wmo_1991-2020/stat=max/SPEI-06_OND_1991-2020_max.tif
delete: s3://digital-atlas/domain=climate/type=observational/source=chirps-chirts-era5/region=africa/processing=climatology/variable=PTOT/period=annual/clim=wmo_1991-2020/stat=max/SPEI-06_OND_1991-2020_min.tif
delete: s3://digital-atlas/domain=climate/type=observational/source=chirps-chirts-era5/region=africa/processing=climatology/variable=PTOT/period=annual/clim=wmo_1991-2020/stat=max/SPEI-06_OND_1991-2020_mean.tif
delete: s3://digital-atlas/domain=climate/type=observational/source=chirps-chirts-era5/region=africa/processing=climatology/variable=PTOT/period=annual/clim=wmo_1991-2020/stat=max/SPEI-06_OND_1995-2014_max.tif
delete: s3://digital-atlas/domain=climate/type=observational/source=chirps-chirts-era5/region=africa/processing=climatology/variable=PTOT/period=annual/clim=wmo_1991-2020/stat=max/SPEI-06_OND_1991-2020_sd.tif
delete: s3://digital-atlas/domain=climate/type=observational/source=chirps-chirts-era5/region=africa/processing=climatology/variable=PTOT/period=annual/clim=wmo_1991-2020/stat=max/SPEI-06_OND_1995-2014_min.tif
delete: s3://digital-atlas/domain=climate/type=observational/source=chirps-chirts-era5/region=africa/processing=climatology/variable=PTOT/period=annual/clim=wmo_1991-2020/stat=max/SPEI-06_OND_1995-2014_mean.tif
delete: s3://digital-atlas/domain=climate/type=observational/source=chirps-chirts-era5/region=africa/processing=climatology/variable=PTOT/period=annual/clim=wmo_1991-2020/stat=max/SPEI-06_OND_1995-2014_sd.tif
delete: s3://digital-atlas/domain=climate/type=observational/source=chirps-chirts-era5/region=africa/processing=climatology/variable=PTOT/period=annual/clim=wmo_1991-2020/stat=max/SPEI-06_OND_full_max.tif
delete: s3://digital-atlas/domain=climate/type=observational/source=chirps-chirts-era5/region=africa/processing=climatology/variable=PTOT/period=annual/clim=wmo_1991-2020/stat=max/SPEI-06_OND_full_mean.tif
delete: s3://digital-atlas/domain=climate/type=observational/source=chirps-chirts-era5/region=africa/processing=climatology/variable=PTOT/period=annual/clim=wmo_1991-2020/stat=max/SPEI-06_OND_full_min.tif
delete: s3://digital-atlas/domain=climate/type=observational/source=chirps-chirts-era5/region=africa/processing=climatology/variable=PTOT/period=annual/clim=wmo_1991-2020/stat=max/SPEI-06_OND_full_sd.tif
delete: s3://digital-atlas/domain=climate/type=observational/source=chirps-chirts-era5/region=africa/processing=climatology/variable=PTOT/period=annual/clim=wmo_1991-2020/stat=max/SPEI-06_SON_1991-2020_max.tif
delete: s3://digital-atlas/domain=climate/type=observational/source=chirps-chirts-era5/region=africa/processing=climatology/variable=PTOT/period=annual/clim=wmo_1991-2020/stat=max/SPEI-06_SON_1991-2020_min.tif
delete: s3://digital-atlas/domain=climate/type=observational/source=chirps-chirts-era5/region=africa/processing=climatology/variable=PTOT/period=annual/clim=wmo_1991-2020/stat=max/SPEI-06_SON_1991-2020_mean.tif
delete: s3://digital-atlas/domain=climate/type=observational/source=chirps-chirts-era5/region=africa/processing=climatology/variable=PTOT/period=annual/clim=wmo_1991-2020/stat=max/SPEI-06_SON_1991-2020_sd.tif
delete: s3://digital-atlas/domain=climate/type=observational/source=chirps-chirts-era5/region=africa/processing=climatology/variable=PTOT/period=annual/clim=wmo_1991-2020/stat=max/SPEI-06_SON_1995-2014_max.tif
delete: s3://digital-atlas/domain=climate/type=observational/source=chirps-chirts-era5/region=africa/processing=climatology/variable=PTOT/period=annual/clim=wmo_1991-2020/stat=max/SPEI-06_SON_1995-2014_mean.tif
delete: s3://digital-atlas/domain=climate/type=observational/source=chirps-chirts-era5/region=africa/processing=climatology/variable=PTOT/period=annual/clim=wmo_1991-2020/stat=max/SPEI-01_OND_1995-2014_mean.tif
delete: s3://digital-atlas/domain=climate/type=observational/source=chirps-chirts-era5/region=africa/processing=climatology/variable=PTOT/period=annual/clim=wmo_1991-2020/stat=max/SPEI-06_SON_1995-2014_sd.tif
delete: s3://digital-atlas/domain=climate/type=observational/source=chirps-chirts-era5/region=africa/processing=climatology/variable=PTOT/period=annual/clim=wmo_1991-2020/stat=max/SPEI-06_SON_full_max.tif
delete: s3://digital-atlas/domain=climate/type=observational/source=chirps-chirts-era5/region=africa/processing=climatology/variable=PTOT/period=annual/clim=wmo_1991-2020/stat=max/SPEI-06_SON_full_min.tif
delete: s3://digital-atlas/domain=climate/type=observational/source=chirps-chirts-era5/region=africa/processing=climatology/variable=PTOT/period=annual/clim=wmo_1991-2020/stat=max/SPEI-06_annual_1991-2020_max.tif
delete: s3://digital-atlas/domain=climate/type=observational/source=chirps-chirts-era5/region=africa/processing=climatology/variable=PTOT/period=annual/clim=wmo_1991-2020/stat=max/SPEI-06_SON_full_sd.tif
delete: s3://digital-atlas/domain=climate/type=observational/source=chirps-chirts-era5/region=africa/processing=climatology/variable=PTOT/period=annual/clim=wmo_1991-2020/stat=max/SPEI-06_SON_full_mean.tif
delete: s3://digital-atlas/domain=climate/type=observational/source=chirps-chirts-era5/region=africa/processing=climatology/variable=PTOT/period=annual/clim=wmo_1991-2020/stat=max/SPEI-06_annual_1991-2020_mean.tif
delete: s3://digital-atlas/domain=climate/type=observational/source=chirps-chirts-era5/region=africa/processing=climatology/variable=PTOT/period=annual/clim=wmo_1991-2020/stat=max/SPEI-06_annual_1991-2020_min.tif
delete: s3://digital-atlas/domain=climate/type=observational/source=chirps-chirts-era5/region=africa/processing=climatology/variable=PTOT/period=annual/clim=wmo_1991-2020/stat=max/SPEI-06_annual_1991-2020_sd.tif
delete: s3://digital-atlas/domain=climate/type=observational/source=chirps-chirts-era5/region=africa/processing=climatology/variable=PTOT/period=annual/clim=wmo_1991-2020/stat=max/SPEI-06_annual_1995-2014_max.tif
delete: s3://digital-atlas/domain=climate/type=observational/source=chirps-chirts-era5/region=africa/processing=climatology/variable=PTOT/period=annual/clim=wmo_1991-2020/stat=max/SPEI-06_annual_1995-2014_mean.tif
delete: s3://digital-atlas/domain=climate/type=observational/source=chirps-chirts-era5/region=africa/processing=climatology/variable=PTOT/period=annual/clim=wmo_1991-2020/stat=max/SPEI-06_annual_1995-2014_min.tif
delete: s3://digital-atlas/domain=climate/type=observational/source=chirps-chirts-era5/region=africa/processing=climatology/variable=PTOT/period=annual/clim=wmo_1991-2020/stat=max/SPEI-06_annual_1995-2014_sd.tif
delete: s3://digital-atlas/domain=climate/type=observational/source=chirps-chirts-era5/region=africa/processing=climatology/variable=PTOT/period=annual/clim=wmo_1991-2020/stat=max/SPEI-06_annual_full_max.tif
delete: s3://digital-atlas/domain=climate/type=observational/source=chirps-chirts-era5/region=africa/processing=climatology/variable=PTOT/period=annual/clim=wmo_1991-2020/stat=max/SPEI-06_annual_full_mean.tif
delete: s3://digital-atlas/domain=climate/type=observational/source=chirps-chirts-era5/region=africa/processing=climatology/variable=PTOT/period=annual/clim=wmo_1991-2020/stat=max/SPEI-06_annual_full_min.tif
delete: s3://digital-atlas/domain=climate/type=observational/source=chirps-chirts-era5/region=africa/processing=climatology/variable=PTOT/period=annual/clim=wmo_1991-2020/stat=max/SPEI-06_annual_full_sd.tif
delete: s3://digital-atlas/domain=climate/type=observational/source=chirps-chirts-era5/region=africa/processing=climatology/variable=PTOT/period=annual/clim=wmo_1991-2020/stat=max/SPEI-12_AMJ_1991-2020_max.tif
delete: s3://digital-atlas/domain=climate/type=observational/source=chirps-chirts-era5/region=africa/processing=climatology/variable=PTOT/period=annual/clim=wmo_1991-2020/stat=max/SPEI-12_AMJ_1991-2020_mean.tif
delete: s3://digital-atlas/domain=climate/type=observational/source=chirps-chirts-era5/region=africa/processing=climatology/variable=PTOT/period=annual/clim=wmo_1991-2020/stat=max/SPEI-12_AMJ_1991-2020_min.tif
delete: s3://digital-atlas/domain=climate/type=observational/source=chirps-chirts-era5/region=africa/processing=climatology/variable=PTOT/period=annual/clim=wmo_1991-2020/stat=max/SPEI-12_AMJ_1991-2020_sd.tif
delete: s3://digital-atlas/domain=climate/type=observational/source=chirps-chirts-era5/region=africa/processing=climatology/variable=PTOT/period=annual/clim=wmo_1991-2020/stat=max/SPEI-12_AMJ_1995-2014_max.tif
delete: s3://digital-atlas/domain=climate/type=observational/source=chirps-chirts-era5/region=africa/processing=climatology/variable=PTOT/period=annual/clim=wmo_1991-2020/stat=max/SPEI-12_AMJ_1995-2014_mean.tif
delete: s3://digital-atlas/domain=climate/type=observational/source=chirps-chirts-era5/region=africa/processing=climatology/variable=PTOT/period=annual/clim=wmo_1991-2020/stat=max/SPEI-12_AMJ_1995-2014_min.tif
delete: s3://digital-atlas/domain=climate/type=observational/source=chirps-chirts-era5/region=africa/processing=climatology/variable=PTOT/period=annual/clim=wmo_1991-2020/stat=max/SPEI-12_AMJ_full_max.tif
delete: s3://digital-atlas/domain=climate/type=observational/source=chirps-chirts-era5/region=africa/processing=climatology/variable=PTOT/period=annual/clim=wmo_1991-2020/stat=max/SPEI-12_AMJ_1995-2014_sd.tif
delete: s3://digital-atlas/domain=climate/type=observational/source=chirps-chirts-era5/region=africa/processing=climatology/variable=PTOT/period=annual/clim=wmo_1991-2020/stat=max/SPEI-12_AMJ_full_mean.tif
delete: s3://digital-atlas/domain=climate/type=observational/source=chirps-chirts-era5/region=africa/processing=climatology/variable=PTOT/period=annual/clim=wmo_1991-2020/stat=max/SPEI-12_AMJ_full_sd.tif
delete: s3://digital-atlas/domain=climate/type=observational/source=chirps-chirts-era5/region=africa/processing=climatology/variable=PTOT/period=annual/clim=wmo_1991-2020/stat=max/SPEI-12_AMJ_full_min.tif
delete: s3://digital-atlas/domain=climate/type=observational/source=chirps-chirts-era5/region=africa/processing=climatology/variable=PTOT/period=annual/clim=wmo_1991-2020/stat=max/SPEI-12_ASO_1991-2020_max.tif
delete: s3://digital-atlas/domain=climate/type=observational/source=chirps-chirts-era5/region=africa/processing=climatology/variable=PTOT/period=annual/clim=wmo_1991-2020/stat=max/SPEI-12_ASO_1991-2020_mean.tif
delete: s3://digital-atlas/domain=climate/type=observational/source=chirps-chirts-era5/region=africa/processing=climatology/variable=PTOT/period=annual/clim=wmo_1991-2020/stat=max/SPEI-12_ASO_1991-2020_min.tif
delete: s3://digital-atlas/domain=climate/type=observational/source=chirps-chirts-era5/region=africa/processing=climatology/variable=PTOT/period=annual/clim=wmo_1991-2020/stat=max/SPEI-12_ASO_1991-2020_sd.tif
delete: s3://digital-atlas/domain=climate/type=observational/source=chirps-chirts-era5/region=africa/processing=climatology/variable=PTOT/period=annual/clim=wmo_1991-2020/stat=max/SPEI-12_ASO_1995-2014_max.tif
delete: s3://digital-atlas/domain=climate/type=observational/source=chirps-chirts-era5/region=africa/processing=climatology/variable=PTOT/period=annual/clim=wmo_1991-2020/stat=max/SPEI-12_ASO_1995-2014_mean.tif
delete: s3://digital-atlas/domain=climate/type=observational/source=chirps-chirts-era5/region=africa/processing=climatology/variable=PTOT/period=annual/clim=wmo_1991-2020/stat=max/SPEI-12_ASO_1995-2014_min.tif
delete: s3://digital-atlas/domain=climate/type=observational/source=chirps-chirts-era5/region=africa/processing=climatology/variable=PTOT/period=annual/clim=wmo_1991-2020/stat=max/SPEI-12_ASO_1995-2014_sd.tif
delete: s3://digital-atlas/domain=climate/type=observational/source=chirps-chirts-era5/region=africa/processing=climatology/variable=PTOT/period=annual/clim=wmo_1991-2020/stat=max/SPEI-12_ASO_full_max.tif
delete: s3://digital-atlas/domain=climate/type=observational/source=chirps-chirts-era5/region=africa/processing=climatology/variable=PTOT/period=annual/clim=wmo_1991-2020/stat=max/SPEI-12_ASO_full_mean.tif
delete: s3://digital-atlas/domain=climate/type=observational/source=chirps-chirts-era5/region=africa/processing=climatology/variable=PTOT/period=annual/clim=wmo_1991-2020/stat=max/SPEI-12_ASO_full_min.tif
delete: s3://digital-atlas/domain=climate/type=observational/source=chirps-chirts-era5/region=africa/processing=climatology/variable=PTOT/period=annual/clim=wmo_1991-2020/stat=max/SPEI-12_ASO_full_sd.tif
delete: s3://digital-atlas/domain=climate/type=observational/source=chirps-chirts-era5/region=africa/processing=climatology/variable=PTOT/period=annual/clim=wmo_1991-2020/stat=max/SPEI-12_DJF_1991-2020_max.tif
delete: s3://digital-atlas/domain=climate/type=observational/source=chirps-chirts-era5/region=africa/processing=climatology/variable=PTOT/period=annual/clim=wmo_1991-2020/stat=max/SPEI-12_DJF_1991-2020_mean.tif
delete: s3://digital-atlas/domain=climate/type=observational/source=chirps-chirts-era5/region=africa/processing=climatology/variable=PTOT/period=annual/clim=wmo_1991-2020/stat=max/SPEI-12_DJF_1991-2020_min.tif
delete: s3://digital-atlas/domain=climate/type=observational/source=chirps-chirts-era5/region=africa/processing=climatology/variable=PTOT/period=annual/clim=wmo_1991-2020/stat=max/SPEI-12_DJF_1991-2020_sd.tif
delete: s3://digital-atlas/domain=climate/type=observational/source=chirps-chirts-era5/region=africa/processing=climatology/variable=PTOT/period=annual/clim=wmo_1991-2020/stat=max/SPEI-12_DJF_1995-2014_max.tif
delete: s3://digital-atlas/domain=climate/type=observational/source=chirps-chirts-era5/region=africa/processing=climatology/variable=PTOT/period=annual/clim=wmo_1991-2020/stat=max/SPEI-12_DJF_1995-2014_mean.tif
delete: s3://digital-atlas/domain=climate/type=observational/source=chirps-chirts-era5/region=africa/processing=climatology/variable=PTOT/period=annual/clim=wmo_1991-2020/stat=max/SPEI-03_FMA_1991-2020_max.tif
delete: s3://digital-atlas/domain=climate/type=observational/source=chirps-chirts-era5/region=africa/processing=climatology/variable=PTOT/period=annual/clim=wmo_1991-2020/stat=max/SPEI-06_JFM_1995-2014_sd.tif
delete: s3://digital-atlas/domain=climate/type=observational/source=chirps-chirts-era5/region=africa/processing=climatology/variable=PTOT/period=annual/clim=wmo_1991-2020/stat=max/SPEI-06_AMJ_1991-2020_max.tif
delete: s3://digital-atlas/domain=climate/type=observational/source=chirps-chirts-era5/region=africa/processing=climatology/variable=PTOT/period=annual/clim=wmo_1991-2020/stat=max/SPEI-06_SON_1995-2014_min.tif
delete: s3://digital-atlas/domain=climate/type=observational/source=chirps-chirts-era5/region=africa/processing=climatology/variable=PTOT/period=annual/clim=wmo_1991-2020/stat=max/SPEI-12_DJF_1995-2014_min.tif
delete: s3://digital-atlas/domain=climate/type=observational/source=chirps-chirts-era5/region=africa/processing=climatology/variable=PTOT/period=annual/clim=wmo_1991-2020/stat=max/SPEI-12_DJF_full_sd.tif
delete: s3://digital-atlas/domain=climate/type=observational/source=chirps-chirts-era5/region=africa/processing=climatology/variable=PTOT/period=annual/clim=wmo_1991-2020/stat=max/SPEI-12_FMA_1991-2020_max.tif
delete: s3://digital-atlas/domain=climate/type=observational/source=chirps-chirts-era5/region=africa/processing=climatology/variable=PTOT/period=annual/clim=wmo_1991-2020/stat=max/SPEI-12_FMA_1991-2020_min.tif
delete: s3://digital-atlas/domain=climate/type=observational/source=chirps-chirts-era5/region=africa/processing=climatology/variable=PTOT/period=annual/clim=wmo_1991-2020/stat=max/SPEI-12_FMA_1991-2020_mean.tif
delete: s3://digital-atlas/domain=climate/type=observational/source=chirps-chirts-era5/region=africa/processing=climatology/variable=PTOT/period=annual/clim=wmo_1991-2020/stat=max/SPEI-12_FMA_1991-2020_sd.tif
delete: s3://digital-atlas/domain=climate/type=observational/source=chirps-chirts-era5/region=africa/processing=climatology/variable=PTOT/period=annual/clim=wmo_1991-2020/stat=max/SPEI-12_FMA_1995-2014_max.tif
delete: s3://digital-atlas/domain=climate/type=observational/source=chirps-chirts-era5/region=africa/processing=climatology/variable=PTOT/period=annual/clim=wmo_1991-2020/stat=max/SPEI-12_FMA_1995-2014_min.tif
delete: s3://digital-atlas/domain=climate/type=observational/source=chirps-chirts-era5/region=africa/processing=climatology/variable=PTOT/period=annual/clim=wmo_1991-2020/stat=max/SPEI-12_FMA_1995-2014_sd.tif
delete: s3://digital-atlas/domain=climate/type=observational/source=chirps-chirts-era5/region=africa/processing=climatology/variable=PTOT/period=annual/clim=wmo_1991-2020/stat=max/SPEI-12_FMA_1995-2014_mean.tif
delete: s3://digital-atlas/domain=climate/type=observational/source=chirps-chirts-era5/region=africa/processing=climatology/variable=PTOT/period=annual/clim=wmo_1991-2020/stat=max/SPEI-12_FMA_full_max.tif
delete: s3://digital-atlas/domain=climate/type=observational/source=chirps-chirts-era5/region=africa/processing=climatology/variable=PTOT/period=annual/clim=wmo_1991-2020/stat=max/SPEI-12_FMA_full_mean.tif
delete: s3://digital-atlas/domain=climate/type=observational/source=chirps-chirts-era5/region=africa/processing=climatology/variable=PTOT/period=annual/clim=wmo_1991-2020/stat=max/SPEI-12_JAS_1991-2020_max.tif
delete: s3://digital-atlas/domain=climate/type=observational/source=chirps-chirts-era5/region=africa/processing=climatology/variable=PTOT/period=annual/clim=wmo_1991-2020/stat=max/SPEI-12_JAS_1991-2020_mean.tif
delete: s3://digital-atlas/domain=climate/type=observational/source=chirps-chirts-era5/region=africa/processing=climatology/variable=PTOT/period=annual/clim=wmo_1991-2020/stat=max/SPEI-12_FMA_full_min.tif
delete: s3://digital-atlas/domain=climate/type=observational/source=chirps-chirts-era5/region=africa/processing=climatology/variable=PTOT/period=annual/clim=wmo_1991-2020/stat=max/SPEI-12_FMA_full_sd.tif
delete: s3://digital-atlas/domain=climate/type=observational/source=chirps-chirts-era5/region=africa/processing=climatology/variable=PTOT/period=annual/clim=wmo_1991-2020/stat=max/SPEI-12_JAS_1991-2020_min.tif
delete: s3://digital-atlas/domain=climate/type=observational/source=chirps-chirts-era5/region=africa/processing=climatology/variable=PTOT/period=annual/clim=wmo_1991-2020/stat=max/SPEI-12_JAS_1991-2020_sd.tif
delete: s3://digital-atlas/domain=climate/type=observational/source=chirps-chirts-era5/region=africa/processing=climatology/variable=PTOT/period=annual/clim=wmo_1991-2020/stat=max/SPEI-12_JAS_1995-2014_max.tif
delete: s3://digital-atlas/domain=climate/type=observational/source=chirps-chirts-era5/region=africa/processing=climatology/variable=PTOT/period=annual/clim=wmo_1991-2020/stat=max/SPEI-12_JAS_1995-2014_mean.tif
delete: s3://digital-atlas/domain=climate/type=observational/source=chirps-chirts-era5/region=africa/processing=climatology/variable=PTOT/period=annual/clim=wmo_1991-2020/stat=max/SPEI-12_JAS_1995-2014_min.tif
delete: s3://digital-atlas/domain=climate/type=observational/source=chirps-chirts-era5/region=africa/processing=climatology/variable=PTOT/period=annual/clim=wmo_1991-2020/stat=max/SPEI-12_JAS_1995-2014_sd.tif
delete: s3://digital-atlas/domain=climate/type=observational/source=chirps-chirts-era5/region=africa/processing=climatology/variable=PTOT/period=annual/clim=wmo_1991-2020/stat=max/SPEI-12_JAS_full_max.tif
delete: s3://digital-atlas/domain=climate/type=observational/source=chirps-chirts-era5/region=africa/processing=climatology/variable=PTOT/period=annual/clim=wmo_1991-2020/stat=max/SPEI-12_JAS_full_mean.tif
delete: s3://digital-atlas/domain=climate/type=observational/source=chirps-chirts-era5/region=africa/processing=climatology/variable=PTOT/period=annual/clim=wmo_1991-2020/stat=max/SPEI-12_JAS_full_min.tif
delete: s3://digital-atlas/domain=climate/type=observational/source=chirps-chirts-era5/region=africa/processing=climatology/variable=PTOT/period=annual/clim=wmo_1991-2020/stat=max/SPEI-12_JAS_full_sd.tif
delete: s3://digital-atlas/domain=climate/type=observational/source=chirps-chirts-era5/region=africa/processing=climatology/variable=PTOT/period=annual/clim=wmo_1991-2020/stat=max/SPEI-12_JFM_1991-2020_max.tif
delete: s3://digital-atlas/domain=climate/type=observational/source=chirps-chirts-era5/region=africa/processing=climatology/variable=PTOT/period=annual/clim=wmo_1991-2020/stat=max/SPEI-12_JFM_1991-2020_mean.tif
delete: s3://digital-atlas/domain=climate/type=observational/source=chirps-chirts-era5/region=africa/processing=climatology/variable=PTOT/period=annual/clim=wmo_1991-2020/stat=max/SPEI-12_JFM_1991-2020_min.tif
delete: s3://digital-atlas/domain=climate/type=observational/source=chirps-chirts-era5/region=africa/processing=climatology/variable=PTOT/period=annual/clim=wmo_1991-2020/stat=max/SPEI-12_JFM_1991-2020_sd.tif
delete: s3://digital-atlas/domain=climate/type=observational/source=chirps-chirts-era5/region=africa/processing=climatology/variable=PTOT/period=annual/clim=wmo_1991-2020/stat=max/SPEI-12_JFM_1995-2014_max.tif
delete: s3://digital-atlas/domain=climate/type=observational/source=chirps-chirts-era5/region=africa/processing=climatology/variable=PTOT/period=annual/clim=wmo_1991-2020/stat=max/SPEI-12_JFM_1995-2014_mean.tif
delete: s3://digital-atlas/domain=climate/type=observational/source=chirps-chirts-era5/region=africa/processing=climatology/variable=PTOT/period=annual/clim=wmo_1991-2020/stat=max/SPEI-12_JFM_1995-2014_min.tif
delete: s3://digital-atlas/domain=climate/type=observational/source=chirps-chirts-era5/region=africa/processing=climatology/variable=PTOT/period=annual/clim=wmo_1991-2020/stat=max/SPEI-12_JFM_1995-2014_sd.tif
delete: s3://digital-atlas/domain=climate/type=observational/source=chirps-chirts-era5/region=africa/processing=climatology/variable=PTOT/period=annual/clim=wmo_1991-2020/stat=max/SPEI-12_JFM_full_max.tif
delete: s3://digital-atlas/domain=climate/type=observational/source=chirps-chirts-era5/region=africa/processing=climatology/variable=PTOT/period=annual/clim=wmo_1991-2020/stat=max/SPEI-12_JFM_full_min.tif
delete: s3://digital-atlas/domain=climate/type=observational/source=chirps-chirts-era5/region=africa/processing=climatology/variable=PTOT/period=annual/clim=wmo_1991-2020/stat=max/SPEI-12_JFM_full_mean.tif
delete: s3://digital-atlas/domain=climate/type=observational/source=chirps-chirts-era5/region=africa/processing=climatology/variable=PTOT/period=annual/clim=wmo_1991-2020/stat=max/SPEI-12_JFM_full_sd.tif
delete: s3://digital-atlas/domain=climate/type=observational/source=chirps-chirts-era5/region=africa/processing=climatology/variable=PTOT/period=annual/clim=wmo_1991-2020/stat=max/SPEI-12_JJA_1991-2020_max.tif
delete: s3://digital-atlas/domain=climate/type=observational/source=chirps-chirts-era5/region=africa/processing=climatology/variable=PTOT/period=annual/clim=wmo_1991-2020/stat=max/SPEI-12_JJA_1991-2020_mean.tif
delete: s3://digital-atlas/domain=climate/type=observational/source=chirps-chirts-era5/region=africa/processing=climatology/variable=PTOT/period=annual/clim=wmo_1991-2020/stat=max/SPEI-12_JJA_1991-2020_min.tif
delete: s3://digital-atlas/domain=climate/type=observational/source=chirps-chirts-era5/region=africa/processing=climatology/variable=PTOT/period=annual/clim=wmo_1991-2020/stat=max/SPEI-12_JJA_1995-2014_max.tif
delete: s3://digital-atlas/domain=climate/type=observational/source=chirps-chirts-era5/region=africa/processing=climatology/variable=PTOT/period=annual/clim=wmo_1991-2020/stat=max/SPEI-12_JJA_1991-2020_sd.tif
delete: s3://digital-atlas/domain=climate/type=observational/source=chirps-chirts-era5/region=africa/processing=climatology/variable=PTOT/period=annual/clim=wmo_1991-2020/stat=max/SPEI-12_JJA_1995-2014_mean.tif
delete: s3://digital-atlas/domain=climate/type=observational/source=chirps-chirts-era5/region=africa/processing=climatology/variable=PTOT/period=annual/clim=wmo_1991-2020/stat=max/SPEI-12_JJA_1995-2014_min.tif
delete: s3://digital-atlas/domain=climate/type=observational/source=chirps-chirts-era5/region=africa/processing=climatology/variable=PTOT/period=annual/clim=wmo_1991-2020/stat=max/SPEI-12_JJA_1995-2014_sd.tif
delete: s3://digital-atlas/domain=climate/type=observational/source=chirps-chirts-era5/region=africa/processing=climatology/variable=PTOT/period=annual/clim=wmo_1991-2020/stat=max/SPEI-12_JJA_full_max.tif
delete: s3://digital-atlas/domain=climate/type=observational/source=chirps-chirts-era5/region=africa/processing=climatology/variable=PTOT/period=annual/clim=wmo_1991-2020/stat=max/SPEI-12_JJA_full_mean.tif
delete: s3://digital-atlas/domain=climate/type=observational/source=chirps-chirts-era5/region=africa/processing=climatology/variable=PTOT/period=annual/clim=wmo_1991-2020/stat=max/SPEI-12_JJA_full_min.tif
delete: s3://digital-atlas/domain=climate/type=observational/source=chirps-chirts-era5/region=africa/processing=climatology/variable=PTOT/period=annual/clim=wmo_1991-2020/stat=max/SPEI-12_JJA_full_sd.tif
delete: s3://digital-atlas/domain=climate/type=observational/source=chirps-chirts-era5/region=africa/processing=climatology/variable=PTOT/period=annual/clim=wmo_1991-2020/stat=max/SPEI-12_MAM_1991-2020_max.tif
delete: s3://digital-atlas/domain=climate/type=observational/source=chirps-chirts-era5/region=africa/processing=climatology/variable=PTOT/period=annual/clim=wmo_1991-2020/stat=max/SPEI-12_MAM_1991-2020_mean.tif
delete: s3://digital-atlas/domain=climate/type=observational/source=chirps-chirts-era5/region=africa/processing=climatology/variable=PTOT/period=annual/clim=wmo_1991-2020/stat=max/SPEI-12_MAM_1991-2020_sd.tif
delete: s3://digital-atlas/domain=climate/type=observational/source=chirps-chirts-era5/region=africa/processing=climatology/variable=PTOT/period=annual/clim=wmo_1991-2020/stat=max/SPEI-12_MAM_1991-2020_min.tif
delete: s3://digital-atlas/domain=climate/type=observational/source=chirps-chirts-era5/region=africa/processing=climatology/variable=PTOT/period=annual/clim=wmo_1991-2020/stat=max/SPEI-12_MAM_1995-2014_max.tif
delete: s3://digital-atlas/domain=climate/type=observational/source=chirps-chirts-era5/region=africa/processing=climatology/variable=PTOT/period=annual/clim=wmo_1991-2020/stat=max/SPEI-12_MAM_1995-2014_mean.tif
delete: s3://digital-atlas/domain=climate/type=observational/source=chirps-chirts-era5/region=africa/processing=climatology/variable=PTOT/period=annual/clim=wmo_1991-2020/stat=max/SPEI-12_MAM_1995-2014_min.tif
delete: s3://digital-atlas/domain=climate/type=observational/source=chirps-chirts-era5/region=africa/processing=climatology/variable=PTOT/period=annual/clim=wmo_1991-2020/stat=max/SPEI-12_MAM_1995-2014_sd.tif
delete: s3://digital-atlas/domain=climate/type=observational/source=chirps-chirts-era5/region=africa/processing=climatology/variable=PTOT/period=annual/clim=wmo_1991-2020/stat=max/SPEI-12_MAM_full_max.tif
delete: s3://digital-atlas/domain=climate/type=observational/source=chirps-chirts-era5/region=africa/processing=climatology/variable=PTOT/period=annual/clim=wmo_1991-2020/stat=max/SPEI-12_MAM_full_mean.tif
delete: s3://digital-atlas/domain=climate/type=observational/source=chirps-chirts-era5/region=africa/processing=climatology/variable=PTOT/period=annual/clim=wmo_1991-2020/stat=max/SPEI-12_MAM_full_min.tif
delete: s3://digital-atlas/domain=climate/type=observational/source=chirps-chirts-era5/region=africa/processing=climatology/variable=PTOT/period=annual/clim=wmo_1991-2020/stat=max/SPEI-12_DJF_full_mean.tif
delete: s3://digital-atlas/domain=climate/type=observational/source=chirps-chirts-era5/region=africa/processing=climatology/variable=PTOT/period=annual/clim=wmo_1991-2020/stat=max/SPEI-12_MJJ_1991-2020_mean.tif
delete: s3://digital-atlas/domain=climate/type=observational/source=chirps-chirts-era5/region=africa/processing=climatology/variable=PTOT/period=annual/clim=wmo_1991-2020/stat=max/SPEI-12_MJJ_1991-2020_max.tif
delete: s3://digital-atlas/domain=climate/type=observational/source=chirps-chirts-era5/region=africa/processing=climatology/variable=PTOT/period=annual/clim=wmo_1991-2020/stat=max/SPEI-12_MJJ_1991-2020_min.tif
delete: s3://digital-atlas/domain=climate/type=observational/source=chirps-chirts-era5/region=africa/processing=climatology/variable=PTOT/period=annual/clim=wmo_1991-2020/stat=max/SPEI-12_MJJ_1991-2020_sd.tif
delete: s3://digital-atlas/domain=climate/type=observational/source=chirps-chirts-era5/region=africa/processing=climatology/variable=PTOT/period=annual/clim=wmo_1991-2020/stat=max/SPEI-12_MJJ_1995-2014_max.tif
delete: s3://digital-atlas/domain=climate/type=observational/source=chirps-chirts-era5/region=africa/processing=climatology/variable=PTOT/period=annual/clim=wmo_1991-2020/stat=max/SPEI-12_MJJ_1995-2014_min.tif
delete: s3://digital-atlas/domain=climate/type=observational/source=chirps-chirts-era5/region=africa/processing=climatology/variable=PTOT/period=annual/clim=wmo_1991-2020/stat=max/SPEI-12_MJJ_1995-2014_mean.tif
delete: s3://digital-atlas/domain=climate/type=observational/source=chirps-chirts-era5/region=africa/processing=climatology/variable=PTOT/period=annual/clim=wmo_1991-2020/stat=max/SPEI-12_MJJ_1995-2014_sd.tif
delete: s3://digital-atlas/domain=climate/type=observational/source=chirps-chirts-era5/region=africa/processing=climatology/variable=PTOT/period=annual/clim=wmo_1991-2020/stat=max/SPEI-12_MJJ_full_max.tif
delete: s3://digital-atlas/domain=climate/type=observational/source=chirps-chirts-era5/region=africa/processing=climatology/variable=PTOT/period=annual/clim=wmo_1991-2020/stat=max/SPEI-12_MJJ_full_mean.tif
delete: s3://digital-atlas/domain=climate/type=observational/source=chirps-chirts-era5/region=africa/processing=climatology/variable=PTOT/period=annual/clim=wmo_1991-2020/stat=max/SPEI-12_MJJ_full_min.tif
delete: s3://digital-atlas/domain=climate/type=observational/source=chirps-chirts-era5/region=africa/processing=climatology/variable=PTOT/period=annual/clim=wmo_1991-2020/stat=max/SPEI-12_MJJ_full_sd.tif
delete: s3://digital-atlas/domain=climate/type=observational/source=chirps-chirts-era5/region=africa/processing=climatology/variable=PTOT/period=annual/clim=wmo_1991-2020/stat=max/SPEI-12_NDJ_1991-2020_max.tif
delete: s3://digital-atlas/domain=climate/type=observational/source=chirps-chirts-era5/region=africa/processing=climatology/variable=PTOT/period=annual/clim=wmo_1991-2020/stat=max/SPEI-12_NDJ_1991-2020_mean.tif
delete: s3://digital-atlas/domain=climate/type=observational/source=chirps-chirts-era5/region=africa/processing=climatology/variable=PTOT/period=annual/clim=wmo_1991-2020/stat=max/SPEI-12_NDJ_1991-2020_min.tif
delete: s3://digital-atlas/domain=climate/type=observational/source=chirps-chirts-era5/region=africa/processing=climatology/variable=PTOT/period=annual/clim=wmo_1991-2020/stat=max/SPEI-12_NDJ_1991-2020_sd.tif
delete: s3://digital-atlas/domain=climate/type=observational/source=chirps-chirts-era5/region=africa/processing=climatology/variable=PTOT/period=annual/clim=wmo_1991-2020/stat=max/SPEI-12_NDJ_1995-2014_max.tif
delete: s3://digital-atlas/domain=climate/type=observational/source=chirps-chirts-era5/region=africa/processing=climatology/variable=PTOT/period=annual/clim=wmo_1991-2020/stat=max/SPEI-12_NDJ_1995-2014_mean.tif
delete: s3://digital-atlas/domain=climate/type=observational/source=chirps-chirts-era5/region=africa/processing=climatology/variable=PTOT/period=annual/clim=wmo_1991-2020/stat=max/SPEI-12_NDJ_1995-2014_min.tif
delete: s3://digital-atlas/domain=climate/type=observational/source=chirps-chirts-era5/region=africa/processing=climatology/variable=PTOT/period=annual/clim=wmo_1991-2020/stat=max/SPEI-12_NDJ_1995-2014_sd.tif
delete: s3://digital-atlas/domain=climate/type=observational/source=chirps-chirts-era5/region=africa/processing=climatology/variable=PTOT/period=annual/clim=wmo_1991-2020/stat=max/SPEI-12_NDJ_full_max.tif
delete: s3://digital-atlas/domain=climate/type=observational/source=chirps-chirts-era5/region=africa/processing=climatology/variable=PTOT/period=annual/clim=wmo_1991-2020/stat=max/SPEI-12_NDJ_full_mean.tif
delete: s3://digital-atlas/domain=climate/type=observational/source=chirps-chirts-era5/region=africa/processing=climatology/variable=PTOT/period=annual/clim=wmo_1991-2020/stat=max/SPEI-12_NDJ_full_sd.tif
delete: s3://digital-atlas/domain=climate/type=observational/source=chirps-chirts-era5/region=africa/processing=climatology/variable=PTOT/period=annual/clim=wmo_1991-2020/stat=max/SPEI-12_NDJ_full_min.tif
delete: s3://digital-atlas/domain=climate/type=observational/source=chirps-chirts-era5/region=africa/processing=climatology/variable=PTOT/period=annual/clim=wmo_1991-2020/stat=max/SPEI-12_OND_1991-2020_max.tif
delete: s3://digital-atlas/domain=climate/type=observational/source=chirps-chirts-era5/region=africa/processing=climatology/variable=PTOT/period=annual/clim=wmo_1991-2020/stat=max/SPEI-12_OND_1991-2020_mean.tif
delete: s3://digital-atlas/domain=climate/type=observational/source=chirps-chirts-era5/region=africa/processing=climatology/variable=PTOT/period=annual/clim=wmo_1991-2020/stat=max/SPEI-12_OND_1991-2020_min.tif
delete: s3://digital-atlas/domain=climate/type=observational/source=chirps-chirts-era5/region=africa/processing=climatology/variable=PTOT/period=annual/clim=wmo_1991-2020/stat=max/SPEI-12_OND_1991-2020_sd.tif
delete: s3://digital-atlas/domain=climate/type=observational/source=chirps-chirts-era5/region=africa/processing=climatology/variable=PTOT/period=annual/clim=wmo_1991-2020/stat=max/SPEI-12_OND_1995-2014_max.tif
delete: s3://digital-atlas/domain=climate/type=observational/source=chirps-chirts-era5/region=africa/processing=climatology/variable=PTOT/period=annual/clim=wmo_1991-2020/stat=max/SPEI-12_OND_1995-2014_min.tif
delete: s3://digital-atlas/domain=climate/type=observational/source=chirps-chirts-era5/region=africa/processing=climatology/variable=PTOT/period=annual/clim=wmo_1991-2020/stat=max/SPEI-12_OND_1995-2014_sd.tif
delete: s3://digital-atlas/domain=climate/type=observational/source=chirps-chirts-era5/region=africa/processing=climatology/variable=PTOT/period=annual/clim=wmo_1991-2020/stat=max/SPEI-12_OND_1995-2014_mean.tif
delete: s3://digital-atlas/domain=climate/type=observational/source=chirps-chirts-era5/region=africa/processing=climatology/variable=PTOT/period=annual/clim=wmo_1991-2020/stat=max/SPEI-12_OND_full_max.tif
delete: s3://digital-atlas/domain=climate/type=observational/source=chirps-chirts-era5/region=africa/processing=climatology/variable=PTOT/period=annual/clim=wmo_1991-2020/stat=max/SPEI-12_OND_full_mean.tif
delete: s3://digital-atlas/domain=climate/type=observational/source=chirps-chirts-era5/region=africa/processing=climatology/variable=PTOT/period=annual/clim=wmo_1991-2020/stat=max/SPEI-12_OND_full_sd.tif
delete: s3://digital-atlas/domain=climate/type=observational/source=chirps-chirts-era5/region=africa/processing=climatology/variable=PTOT/period=annual/clim=wmo_1991-2020/stat=max/SPEI-12_OND_full_min.tif
delete: s3://digital-atlas/domain=climate/type=observational/source=chirps-chirts-era5/region=africa/processing=climatology/variable=PTOT/period=annual/clim=wmo_1991-2020/stat=max/SPEI-12_SON_1991-2020_max.tif
delete: s3://digital-atlas/domain=climate/type=observational/source=chirps-chirts-era5/region=africa/processing=climatology/variable=PTOT/period=annual/clim=wmo_1991-2020/stat=max/SPEI-12_SON_1991-2020_mean.tif
delete: s3://digital-atlas/domain=climate/type=observational/source=chirps-chirts-era5/region=africa/processing=climatology/variable=PTOT/period=annual/clim=wmo_1991-2020/stat=max/SPEI-12_SON_1991-2020_sd.tif
delete: s3://digital-atlas/domain=climate/type=observational/source=chirps-chirts-era5/region=africa/processing=climatology/variable=PTOT/period=annual/clim=wmo_1991-2020/stat=max/SPEI-12_SON_1991-2020_min.tif
delete: s3://digital-atlas/domain=climate/type=observational/source=chirps-chirts-era5/region=africa/processing=climatology/variable=PTOT/period=annual/clim=wmo_1991-2020/stat=max/SPEI-12_SON_1995-2014_max.tif
delete: s3://digital-atlas/domain=climate/type=observational/source=chirps-chirts-era5/region=africa/processing=climatology/variable=PTOT/period=annual/clim=wmo_1991-2020/stat=max/SPEI-12_SON_1995-2014_min.tif
delete: s3://digital-atlas/domain=climate/type=observational/source=chirps-chirts-era5/region=africa/processing=climatology/variable=PTOT/period=annual/clim=wmo_1991-2020/stat=max/SPEI-12_SON_1995-2014_mean.tif
delete: s3://digital-atlas/domain=climate/type=observational/source=chirps-chirts-era5/region=africa/processing=climatology/variable=PTOT/period=annual/clim=wmo_1991-2020/stat=max/SPEI-12_SON_1995-2014_sd.tif
delete: s3://digital-atlas/domain=climate/type=observational/source=chirps-chirts-era5/region=africa/processing=climatology/variable=PTOT/period=annual/clim=wmo_1991-2020/stat=max/SPEI-12_SON_full_max.tif
delete: s3://digital-atlas/domain=climate/type=observational/source=chirps-chirts-era5/region=africa/processing=climatology/variable=PTOT/period=annual/clim=wmo_1991-2020/stat=max/SPEI-12_SON_full_mean.tif
delete: s3://digital-atlas/domain=climate/type=observational/source=chirps-chirts-era5/region=africa/processing=climatology/variable=PTOT/period=annual/clim=wmo_1991-2020/stat=max/SPEI-12_SON_full_min.tif
delete: s3://digital-atlas/domain=climate/type=observational/source=chirps-chirts-era5/region=africa/processing=climatology/variable=PTOT/period=annual/clim=wmo_1991-2020/stat=max/SPEI-12_SON_full_sd.tif
delete: s3://digital-atlas/domain=climate/type=observational/source=chirps-chirts-era5/region=africa/processing=climatology/variable=PTOT/period=annual/clim=wmo_1991-2020/stat=max/SPEI-12_annual_1991-2020_max.tif
delete: s3://digital-atlas/domain=climate/type=observational/source=chirps-chirts-era5/region=africa/processing=climatology/variable=PTOT/period=annual/clim=wmo_1991-2020/stat=max/SPEI-12_annual_1991-2020_min.tif
delete: s3://digital-atlas/domain=climate/type=observational/source=chirps-chirts-era5/region=africa/processing=climatology/variable=PTOT/period=annual/clim=wmo_1991-2020/stat=max/SPEI-12_annual_1991-2020_mean.tif
delete: s3://digital-atlas/domain=climate/type=observational/source=chirps-chirts-era5/region=africa/processing=climatology/variable=PTOT/period=annual/clim=wmo_1991-2020/stat=max/SPEI-12_annual_1995-2014_mean.tif
delete: s3://digital-atlas/domain=climate/type=observational/source=chirps-chirts-era5/region=africa/processing=climatology/variable=PTOT/period=annual/clim=wmo_1991-2020/stat=max/SPEI-12_annual_1991-2020_sd.tif
delete: s3://digital-atlas/domain=climate/type=observational/source=chirps-chirts-era5/region=africa/processing=climatology/variable=PTOT/period=annual/clim=wmo_1991-2020/stat=max/SPEI-12_annual_1995-2014_max.tif
delete: s3://digital-atlas/domain=climate/type=observational/source=chirps-chirts-era5/region=africa/processing=climatology/variable=PTOT/period=annual/clim=wmo_1991-2020/stat=max/SPEI-12_annual_1995-2014_min.tif
delete: s3://digital-atlas/domain=climate/type=observational/source=chirps-chirts-era5/region=africa/processing=climatology/variable=PTOT/period=annual/clim=wmo_1991-2020/stat=max/SPEI-12_annual_1995-2014_sd.tif
delete: s3://digital-atlas/domain=climate/type=observational/source=chirps-chirts-era5/region=africa/processing=climatology/variable=PTOT/period=annual/clim=wmo_1991-2020/stat=max/SPEI-12_annual_full_max.tif
delete: s3://digital-atlas/domain=climate/type=observational/source=chirps-chirts-era5/region=africa/processing=climatology/variable=PTOT/period=annual/clim=wmo_1991-2020/stat=max/SPEI-12_DJF_1995-2014_sd.tif
delete: s3://digital-atlas/domain=climate/type=observational/source=chirps-chirts-era5/region=africa/processing=climatology/variable=PTOT/period=annual/clim=wmo_1991-2020/stat=max/SPEI-12_annual_full_min.tif
delete: s3://digital-atlas/domain=climate/type=observational/source=chirps-chirts-era5/region=africa/processing=climatology/variable=PTOT/period=annual/clim=wmo_1991-2020/stat=max/SPEI-12_annual_full_sd.tif
delete: s3://digital-atlas/domain=climate/type=observational/source=chirps-chirts-era5/region=africa/processing=climatology/variable=PTOT/period=annual/clim=wmo_1991-2020/stat=max/SPEI-24_AMJ_1991-2020_max.tif
delete: s3://digital-atlas/domain=climate/type=observational/source=chirps-chirts-era5/region=africa/processing=climatology/variable=PTOT/period=annual/clim=wmo_1991-2020/stat=max/SPEI-24_AMJ_1991-2020_min.tif
delete: s3://digital-atlas/domain=climate/type=observational/source=chirps-chirts-era5/region=africa/processing=climatology/variable=PTOT/period=annual/clim=wmo_1991-2020/stat=max/SPEI-24_AMJ_1991-2020_mean.tif
delete: s3://digital-atlas/domain=climate/type=observational/source=chirps-chirts-era5/region=africa/processing=climatology/variable=PTOT/period=annual/clim=wmo_1991-2020/stat=max/SPEI-24_AMJ_1991-2020_sd.tif
delete: s3://digital-atlas/domain=climate/type=observational/source=chirps-chirts-era5/region=africa/processing=climatology/variable=PTOT/period=annual/clim=wmo_1991-2020/stat=max/SPEI-24_AMJ_1995-2014_max.tif
delete: s3://digital-atlas/domain=climate/type=observational/source=chirps-chirts-era5/region=africa/processing=climatology/variable=PTOT/period=annual/clim=wmo_1991-2020/stat=max/SPEI-24_AMJ_1995-2014_mean.tif
delete: s3://digital-atlas/domain=climate/type=observational/source=chirps-chirts-era5/region=africa/processing=climatology/variable=PTOT/period=annual/clim=wmo_1991-2020/stat=max/SPEI-24_AMJ_1995-2014_sd.tif
delete: s3://digital-atlas/domain=climate/type=observational/source=chirps-chirts-era5/region=africa/processing=climatology/variable=PTOT/period=annual/clim=wmo_1991-2020/stat=max/SPEI-24_AMJ_1995-2014_min.tif
delete: s3://digital-atlas/domain=climate/type=observational/source=chirps-chirts-era5/region=africa/processing=climatology/variable=PTOT/period=annual/clim=wmo_1991-2020/stat=max/SPEI-24_AMJ_full_max.tif
delete: s3://digital-atlas/domain=climate/type=observational/source=chirps-chirts-era5/region=africa/processing=climatology/variable=PTOT/period=annual/clim=wmo_1991-2020/stat=max/SPEI-24_AMJ_full_mean.tif
delete: s3://digital-atlas/domain=climate/type=observational/source=chirps-chirts-era5/region=africa/processing=climatology/variable=PTOT/period=annual/clim=wmo_1991-2020/stat=max/SPEI-24_AMJ_full_min.tif
delete: s3://digital-atlas/domain=climate/type=observational/source=chirps-chirts-era5/region=africa/processing=climatology/variable=PTOT/period=annual/clim=wmo_1991-2020/stat=max/SPEI-24_AMJ_full_sd.tif
delete: s3://digital-atlas/domain=climate/type=observational/source=chirps-chirts-era5/region=africa/processing=climatology/variable=PTOT/period=annual/clim=wmo_1991-2020/stat=max/SPEI-24_ASO_1991-2020_max.tif
delete: s3://digital-atlas/domain=climate/type=observational/source=chirps-chirts-era5/region=africa/processing=climatology/variable=PTOT/period=annual/clim=wmo_1991-2020/stat=max/SPEI-24_ASO_1991-2020_mean.tif
delete: s3://digital-atlas/domain=climate/type=observational/source=chirps-chirts-era5/region=africa/processing=climatology/variable=PTOT/period=annual/clim=wmo_1991-2020/stat=max/SPEI-24_ASO_1991-2020_min.tif
delete: s3://digital-atlas/domain=climate/type=observational/source=chirps-chirts-era5/region=africa/processing=climatology/variable=PTOT/period=annual/clim=wmo_1991-2020/stat=max/SPEI-24_ASO_1991-2020_sd.tif
delete: s3://digital-atlas/domain=climate/type=observational/source=chirps-chirts-era5/region=africa/processing=climatology/variable=PTOT/period=annual/clim=wmo_1991-2020/stat=max/SPEI-24_ASO_1995-2014_max.tif
delete: s3://digital-atlas/domain=climate/type=observational/source=chirps-chirts-era5/region=africa/processing=climatology/variable=PTOT/period=annual/clim=wmo_1991-2020/stat=max/SPEI-24_ASO_1995-2014_mean.tif
delete: s3://digital-atlas/domain=climate/type=observational/source=chirps-chirts-era5/region=africa/processing=climatology/variable=PTOT/period=annual/clim=wmo_1991-2020/stat=max/SPEI-24_ASO_1995-2014_min.tif
delete: s3://digital-atlas/domain=climate/type=observational/source=chirps-chirts-era5/region=africa/processing=climatology/variable=PTOT/period=annual/clim=wmo_1991-2020/stat=max/SPEI-24_ASO_1995-2014_sd.tif
delete: s3://digital-atlas/domain=climate/type=observational/source=chirps-chirts-era5/region=africa/processing=climatology/variable=PTOT/period=annual/clim=wmo_1991-2020/stat=max/SPEI-24_ASO_full_max.tif
delete: s3://digital-atlas/domain=climate/type=observational/source=chirps-chirts-era5/region=africa/processing=climatology/variable=PTOT/period=annual/clim=wmo_1991-2020/stat=max/SPEI-24_ASO_full_mean.tif
delete: s3://digital-atlas/domain=climate/type=observational/source=chirps-chirts-era5/region=africa/processing=climatology/variable=PTOT/period=annual/clim=wmo_1991-2020/stat=max/SPEI-24_ASO_full_sd.tif
delete: s3://digital-atlas/domain=climate/type=observational/source=chirps-chirts-era5/region=africa/processing=climatology/variable=PTOT/period=annual/clim=wmo_1991-2020/stat=max/SPEI-24_DJF_1991-2020_max.tif
delete: s3://digital-atlas/domain=climate/type=observational/source=chirps-chirts-era5/region=africa/processing=climatology/variable=PTOT/period=annual/clim=wmo_1991-2020/stat=max/SPEI-24_ASO_full_min.tif
delete: s3://digital-atlas/domain=climate/type=observational/source=chirps-chirts-era5/region=africa/processing=climatology/variable=PTOT/period=annual/clim=wmo_1991-2020/stat=max/SPEI-24_DJF_1991-2020_min.tif
delete: s3://digital-atlas/domain=climate/type=observational/source=chirps-chirts-era5/region=africa/processing=climatology/variable=PTOT/period=annual/clim=wmo_1991-2020/stat=max/SPEI-24_DJF_1991-2020_mean.tif
delete: s3://digital-atlas/domain=climate/type=observational/source=chirps-chirts-era5/region=africa/processing=climatology/variable=PTOT/period=annual/clim=wmo_1991-2020/stat=max/SPEI-24_DJF_1991-2020_sd.tif
delete: s3://digital-atlas/domain=climate/type=observational/source=chirps-chirts-era5/region=africa/processing=climatology/variable=PTOT/period=annual/clim=wmo_1991-2020/stat=max/SPEI-24_DJF_1995-2014_max.tif
delete: s3://digital-atlas/domain=climate/type=observational/source=chirps-chirts-era5/region=africa/processing=climatology/variable=PTOT/period=annual/clim=wmo_1991-2020/stat=max/SPEI-24_DJF_1995-2014_mean.tif
delete: s3://digital-atlas/domain=climate/type=observational/source=chirps-chirts-era5/region=africa/processing=climatology/variable=PTOT/period=annual/clim=wmo_1991-2020/stat=max/SPEI-24_DJF_1995-2014_min.tif
delete: s3://digital-atlas/domain=climate/type=observational/source=chirps-chirts-era5/region=africa/processing=climatology/variable=PTOT/period=annual/clim=wmo_1991-2020/stat=max/SPEI-24_DJF_1995-2014_sd.tif
delete: s3://digital-atlas/domain=climate/type=observational/source=chirps-chirts-era5/region=africa/processing=climatology/variable=PTOT/period=annual/clim=wmo_1991-2020/stat=max/SPEI-24_DJF_full_max.tif
delete: s3://digital-atlas/domain=climate/type=observational/source=chirps-chirts-era5/region=africa/processing=climatology/variable=PTOT/period=annual/clim=wmo_1991-2020/stat=max/SPEI-24_DJF_full_mean.tif
delete: s3://digital-atlas/domain=climate/type=observational/source=chirps-chirts-era5/region=africa/processing=climatology/variable=PTOT/period=annual/clim=wmo_1991-2020/stat=max/SPEI-24_DJF_full_min.tif
delete: s3://digital-atlas/domain=climate/type=observational/source=chirps-chirts-era5/region=africa/processing=climatology/variable=PTOT/period=annual/clim=wmo_1991-2020/stat=max/SPEI-24_DJF_full_sd.tif
delete: s3://digital-atlas/domain=climate/type=observational/source=chirps-chirts-era5/region=africa/processing=climatology/variable=PTOT/period=annual/clim=wmo_1991-2020/stat=max/SPEI-24_FMA_1991-2020_max.tif
delete: s3://digital-atlas/domain=climate/type=observational/source=chirps-chirts-era5/region=africa/processing=climatology/variable=PTOT/period=annual/clim=wmo_1991-2020/stat=max/SPEI-24_FMA_1991-2020_mean.tif
delete: s3://digital-atlas/domain=climate/type=observational/source=chirps-chirts-era5/region=africa/processing=climatology/variable=PTOT/period=annual/clim=wmo_1991-2020/stat=max/SPEI-24_FMA_1991-2020_min.tif
delete: s3://digital-atlas/domain=climate/type=observational/source=chirps-chirts-era5/region=africa/processing=climatology/variable=PTOT/period=annual/clim=wmo_1991-2020/stat=max/SPEI-24_FMA_1991-2020_sd.tif
delete: s3://digital-atlas/domain=climate/type=observational/source=chirps-chirts-era5/region=africa/processing=climatology/variable=PTOT/period=annual/clim=wmo_1991-2020/stat=max/SPEI-24_FMA_1995-2014_max.tif
delete: s3://digital-atlas/domain=climate/type=observational/source=chirps-chirts-era5/region=africa/processing=climatology/variable=PTOT/period=annual/clim=wmo_1991-2020/stat=max/SPEI-24_FMA_1995-2014_mean.tif
delete: s3://digital-atlas/domain=climate/type=observational/source=chirps-chirts-era5/region=africa/processing=climatology/variable=PTOT/period=annual/clim=wmo_1991-2020/stat=max/SPEI-24_FMA_1995-2014_min.tif
delete: s3://digital-atlas/domain=climate/type=observational/source=chirps-chirts-era5/region=africa/processing=climatology/variable=PTOT/period=annual/clim=wmo_1991-2020/stat=max/SPEI-24_FMA_1995-2014_sd.tif
delete: s3://digital-atlas/domain=climate/type=observational/source=chirps-chirts-era5/region=africa/processing=climatology/variable=PTOT/period=annual/clim=wmo_1991-2020/stat=max/SPEI-24_FMA_full_max.tif
delete: s3://digital-atlas/domain=climate/type=observational/source=chirps-chirts-era5/region=africa/processing=climatology/variable=PTOT/period=annual/clim=wmo_1991-2020/stat=max/SPEI-24_FMA_full_mean.tif
delete: s3://digital-atlas/domain=climate/type=observational/source=chirps-chirts-era5/region=africa/processing=climatology/variable=PTOT/period=annual/clim=wmo_1991-2020/stat=max/SPEI-24_FMA_full_min.tif
delete: s3://digital-atlas/domain=climate/type=observational/source=chirps-chirts-era5/region=africa/processing=climatology/variable=PTOT/period=annual/clim=wmo_1991-2020/stat=max/SPEI-24_FMA_full_sd.tif
delete: s3://digital-atlas/domain=climate/type=observational/source=chirps-chirts-era5/region=africa/processing=climatology/variable=PTOT/period=annual/clim=wmo_1991-2020/stat=max/SPEI-24_JAS_1991-2020_mean.tif
delete: s3://digital-atlas/domain=climate/type=observational/source=chirps-chirts-era5/region=africa/processing=climatology/variable=PTOT/period=annual/clim=wmo_1991-2020/stat=max/SPEI-24_JAS_1991-2020_max.tif
delete: s3://digital-atlas/domain=climate/type=observational/source=chirps-chirts-era5/region=africa/processing=climatology/variable=PTOT/period=annual/clim=wmo_1991-2020/stat=max/SPEI-24_JAS_1991-2020_min.tif
delete: s3://digital-atlas/domain=climate/type=observational/source=chirps-chirts-era5/region=africa/processing=climatology/variable=PTOT/period=annual/clim=wmo_1991-2020/stat=max/SPEI-24_JAS_1991-2020_sd.tif
delete: s3://digital-atlas/domain=climate/type=observational/source=chirps-chirts-era5/region=africa/processing=climatology/variable=PTOT/period=annual/clim=wmo_1991-2020/stat=max/SPEI-24_JAS_1995-2014_max.tif
delete: s3://digital-atlas/domain=climate/type=observational/source=chirps-chirts-era5/region=africa/processing=climatology/variable=PTOT/period=annual/clim=wmo_1991-2020/stat=max/SPEI-24_JAS_1995-2014_mean.tif
delete: s3://digital-atlas/domain=climate/type=observational/source=chirps-chirts-era5/region=africa/processing=climatology/variable=PTOT/period=annual/clim=wmo_1991-2020/stat=max/SPEI-24_JAS_1995-2014_min.tif
delete: s3://digital-atlas/domain=climate/type=observational/source=chirps-chirts-era5/region=africa/processing=climatology/variable=PTOT/period=annual/clim=wmo_1991-2020/stat=max/SPEI-24_JAS_1995-2014_sd.tif
delete: s3://digital-atlas/domain=climate/type=observational/source=chirps-chirts-era5/region=africa/processing=climatology/variable=PTOT/period=annual/clim=wmo_1991-2020/stat=max/SPEI-24_JAS_full_max.tif
delete: s3://digital-atlas/domain=climate/type=observational/source=chirps-chirts-era5/region=africa/processing=climatology/variable=PTOT/period=annual/clim=wmo_1991-2020/stat=max/SPEI-24_JAS_full_mean.tif
delete: s3://digital-atlas/domain=climate/type=observational/source=chirps-chirts-era5/region=africa/processing=climatology/variable=PTOT/period=annual/clim=wmo_1991-2020/stat=max/SPEI-24_JAS_full_min.tif
delete: s3://digital-atlas/domain=climate/type=observational/source=chirps-chirts-era5/region=africa/processing=climatology/variable=PTOT/period=annual/clim=wmo_1991-2020/stat=max/SPEI-24_JAS_full_sd.tif
delete: s3://digital-atlas/domain=climate/type=observational/source=chirps-chirts-era5/region=africa/processing=climatology/variable=PTOT/period=annual/clim=wmo_1991-2020/stat=max/SPEI-24_JFM_1991-2020_mean.tif
delete: s3://digital-atlas/domain=climate/type=observational/source=chirps-chirts-era5/region=africa/processing=climatology/variable=PTOT/period=annual/clim=wmo_1991-2020/stat=max/SPEI-24_JFM_1991-2020_min.tif
delete: s3://digital-atlas/domain=climate/type=observational/source=chirps-chirts-era5/region=africa/processing=climatology/variable=PTOT/period=annual/clim=wmo_1991-2020/stat=max/SPEI-24_JFM_1991-2020_sd.tif
delete: s3://digital-atlas/domain=climate/type=observational/source=chirps-chirts-era5/region=africa/processing=climatology/variable=PTOT/period=annual/clim=wmo_1991-2020/stat=max/SPEI-24_JFM_1991-2020_max.tif
delete: s3://digital-atlas/domain=climate/type=observational/source=chirps-chirts-era5/region=africa/processing=climatology/variable=PTOT/period=annual/clim=wmo_1991-2020/stat=max/SPEI-24_JFM_1995-2014_max.tif
delete: s3://digital-atlas/domain=climate/type=observational/source=chirps-chirts-era5/region=africa/processing=climatology/variable=PTOT/period=annual/clim=wmo_1991-2020/stat=max/SPEI-24_JFM_1995-2014_mean.tif
delete: s3://digital-atlas/domain=climate/type=observational/source=chirps-chirts-era5/region=africa/processing=climatology/variable=PTOT/period=annual/clim=wmo_1991-2020/stat=max/SPEI-24_JFM_1995-2014_min.tif
delete: s3://digital-atlas/domain=climate/type=observational/source=chirps-chirts-era5/region=africa/processing=climatology/variable=PTOT/period=annual/clim=wmo_1991-2020/stat=max/SPEI-24_JFM_1995-2014_sd.tif
delete: s3://digital-atlas/domain=climate/type=observational/source=chirps-chirts-era5/region=africa/processing=climatology/variable=PTOT/period=annual/clim=wmo_1991-2020/stat=max/SPEI-24_JFM_full_max.tif
delete: s3://digital-atlas/domain=climate/type=observational/source=chirps-chirts-era5/region=africa/processing=climatology/variable=PTOT/period=annual/clim=wmo_1991-2020/stat=max/SPEI-24_JFM_full_mean.tif
delete: s3://digital-atlas/domain=climate/type=observational/source=chirps-chirts-era5/region=africa/processing=climatology/variable=PTOT/period=annual/clim=wmo_1991-2020/stat=max/SPEI-24_JFM_full_min.tif
delete: s3://digital-atlas/domain=climate/type=observational/source=chirps-chirts-era5/region=africa/processing=climatology/variable=PTOT/period=annual/clim=wmo_1991-2020/stat=max/SPEI-24_JFM_full_sd.tif
delete: s3://digital-atlas/domain=climate/type=observational/source=chirps-chirts-era5/region=africa/processing=climatology/variable=PTOT/period=annual/clim=wmo_1991-2020/stat=max/SPEI-24_JJA_1991-2020_max.tif
delete: s3://digital-atlas/domain=climate/type=observational/source=chirps-chirts-era5/region=africa/processing=climatology/variable=PTOT/period=annual/clim=wmo_1991-2020/stat=max/SPEI-24_JJA_1991-2020_mean.tif
delete: s3://digital-atlas/domain=climate/type=observational/source=chirps-chirts-era5/region=africa/processing=climatology/variable=PTOT/period=annual/clim=wmo_1991-2020/stat=max/SPEI-24_JJA_1991-2020_sd.tif
delete: s3://digital-atlas/domain=climate/type=observational/source=chirps-chirts-era5/region=africa/processing=climatology/variable=PTOT/period=annual/clim=wmo_1991-2020/stat=max/SPEI-24_JJA_1991-2020_min.tif
delete: s3://digital-atlas/domain=climate/type=observational/source=chirps-chirts-era5/region=africa/processing=climatology/variable=PTOT/period=annual/clim=wmo_1991-2020/stat=max/SPEI-24_JJA_1995-2014_max.tif
delete: s3://digital-atlas/domain=climate/type=observational/source=chirps-chirts-era5/region=africa/processing=climatology/variable=PTOT/period=annual/clim=wmo_1991-2020/stat=max/SPEI-24_JJA_1995-2014_mean.tif
delete: s3://digital-atlas/domain=climate/type=observational/source=chirps-chirts-era5/region=africa/processing=climatology/variable=PTOT/period=annual/clim=wmo_1991-2020/stat=max/SPEI-24_JJA_1995-2014_min.tif
delete: s3://digital-atlas/domain=climate/type=observational/source=chirps-chirts-era5/region=africa/processing=climatology/variable=PTOT/period=annual/clim=wmo_1991-2020/stat=max/SPEI-24_JJA_1995-2014_sd.tif
delete: s3://digital-atlas/domain=climate/type=observational/source=chirps-chirts-era5/region=africa/processing=climatology/variable=PTOT/period=annual/clim=wmo_1991-2020/stat=max/SPEI-24_JJA_full_max.tif
delete: s3://digital-atlas/domain=climate/type=observational/source=chirps-chirts-era5/region=africa/processing=climatology/variable=PTOT/period=annual/clim=wmo_1991-2020/stat=max/SPEI-24_JJA_full_mean.tif
delete: s3://digital-atlas/domain=climate/type=observational/source=chirps-chirts-era5/region=africa/processing=climatology/variable=PTOT/period=annual/clim=wmo_1991-2020/stat=max/SPEI-24_JJA_full_sd.tif
delete: s3://digital-atlas/domain=climate/type=observational/source=chirps-chirts-era5/region=africa/processing=climatology/variable=PTOT/period=annual/clim=wmo_1991-2020/stat=max/SPEI-24_JJA_full_min.tif
delete: s3://digital-atlas/domain=climate/type=observational/source=chirps-chirts-era5/region=africa/processing=climatology/variable=PTOT/period=annual/clim=wmo_1991-2020/stat=max/SPEI-24_MAM_1991-2020_max.tif
delete: s3://digital-atlas/domain=climate/type=observational/source=chirps-chirts-era5/region=africa/processing=climatology/variable=PTOT/period=annual/clim=wmo_1991-2020/stat=max/SPEI-24_MAM_1991-2020_mean.tif
delete: s3://digital-atlas/domain=climate/type=observational/source=chirps-chirts-era5/region=africa/processing=climatology/variable=PTOT/period=annual/clim=wmo_1991-2020/stat=max/SPEI-24_MAM_1991-2020_min.tif
delete: s3://digital-atlas/domain=climate/type=observational/source=chirps-chirts-era5/region=africa/processing=climatology/variable=PTOT/period=annual/clim=wmo_1991-2020/stat=max/SPEI-24_MAM_1995-2014_max.tif
delete: s3://digital-atlas/domain=climate/type=observational/source=chirps-chirts-era5/region=africa/processing=climatology/variable=PTOT/period=annual/clim=wmo_1991-2020/stat=max/SPEI-24_MAM_1995-2014_mean.tif
delete: s3://digital-atlas/domain=climate/type=observational/source=chirps-chirts-era5/region=africa/processing=climatology/variable=PTOT/period=annual/clim=wmo_1991-2020/stat=max/SPEI-24_MAM_1991-2020_sd.tif
delete: s3://digital-atlas/domain=climate/type=observational/source=chirps-chirts-era5/region=africa/processing=climatology/variable=PTOT/period=annual/clim=wmo_1991-2020/stat=max/SPEI-24_MAM_1995-2014_min.tif
delete: s3://digital-atlas/domain=climate/type=observational/source=chirps-chirts-era5/region=africa/processing=climatology/variable=PTOT/period=annual/clim=wmo_1991-2020/stat=max/SPEI-24_MAM_1995-2014_sd.tif
delete: s3://digital-atlas/domain=climate/type=observational/source=chirps-chirts-era5/region=africa/processing=climatology/variable=PTOT/period=annual/clim=wmo_1991-2020/stat=max/SPEI-24_MAM_full_max.tif
delete: s3://digital-atlas/domain=climate/type=observational/source=chirps-chirts-era5/region=africa/processing=climatology/variable=PTOT/period=annual/clim=wmo_1991-2020/stat=max/SPEI-24_MAM_full_mean.tif
delete: s3://digital-atlas/domain=climate/type=observational/source=chirps-chirts-era5/region=africa/processing=climatology/variable=PTOT/period=annual/clim=wmo_1991-2020/stat=max/SPEI-24_MAM_full_min.tif
delete: s3://digital-atlas/domain=climate/type=observational/source=chirps-chirts-era5/region=africa/processing=climatology/variable=PTOT/period=annual/clim=wmo_1991-2020/stat=max/SPEI-24_MAM_full_sd.tif
delete: s3://digital-atlas/domain=climate/type=observational/source=chirps-chirts-era5/region=africa/processing=climatology/variable=PTOT/period=annual/clim=wmo_1991-2020/stat=max/SPEI-24_MJJ_1991-2020_max.tif
delete: s3://digital-atlas/domain=climate/type=observational/source=chirps-chirts-era5/region=africa/processing=climatology/variable=PTOT/period=annual/clim=wmo_1991-2020/stat=max/SPEI-24_MJJ_1991-2020_mean.tif
delete: s3://digital-atlas/domain=climate/type=observational/source=chirps-chirts-era5/region=africa/processing=climatology/variable=PTOT/period=annual/clim=wmo_1991-2020/stat=max/SPEI-24_MJJ_1991-2020_min.tif
delete: s3://digital-atlas/domain=climate/type=observational/source=chirps-chirts-era5/region=africa/processing=climatology/variable=PTOT/period=annual/clim=wmo_1991-2020/stat=max/SPEI-24_MJJ_1991-2020_sd.tif
delete: s3://digital-atlas/domain=climate/type=observational/source=chirps-chirts-era5/region=africa/processing=climatology/variable=PTOT/period=annual/clim=wmo_1991-2020/stat=max/SPEI-24_MJJ_1995-2014_max.tif
delete: s3://digital-atlas/domain=climate/type=observational/source=chirps-chirts-era5/region=africa/processing=climatology/variable=PTOT/period=annual/clim=wmo_1991-2020/stat=max/SPEI-24_MJJ_1995-2014_mean.tif
delete: s3://digital-atlas/domain=climate/type=observational/source=chirps-chirts-era5/region=africa/processing=climatology/variable=PTOT/period=annual/clim=wmo_1991-2020/stat=max/SPEI-24_MJJ_1995-2014_sd.tif
delete: s3://digital-atlas/domain=climate/type=observational/source=chirps-chirts-era5/region=africa/processing=climatology/variable=PTOT/period=annual/clim=wmo_1991-2020/stat=max/SPEI-24_MJJ_1995-2014_min.tif
delete: s3://digital-atlas/domain=climate/type=observational/source=chirps-chirts-era5/region=africa/processing=climatology/variable=PTOT/period=annual/clim=wmo_1991-2020/stat=max/SPEI-24_MJJ_full_max.tif
delete: s3://digital-atlas/domain=climate/type=observational/source=chirps-chirts-era5/region=africa/processing=climatology/variable=PTOT/period=annual/clim=wmo_1991-2020/stat=max/SPEI-12_MAM_full_sd.tif
delete: s3://digital-atlas/domain=climate/type=observational/source=chirps-chirts-era5/region=africa/processing=climatology/variable=PTOT/period=annual/clim=wmo_1991-2020/stat=max/SPEI-24_MJJ_full_min.tif
delete: s3://digital-atlas/domain=climate/type=observational/source=chirps-chirts-era5/region=africa/processing=climatology/variable=PTOT/period=annual/clim=wmo_1991-2020/stat=max/SPEI-24_NDJ_1991-2020_max.tif
delete: s3://digital-atlas/domain=climate/type=observational/source=chirps-chirts-era5/region=africa/processing=climatology/variable=PTOT/period=annual/clim=wmo_1991-2020/stat=max/SPEI-24_MJJ_full_sd.tif
delete: s3://digital-atlas/domain=climate/type=observational/source=chirps-chirts-era5/region=africa/processing=climatology/variable=PTOT/period=annual/clim=wmo_1991-2020/stat=max/SPEI-24_NDJ_1991-2020_mean.tif
delete: s3://digital-atlas/domain=climate/type=observational/source=chirps-chirts-era5/region=africa/processing=climatology/variable=PTOT/period=annual/clim=wmo_1991-2020/stat=max/SPEI-24_NDJ_1991-2020_sd.tif
delete: s3://digital-atlas/domain=climate/type=observational/source=chirps-chirts-era5/region=africa/processing=climatology/variable=PTOT/period=annual/clim=wmo_1991-2020/stat=max/SPEI-24_NDJ_1995-2014_max.tif
delete: s3://digital-atlas/domain=climate/type=observational/source=chirps-chirts-era5/region=africa/processing=climatology/variable=PTOT/period=annual/clim=wmo_1991-2020/stat=max/SPEI-24_NDJ_1991-2020_min.tif
delete: s3://digital-atlas/domain=climate/type=observational/source=chirps-chirts-era5/region=africa/processing=climatology/variable=PTOT/period=annual/clim=wmo_1991-2020/stat=max/SPEI-24_NDJ_1995-2014_mean.tif
delete: s3://digital-atlas/domain=climate/type=observational/source=chirps-chirts-era5/region=africa/processing=climatology/variable=PTOT/period=annual/clim=wmo_1991-2020/stat=max/SPEI-24_NDJ_1995-2014_min.tif
delete: s3://digital-atlas/domain=climate/type=observational/source=chirps-chirts-era5/region=africa/processing=climatology/variable=PTOT/period=annual/clim=wmo_1991-2020/stat=max/SPEI-24_NDJ_1995-2014_sd.tif
delete: s3://digital-atlas/domain=climate/type=observational/source=chirps-chirts-era5/region=africa/processing=climatology/variable=PTOT/period=annual/clim=wmo_1991-2020/stat=max/SPEI-24_NDJ_full_max.tif
delete: s3://digital-atlas/domain=climate/type=observational/source=chirps-chirts-era5/region=africa/processing=climatology/variable=PTOT/period=annual/clim=wmo_1991-2020/stat=max/SPEI-24_NDJ_full_mean.tif
delete: s3://digital-atlas/domain=climate/type=observational/source=chirps-chirts-era5/region=africa/processing=climatology/variable=PTOT/period=annual/clim=wmo_1991-2020/stat=max/SPEI-24_NDJ_full_min.tif
delete: s3://digital-atlas/domain=climate/type=observational/source=chirps-chirts-era5/region=africa/processing=climatology/variable=PTOT/period=annual/clim=wmo_1991-2020/stat=max/SPEI-24_NDJ_full_sd.tif
delete: s3://digital-atlas/domain=climate/type=observational/source=chirps-chirts-era5/region=africa/processing=climatology/variable=PTOT/period=annual/clim=wmo_1991-2020/stat=max/SPEI-24_OND_1991-2020_max.tif
delete: s3://digital-atlas/domain=climate/type=observational/source=chirps-chirts-era5/region=africa/processing=climatology/variable=PTOT/period=annual/clim=wmo_1991-2020/stat=max/SPEI-24_OND_1991-2020_mean.tif
delete: s3://digital-atlas/domain=climate/type=observational/source=chirps-chirts-era5/region=africa/processing=climatology/variable=PTOT/period=annual/clim=wmo_1991-2020/stat=max/SPEI-24_OND_1991-2020_min.tif
delete: s3://digital-atlas/domain=climate/type=observational/source=chirps-chirts-era5/region=africa/processing=climatology/variable=PTOT/period=annual/clim=wmo_1991-2020/stat=max/SPEI-24_OND_1991-2020_sd.tif
delete: s3://digital-atlas/domain=climate/type=observational/source=chirps-chirts-era5/region=africa/processing=climatology/variable=PTOT/period=annual/clim=wmo_1991-2020/stat=max/SPEI-24_OND_1995-2014_max.tif
delete: s3://digital-atlas/domain=climate/type=observational/source=chirps-chirts-era5/region=africa/processing=climatology/variable=PTOT/period=annual/clim=wmo_1991-2020/stat=max/SPEI-24_OND_1995-2014_mean.tif
delete: s3://digital-atlas/domain=climate/type=observational/source=chirps-chirts-era5/region=africa/processing=climatology/variable=PTOT/period=annual/clim=wmo_1991-2020/stat=max/SPEI-24_OND_1995-2014_min.tif
delete: s3://digital-atlas/domain=climate/type=observational/source=chirps-chirts-era5/region=africa/processing=climatology/variable=PTOT/period=annual/clim=wmo_1991-2020/stat=max/SPEI-24_OND_1995-2014_sd.tif
delete: s3://digital-atlas/domain=climate/type=observational/source=chirps-chirts-era5/region=africa/processing=climatology/variable=PTOT/period=annual/clim=wmo_1991-2020/stat=max/SPEI-24_OND_full_max.tif
delete: s3://digital-atlas/domain=climate/type=observational/source=chirps-chirts-era5/region=africa/processing=climatology/variable=PTOT/period=annual/clim=wmo_1991-2020/stat=max/SPEI-24_OND_full_min.tif
delete: s3://digital-atlas/domain=climate/type=observational/source=chirps-chirts-era5/region=africa/processing=climatology/variable=PTOT/period=annual/clim=wmo_1991-2020/stat=max/SPEI-24_OND_full_mean.tif
delete: s3://digital-atlas/domain=climate/type=observational/source=chirps-chirts-era5/region=africa/processing=climatology/variable=PTOT/period=annual/clim=wmo_1991-2020/stat=max/SPEI-24_SON_1991-2020_max.tif
delete: s3://digital-atlas/domain=climate/type=observational/source=chirps-chirts-era5/region=africa/processing=climatology/variable=PTOT/period=annual/clim=wmo_1991-2020/stat=max/SPEI-24_OND_full_sd.tif
delete: s3://digital-atlas/domain=climate/type=observational/source=chirps-chirts-era5/region=africa/processing=climatology/variable=PTOT/period=annual/clim=wmo_1991-2020/stat=max/SPEI-24_SON_1991-2020_mean.tif
delete: s3://digital-atlas/domain=climate/type=observational/source=chirps-chirts-era5/region=africa/processing=climatology/variable=PTOT/period=annual/clim=wmo_1991-2020/stat=max/SPEI-24_SON_1991-2020_min.tif
delete: s3://digital-atlas/domain=climate/type=observational/source=chirps-chirts-era5/region=africa/processing=climatology/variable=PTOT/period=annual/clim=wmo_1991-2020/stat=max/SPEI-24_SON_1991-2020_sd.tif
delete: s3://digital-atlas/domain=climate/type=observational/source=chirps-chirts-era5/region=africa/processing=climatology/variable=PTOT/period=annual/clim=wmo_1991-2020/stat=max/SPEI-24_SON_1995-2014_max.tif
delete: s3://digital-atlas/domain=climate/type=observational/source=chirps-chirts-era5/region=africa/processing=climatology/variable=PTOT/period=annual/clim=wmo_1991-2020/stat=max/SPEI-24_SON_1995-2014_mean.tif
delete: s3://digital-atlas/domain=climate/type=observational/source=chirps-chirts-era5/region=africa/processing=climatology/variable=PTOT/period=annual/clim=wmo_1991-2020/stat=max/SPEI-24_SON_1995-2014_min.tif
delete: s3://digital-atlas/domain=climate/type=observational/source=chirps-chirts-era5/region=africa/processing=climatology/variable=PTOT/period=annual/clim=wmo_1991-2020/stat=max/SPEI-24_SON_1995-2014_sd.tif
delete: s3://digital-atlas/domain=climate/type=observational/source=chirps-chirts-era5/region=africa/processing=climatology/variable=PTOT/period=annual/clim=wmo_1991-2020/stat=max/SPEI-24_SON_full_mean.tif
delete: s3://digital-atlas/domain=climate/type=observational/source=chirps-chirts-era5/region=africa/processing=climatology/variable=PTOT/period=annual/clim=wmo_1991-2020/stat=max/SPEI-24_SON_full_max.tif
delete: s3://digital-atlas/domain=climate/type=observational/source=chirps-chirts-era5/region=africa/processing=climatology/variable=PTOT/period=annual/clim=wmo_1991-2020/stat=max/SPEI-24_SON_full_min.tif
delete: s3://digital-atlas/domain=climate/type=observational/source=chirps-chirts-era5/region=africa/processing=climatology/variable=PTOT/period=annual/clim=wmo_1991-2020/stat=max/SPEI-24_SON_full_sd.tif
delete: s3://digital-atlas/domain=climate/type=observational/source=chirps-chirts-era5/region=africa/processing=climatology/variable=PTOT/period=annual/clim=wmo_1991-2020/stat=max/SPEI-24_annual_1991-2020_max.tif
delete: s3://digital-atlas/domain=climate/type=observational/source=chirps-chirts-era5/region=africa/processing=climatology/variable=PTOT/period=annual/clim=wmo_1991-2020/stat=max/SPEI-24_annual_1991-2020_mean.tif
delete: s3://digital-atlas/domain=climate/type=observational/source=chirps-chirts-era5/region=africa/processing=climatology/variable=PTOT/period=annual/clim=wmo_1991-2020/stat=max/SPEI-24_annual_1991-2020_min.tif
delete: s3://digital-atlas/domain=climate/type=observational/source=chirps-chirts-era5/region=africa/processing=climatology/variable=PTOT/period=annual/clim=wmo_1991-2020/stat=max/SPEI-24_annual_1991-2020_sd.tif
delete: s3://digital-atlas/domain=climate/type=observational/source=chirps-chirts-era5/region=africa/processing=climatology/variable=PTOT/period=annual/clim=wmo_1991-2020/stat=max/SPEI-24_annual_1995-2014_max.tif
delete: s3://digital-atlas/domain=climate/type=observational/source=chirps-chirts-era5/region=africa/processing=climatology/variable=PTOT/period=annual/clim=wmo_1991-2020/stat=max/SPEI-24_annual_1995-2014_mean.tif
delete: s3://digital-atlas/domain=climate/type=observational/source=chirps-chirts-era5/region=africa/processing=climatology/variable=PTOT/period=annual/clim=wmo_1991-2020/stat=max/SPEI-24_annual_1995-2014_min.tif
delete: s3://digital-atlas/domain=climate/type=observational/source=chirps-chirts-era5/region=africa/processing=climatology/variable=PTOT/period=annual/clim=wmo_1991-2020/stat=max/SPEI-24_annual_1995-2014_sd.tif
delete: s3://digital-atlas/domain=climate/type=observational/source=chirps-chirts-era5/region=africa/processing=climatology/variable=PTOT/period=annual/clim=wmo_1991-2020/stat=max/SPEI-24_annual_full_max.tif
delete: s3://digital-atlas/domain=climate/type=observational/source=chirps-chirts-era5/region=africa/processing=climatology/variable=PTOT/period=annual/clim=wmo_1991-2020/stat=max/SPEI-24_annual_full_mean.tif
delete: s3://digital-atlas/domain=climate/type=observational/source=chirps-chirts-era5/region=africa/processing=climatology/variable=PTOT/period=annual/clim=wmo_1991-2020/stat=max/SPEI-24_annual_full_min.tif
delete: s3://digital-atlas/domain=climate/type=observational/source=chirps-chirts-era5/region=africa/processing=climatology/variable=PTOT/period=annual/clim=wmo_1991-2020/stat=max/SPEI-24_annual_full_sd.tif
delete: s3://digital-atlas/domain=climate/type=observational/source=chirps-chirts-era5/region=africa/processing=climatology/variable=PTOT/period=annual/clim=wmo_1991-2020/stat=max/TAVG_AMJ_1991-2020_max.tif
delete: s3://digital-atlas/domain=climate/type=observational/source=chirps-chirts-era5/region=africa/processing=climatology/variable=PTOT/period=annual/clim=wmo_1991-2020/stat=max/TAVG_AMJ_1991-2020_mean.tif
delete: s3://digital-atlas/domain=climate/type=observational/source=chirps-chirts-era5/region=africa/processing=climatology/variable=PTOT/period=annual/clim=wmo_1991-2020/stat=max/TAVG_AMJ_1991-2020_min.tif
delete: s3://digital-atlas/domain=climate/type=observational/source=chirps-chirts-era5/region=africa/processing=climatology/variable=PTOT/period=annual/clim=wmo_1991-2020/stat=max/TAVG_AMJ_1991-2020_sd.tif
delete: s3://digital-atlas/domain=climate/type=observational/source=chirps-chirts-era5/region=africa/processing=climatology/variable=PTOT/period=annual/clim=wmo_1991-2020/stat=max/TAVG_AMJ_1995-2014_max.tif
delete: s3://digital-atlas/domain=climate/type=observational/source=chirps-chirts-era5/region=africa/processing=climatology/variable=PTOT/period=annual/clim=wmo_1991-2020/stat=max/TAVG_AMJ_1995-2014_mean.tif
delete: s3://digital-atlas/domain=climate/type=observational/source=chirps-chirts-era5/region=africa/processing=climatology/variable=PTOT/period=annual/clim=wmo_1991-2020/stat=max/TAVG_AMJ_1995-2014_min.tif
delete: s3://digital-atlas/domain=climate/type=observational/source=chirps-chirts-era5/region=africa/processing=climatology/variable=PTOT/period=annual/clim=wmo_1991-2020/stat=max/TAVG_AMJ_1995-2014_sd.tif
delete: s3://digital-atlas/domain=climate/type=observational/source=chirps-chirts-era5/region=africa/processing=climatology/variable=PTOT/period=annual/clim=wmo_1991-2020/stat=max/TAVG_AMJ_full_max.tif
delete: s3://digital-atlas/domain=climate/type=observational/source=chirps-chirts-era5/region=africa/processing=climatology/variable=PTOT/period=annual/clim=wmo_1991-2020/stat=max/TAVG_AMJ_full_mean.tif
delete: s3://digital-atlas/domain=climate/type=observational/source=chirps-chirts-era5/region=africa/processing=climatology/variable=PTOT/period=annual/clim=wmo_1991-2020/stat=max/TAVG_AMJ_full_min.tif
delete: s3://digital-atlas/domain=climate/type=observational/source=chirps-chirts-era5/region=africa/processing=climatology/variable=PTOT/period=annual/clim=wmo_1991-2020/stat=max/TAVG_AMJ_full_sd.tif
delete: s3://digital-atlas/domain=climate/type=observational/source=chirps-chirts-era5/region=africa/processing=climatology/variable=PTOT/period=annual/clim=wmo_1991-2020/stat=max/TAVG_ASO_1991-2020_max.tif
delete: s3://digital-atlas/domain=climate/type=observational/source=chirps-chirts-era5/region=africa/processing=climatology/variable=PTOT/period=annual/clim=wmo_1991-2020/stat=max/TAVG_ASO_1991-2020_mean.tif
delete: s3://digital-atlas/domain=climate/type=observational/source=chirps-chirts-era5/region=africa/processing=climatology/variable=PTOT/period=annual/clim=wmo_1991-2020/stat=max/TAVG_ASO_1991-2020_min.tif
delete: s3://digital-atlas/domain=climate/type=observational/source=chirps-chirts-era5/region=africa/processing=climatology/variable=PTOT/period=annual/clim=wmo_1991-2020/stat=max/TAVG_ASO_1995-2014_max.tif
delete: s3://digital-atlas/domain=climate/type=observational/source=chirps-chirts-era5/region=africa/processing=climatology/variable=PTOT/period=annual/clim=wmo_1991-2020/stat=max/TAVG_ASO_1991-2020_sd.tif
delete: s3://digital-atlas/domain=climate/type=observational/source=chirps-chirts-era5/region=africa/processing=climatology/variable=PTOT/period=annual/clim=wmo_1991-2020/stat=max/TAVG_ASO_1995-2014_min.tif
delete: s3://digital-atlas/domain=climate/type=observational/source=chirps-chirts-era5/region=africa/processing=climatology/variable=PTOT/period=annual/clim=wmo_1991-2020/stat=max/TAVG_ASO_1995-2014_mean.tif
delete: s3://digital-atlas/domain=climate/type=observational/source=chirps-chirts-era5/region=africa/processing=climatology/variable=PTOT/period=annual/clim=wmo_1991-2020/stat=max/TAVG_ASO_1995-2014_sd.tif
delete: s3://digital-atlas/domain=climate/type=observational/source=chirps-chirts-era5/region=africa/processing=climatology/variable=PTOT/period=annual/clim=wmo_1991-2020/stat=max/TAVG_ASO_full_max.tif
delete: s3://digital-atlas/domain=climate/type=observational/source=chirps-chirts-era5/region=africa/processing=climatology/variable=PTOT/period=annual/clim=wmo_1991-2020/stat=max/TAVG_ASO_full_mean.tif
delete: s3://digital-atlas/domain=climate/type=observational/source=chirps-chirts-era5/region=africa/processing=climatology/variable=PTOT/period=annual/clim=wmo_1991-2020/stat=max/TAVG_ASO_full_min.tif
delete: s3://digital-atlas/domain=climate/type=observational/source=chirps-chirts-era5/region=africa/processing=climatology/variable=PTOT/period=annual/clim=wmo_1991-2020/stat=max/TAVG_ASO_full_sd.tif
delete: s3://digital-atlas/domain=climate/type=observational/source=chirps-chirts-era5/region=africa/processing=climatology/variable=PTOT/period=annual/clim=wmo_1991-2020/stat=max/TAVG_DJF_1991-2020_max.tif
delete: s3://digital-atlas/domain=climate/type=observational/source=chirps-chirts-era5/region=africa/processing=climatology/variable=PTOT/period=annual/clim=wmo_1991-2020/stat=max/TAVG_DJF_1991-2020_mean.tif
delete: s3://digital-atlas/domain=climate/type=observational/source=chirps-chirts-era5/region=africa/processing=climatology/variable=PTOT/period=annual/clim=wmo_1991-2020/stat=max/TAVG_DJF_1991-2020_min.tif
delete: s3://digital-atlas/domain=climate/type=observational/source=chirps-chirts-era5/region=africa/processing=climatology/variable=PTOT/period=annual/clim=wmo_1991-2020/stat=max/TAVG_DJF_1991-2020_sd.tif
delete: s3://digital-atlas/domain=climate/type=observational/source=chirps-chirts-era5/region=africa/processing=climatology/variable=PTOT/period=annual/clim=wmo_1991-2020/stat=max/TAVG_DJF_1995-2014_max.tif
delete: s3://digital-atlas/domain=climate/type=observational/source=chirps-chirts-era5/region=africa/processing=climatology/variable=PTOT/period=annual/clim=wmo_1991-2020/stat=max/TAVG_DJF_1995-2014_mean.tif
delete: s3://digital-atlas/domain=climate/type=observational/source=chirps-chirts-era5/region=africa/processing=climatology/variable=PTOT/period=annual/clim=wmo_1991-2020/stat=max/TAVG_DJF_1995-2014_min.tif
delete: s3://digital-atlas/domain=climate/type=observational/source=chirps-chirts-era5/region=africa/processing=climatology/variable=PTOT/period=annual/clim=wmo_1991-2020/stat=max/TAVG_DJF_1995-2014_sd.tif
delete: s3://digital-atlas/domain=climate/type=observational/source=chirps-chirts-era5/region=africa/processing=climatology/variable=PTOT/period=annual/clim=wmo_1991-2020/stat=max/TAVG_DJF_full_max.tif
delete: s3://digital-atlas/domain=climate/type=observational/source=chirps-chirts-era5/region=africa/processing=climatology/variable=PTOT/period=annual/clim=wmo_1991-2020/stat=max/TAVG_DJF_full_mean.tif
delete: s3://digital-atlas/domain=climate/type=observational/source=chirps-chirts-era5/region=africa/processing=climatology/variable=PTOT/period=annual/clim=wmo_1991-2020/stat=max/TAVG_DJF_full_min.tif
delete: s3://digital-atlas/domain=climate/type=observational/source=chirps-chirts-era5/region=africa/processing=climatology/variable=PTOT/period=annual/clim=wmo_1991-2020/stat=max/TAVG_DJF_full_sd.tif
delete: s3://digital-atlas/domain=climate/type=observational/source=chirps-chirts-era5/region=africa/processing=climatology/variable=PTOT/period=annual/clim=wmo_1991-2020/stat=max/TAVG_FMA_1991-2020_max.tif
delete: s3://digital-atlas/domain=climate/type=observational/source=chirps-chirts-era5/region=africa/processing=climatology/variable=PTOT/period=annual/clim=wmo_1991-2020/stat=max/TAVG_FMA_1991-2020_mean.tif
delete: s3://digital-atlas/domain=climate/type=observational/source=chirps-chirts-era5/region=africa/processing=climatology/variable=PTOT/period=annual/clim=wmo_1991-2020/stat=max/TAVG_FMA_1991-2020_min.tif
delete: s3://digital-atlas/domain=climate/type=observational/source=chirps-chirts-era5/region=africa/processing=climatology/variable=PTOT/period=annual/clim=wmo_1991-2020/stat=max/TAVG_FMA_1991-2020_sd.tif
delete: s3://digital-atlas/domain=climate/type=observational/source=chirps-chirts-era5/region=africa/processing=climatology/variable=PTOT/period=annual/clim=wmo_1991-2020/stat=max/TAVG_FMA_1995-2014_max.tif
delete: s3://digital-atlas/domain=climate/type=observational/source=chirps-chirts-era5/region=africa/processing=climatology/variable=PTOT/period=annual/clim=wmo_1991-2020/stat=max/TAVG_FMA_1995-2014_mean.tif
delete: s3://digital-atlas/domain=climate/type=observational/source=chirps-chirts-era5/region=africa/processing=climatology/variable=PTOT/period=annual/clim=wmo_1991-2020/stat=max/TAVG_FMA_1995-2014_min.tif
delete: s3://digital-atlas/domain=climate/type=observational/source=chirps-chirts-era5/region=africa/processing=climatology/variable=PTOT/period=annual/clim=wmo_1991-2020/stat=max/TAVG_FMA_1995-2014_sd.tif
delete: s3://digital-atlas/domain=climate/type=observational/source=chirps-chirts-era5/region=africa/processing=climatology/variable=PTOT/period=annual/clim=wmo_1991-2020/stat=max/TAVG_FMA_full_max.tif
delete: s3://digital-atlas/domain=climate/type=observational/source=chirps-chirts-era5/region=africa/processing=climatology/variable=PTOT/period=annual/clim=wmo_1991-2020/stat=max/TAVG_FMA_full_sd.tif
delete: s3://digital-atlas/domain=climate/type=observational/source=chirps-chirts-era5/region=africa/processing=climatology/variable=PTOT/period=annual/clim=wmo_1991-2020/stat=max/TAVG_JAS_1991-2020_max.tif
delete: s3://digital-atlas/domain=climate/type=observational/source=chirps-chirts-era5/region=africa/processing=climatology/variable=PTOT/period=annual/clim=wmo_1991-2020/stat=max/TAVG_FMA_full_min.tif
delete: s3://digital-atlas/domain=climate/type=observational/source=chirps-chirts-era5/region=africa/processing=climatology/variable=PTOT/period=annual/clim=wmo_1991-2020/stat=max/TAVG_JAS_1991-2020_mean.tif
delete: s3://digital-atlas/domain=climate/type=observational/source=chirps-chirts-era5/region=africa/processing=climatology/variable=PTOT/period=annual/clim=wmo_1991-2020/stat=max/TAVG_FMA_full_mean.tif
delete: s3://digital-atlas/domain=climate/type=observational/source=chirps-chirts-era5/region=africa/processing=climatology/variable=PTOT/period=annual/clim=wmo_1991-2020/stat=max/TAVG_JAS_1991-2020_sd.tif
delete: s3://digital-atlas/domain=climate/type=observational/source=chirps-chirts-era5/region=africa/processing=climatology/variable=PTOT/period=annual/clim=wmo_1991-2020/stat=max/TAVG_JAS_1991-2020_min.tif
delete: s3://digital-atlas/domain=climate/type=observational/source=chirps-chirts-era5/region=africa/processing=climatology/variable=PTOT/period=annual/clim=wmo_1991-2020/stat=max/TAVG_JAS_1995-2014_mean.tif
delete: s3://digital-atlas/domain=climate/type=observational/source=chirps-chirts-era5/region=africa/processing=climatology/variable=PTOT/period=annual/clim=wmo_1991-2020/stat=max/TAVG_JAS_1995-2014_min.tif
delete: s3://digital-atlas/domain=climate/type=observational/source=chirps-chirts-era5/region=africa/processing=climatology/variable=PTOT/period=annual/clim=wmo_1991-2020/stat=max/TAVG_JAS_1995-2014_sd.tif
delete: s3://digital-atlas/domain=climate/type=observational/source=chirps-chirts-era5/region=africa/processing=climatology/variable=PTOT/period=annual/clim=wmo_1991-2020/stat=max/TAVG_JAS_full_max.tif
delete: s3://digital-atlas/domain=climate/type=observational/source=chirps-chirts-era5/region=africa/processing=climatology/variable=PTOT/period=annual/clim=wmo_1991-2020/stat=max/TAVG_JAS_full_mean.tif
delete: s3://digital-atlas/domain=climate/type=observational/source=chirps-chirts-era5/region=africa/processing=climatology/variable=PTOT/period=annual/clim=wmo_1991-2020/stat=max/TAVG_JAS_full_min.tif
delete: s3://digital-atlas/domain=climate/type=observational/source=chirps-chirts-era5/region=africa/processing=climatology/variable=PTOT/period=annual/clim=wmo_1991-2020/stat=max/TAVG_JAS_full_sd.tif
delete: s3://digital-atlas/domain=climate/type=observational/source=chirps-chirts-era5/region=africa/processing=climatology/variable=PTOT/period=annual/clim=wmo_1991-2020/stat=max/TAVG_JFM_1991-2020_mean.tif
delete: s3://digital-atlas/domain=climate/type=observational/source=chirps-chirts-era5/region=africa/processing=climatology/variable=PTOT/period=annual/clim=wmo_1991-2020/stat=max/TAVG_JFM_1991-2020_max.tif
delete: s3://digital-atlas/domain=climate/type=observational/source=chirps-chirts-era5/region=africa/processing=climatology/variable=PTOT/period=annual/clim=wmo_1991-2020/stat=max/SPEI-12_annual_full_mean.tif
delete: s3://digital-atlas/domain=climate/type=observational/source=chirps-chirts-era5/region=africa/processing=climatology/variable=PTOT/period=annual/clim=wmo_1991-2020/stat=max/SPEI-12_DJF_full_max.tif
delete: s3://digital-atlas/domain=climate/type=observational/source=chirps-chirts-era5/region=africa/processing=climatology/variable=PTOT/period=annual/clim=wmo_1991-2020/stat=max/TAVG_JFM_full_max.tif
delete: s3://digital-atlas/domain=climate/type=observational/source=chirps-chirts-era5/region=africa/processing=climatology/variable=PTOT/period=annual/clim=wmo_1991-2020/stat=max/TAVG_JFM_full_min.tif
delete: s3://digital-atlas/domain=climate/type=observational/source=chirps-chirts-era5/region=africa/processing=climatology/variable=PTOT/period=annual/clim=wmo_1991-2020/stat=max/TAVG_JAS_1995-2014_max.tif
delete: s3://digital-atlas/domain=climate/type=observational/source=chirps-chirts-era5/region=africa/processing=climatology/variable=PTOT/period=annual/clim=wmo_1991-2020/stat=max/TAVG_JFM_1995-2014_max.tif
delete: s3://digital-atlas/domain=climate/type=observational/source=chirps-chirts-era5/region=africa/processing=climatology/variable=PTOT/period=annual/clim=wmo_1991-2020/stat=max/TAVG_JFM_full_mean.tif
delete: s3://digital-atlas/domain=climate/type=observational/source=chirps-chirts-era5/region=africa/processing=climatology/variable=PTOT/period=annual/clim=wmo_1991-2020/stat=max/TAVG_JJA_1991-2020_min.tif
delete: s3://digital-atlas/domain=climate/type=observational/source=chirps-chirts-era5/region=africa/processing=climatology/variable=PTOT/period=annual/clim=wmo_1991-2020/stat=max/TAVG_JFM_1991-2020_min.tif
delete: s3://digital-atlas/domain=climate/type=observational/source=chirps-chirts-era5/region=africa/processing=climatology/variable=PTOT/period=annual/clim=wmo_1991-2020/stat=max/TAVG_JJA_1995-2014_max.tif
delete: s3://digital-atlas/domain=climate/type=observational/source=chirps-chirts-era5/region=africa/processing=climatology/variable=PTOT/period=annual/clim=wmo_1991-2020/stat=max/TAVG_JFM_1995-2014_sd.tif
delete: s3://digital-atlas/domain=climate/type=observational/source=chirps-chirts-era5/region=africa/processing=climatology/variable=PTOT/period=annual/clim=wmo_1991-2020/stat=max/TAVG_JFM_1991-2020_sd.tif
delete: s3://digital-atlas/domain=climate/type=observational/source=chirps-chirts-era5/region=africa/processing=climatology/variable=PTOT/period=annual/clim=wmo_1991-2020/stat=max/SPEI-24_MJJ_full_mean.tif
delete: s3://digital-atlas/domain=climate/type=observational/source=chirps-chirts-era5/region=africa/processing=climatology/variable=PTOT/period=annual/clim=wmo_1991-2020/stat=max/SPEI-12_DJF_full_min.tif
delete: s3://digital-atlas/domain=climate/type=observational/source=chirps-chirts-era5/region=africa/processing=climatology/variable=PTOT/period=annual/clim=wmo_1991-2020/stat=max/TAVG_JJA_1995-2014_min.tif
delete: s3://digital-atlas/domain=climate/type=observational/source=chirps-chirts-era5/region=africa/processing=climatology/variable=PTOT/period=annual/clim=wmo_1991-2020/stat=max/TAVG_JJA_1991-2020_sd.tif
delete: s3://digital-atlas/domain=climate/type=observational/source=chirps-chirts-era5/region=africa/processing=climatology/variable=PTOT/period=annual/clim=wmo_1991-2020/stat=max/TAVG_JFM_1995-2014_min.tif
delete: s3://digital-atlas/domain=climate/type=observational/source=chirps-chirts-era5/region=africa/processing=climatology/variable=PTOT/period=annual/clim=wmo_1991-2020/stat=max/TAVG_JJA_1991-2020_max.tif
delete: s3://digital-atlas/domain=climate/type=observational/source=chirps-chirts-era5/region=africa/processing=climatology/variable=PTOT/period=annual/clim=wmo_1991-2020/stat=max/TAVG_JFM_1995-2014_mean.tif
delete: s3://digital-atlas/domain=climate/type=observational/source=chirps-chirts-era5/region=africa/processing=climatology/variable=PTOT/period=annual/clim=wmo_1991-2020/stat=max/TAVG_JJA_1991-2020_mean.tif
delete: s3://digital-atlas/domain=climate/type=observational/source=chirps-chirts-era5/region=africa/processing=climatology/variable=PTOT/period=annual/clim=wmo_1991-2020/stat=max/TAVG_JJA_full_max.tif
delete: s3://digital-atlas/domain=climate/type=observational/source=chirps-chirts-era5/region=africa/processing=climatology/variable=PTOT/period=annual/clim=wmo_1991-2020/stat=max/TAVG_JFM_full_sd.tif
delete: s3://digital-atlas/domain=climate/type=observational/source=chirps-chirts-era5/region=africa/processing=climatology/variable=PTOT/period=annual/clim=wmo_1991-2020/stat=max/TAVG_JJA_full_mean.tif
delete: s3://digital-atlas/domain=climate/type=observational/source=chirps-chirts-era5/region=africa/processing=climatology/variable=PTOT/period=annual/clim=wmo_1991-2020/stat=max/TAVG_JJA_full_min.tif
delete: s3://digital-atlas/domain=climate/type=observational/source=chirps-chirts-era5/region=africa/processing=climatology/variable=PTOT/period=annual/clim=wmo_1991-2020/stat=max/TAVG_JJA_full_sd.tif
delete: s3://digital-atlas/domain=climate/type=observational/source=chirps-chirts-era5/region=africa/processing=climatology/variable=PTOT/period=annual/clim=wmo_1991-2020/stat=max/TAVG_MAM_1991-2020_min.tif
delete: s3://digital-atlas/domain=climate/type=observational/source=chirps-chirts-era5/region=africa/processing=climatology/variable=PTOT/period=annual/clim=wmo_1991-2020/stat=max/TAVG_MAM_1991-2020_mean.tif
delete: s3://digital-atlas/domain=climate/type=observational/source=chirps-chirts-era5/region=africa/processing=climatology/variable=PTOT/period=annual/clim=wmo_1991-2020/stat=max/TAVG_MAM_1991-2020_sd.tif
delete: s3://digital-atlas/domain=climate/type=observational/source=chirps-chirts-era5/region=africa/processing=climatology/variable=PTOT/period=annual/clim=wmo_1991-2020/stat=max/TAVG_JJA_1995-2014_mean.tif
delete: s3://digital-atlas/domain=climate/type=observational/source=chirps-chirts-era5/region=africa/processing=climatology/variable=PTOT/period=annual/clim=wmo_1991-2020/stat=max/TAVG_MAM_1991-2020_max.tif
delete: s3://digital-atlas/domain=climate/type=observational/source=chirps-chirts-era5/region=africa/processing=climatology/variable=PTOT/period=annual/clim=wmo_1991-2020/stat=max/TAVG_MAM_1995-2014_max.tif
delete: s3://digital-atlas/domain=climate/type=observational/source=chirps-chirts-era5/region=africa/processing=climatology/variable=PTOT/period=annual/clim=wmo_1991-2020/stat=max/TAVG_MAM_1995-2014_mean.tif
delete: s3://digital-atlas/domain=climate/type=observational/source=chirps-chirts-era5/region=africa/processing=climatology/variable=PTOT/period=annual/clim=wmo_1991-2020/stat=max/TAVG_MAM_1995-2014_min.tif
delete: s3://digital-atlas/domain=climate/type=observational/source=chirps-chirts-era5/region=africa/processing=climatology/variable=PTOT/period=annual/clim=wmo_1991-2020/stat=max/TAVG_MAM_1995-2014_sd.tif
delete: s3://digital-atlas/domain=climate/type=observational/source=chirps-chirts-era5/region=africa/processing=climatology/variable=PTOT/period=annual/clim=wmo_1991-2020/stat=max/TAVG_JJA_1995-2014_sd.tif
delete: s3://digital-atlas/domain=climate/type=observational/source=chirps-chirts-era5/region=africa/processing=climatology/variable=PTOT/period=annual/clim=wmo_1991-2020/stat=max/TAVG_MAM_full_max.tif
delete: s3://digital-atlas/domain=climate/type=observational/source=chirps-chirts-era5/region=africa/processing=climatology/variable=PTOT/period=annual/clim=wmo_1991-2020/stat=max/TAVG_MAM_full_min.tif
delete: s3://digital-atlas/domain=climate/type=observational/source=chirps-chirts-era5/region=africa/processing=climatology/variable=PTOT/period=annual/clim=wmo_1991-2020/stat=max/TAVG_MAM_full_mean.tif
delete: s3://digital-atlas/domain=climate/type=observational/source=chirps-chirts-era5/region=africa/processing=climatology/variable=PTOT/period=annual/clim=wmo_1991-2020/stat=max/TAVG_MJJ_1991-2020_max.tif
delete: s3://digital-atlas/domain=climate/type=observational/source=chirps-chirts-era5/region=africa/processing=climatology/variable=PTOT/period=annual/clim=wmo_1991-2020/stat=max/TAVG_MJJ_1991-2020_min.tif
delete: s3://digital-atlas/domain=climate/type=observational/source=chirps-chirts-era5/region=africa/processing=climatology/variable=PTOT/period=annual/clim=wmo_1991-2020/stat=max/TAVG_MJJ_1991-2020_sd.tif
delete: s3://digital-atlas/domain=climate/type=observational/source=chirps-chirts-era5/region=africa/processing=climatology/variable=PTOT/period=annual/clim=wmo_1991-2020/stat=max/TAVG_MAM_full_sd.tif
delete: s3://digital-atlas/domain=climate/type=observational/source=chirps-chirts-era5/region=africa/processing=climatology/variable=PTOT/period=annual/clim=wmo_1991-2020/stat=max/TAVG_MJJ_1991-2020_mean.tif
delete: s3://digital-atlas/domain=climate/type=observational/source=chirps-chirts-era5/region=africa/processing=climatology/variable=PTOT/period=annual/clim=wmo_1991-2020/stat=max/TAVG_MJJ_1995-2014_max.tif
delete: s3://digital-atlas/domain=climate/type=observational/source=chirps-chirts-era5/region=africa/processing=climatology/variable=PTOT/period=annual/clim=wmo_1991-2020/stat=max/TAVG_MJJ_1995-2014_mean.tif
delete: s3://digital-atlas/domain=climate/type=observational/source=chirps-chirts-era5/region=africa/processing=climatology/variable=PTOT/period=annual/clim=wmo_1991-2020/stat=max/TAVG_MJJ_1995-2014_min.tif
delete: s3://digital-atlas/domain=climate/type=observational/source=chirps-chirts-era5/region=africa/processing=climatology/variable=PTOT/period=annual/clim=wmo_1991-2020/stat=max/TAVG_MJJ_1995-2014_sd.tif
delete: s3://digital-atlas/domain=climate/type=observational/source=chirps-chirts-era5/region=africa/processing=climatology/variable=PTOT/period=annual/clim=wmo_1991-2020/stat=max/TAVG_MJJ_full_mean.tif
delete: s3://digital-atlas/domain=climate/type=observational/source=chirps-chirts-era5/region=africa/processing=climatology/variable=PTOT/period=annual/clim=wmo_1991-2020/stat=max/TAVG_MJJ_full_max.tif
delete: s3://digital-atlas/domain=climate/type=observational/source=chirps-chirts-era5/region=africa/processing=climatology/variable=PTOT/period=annual/clim=wmo_1991-2020/stat=max/TAVG_MJJ_full_min.tif
delete: s3://digital-atlas/domain=climate/type=observational/source=chirps-chirts-era5/region=africa/processing=climatology/variable=PTOT/period=annual/clim=wmo_1991-2020/stat=max/TAVG_MJJ_full_sd.tif
delete: s3://digital-atlas/domain=climate/type=observational/source=chirps-chirts-era5/region=africa/processing=climatology/variable=PTOT/period=annual/clim=wmo_1991-2020/stat=max/TAVG_NDJ_1991-2020_max.tif
delete: s3://digital-atlas/domain=climate/type=observational/source=chirps-chirts-era5/region=africa/processing=climatology/variable=PTOT/period=annual/clim=wmo_1991-2020/stat=max/TAVG_NDJ_1991-2020_mean.tif
delete: s3://digital-atlas/domain=climate/type=observational/source=chirps-chirts-era5/region=africa/processing=climatology/variable=PTOT/period=annual/clim=wmo_1991-2020/stat=max/TAVG_NDJ_1991-2020_min.tif
delete: s3://digital-atlas/domain=climate/type=observational/source=chirps-chirts-era5/region=africa/processing=climatology/variable=PTOT/period=annual/clim=wmo_1991-2020/stat=max/TAVG_NDJ_1991-2020_sd.tif
delete: s3://digital-atlas/domain=climate/type=observational/source=chirps-chirts-era5/region=africa/processing=climatology/variable=PTOT/period=annual/clim=wmo_1991-2020/stat=max/TAVG_NDJ_1995-2014_mean.tif
delete: s3://digital-atlas/domain=climate/type=observational/source=chirps-chirts-era5/region=africa/processing=climatology/variable=PTOT/period=annual/clim=wmo_1991-2020/stat=max/TAVG_NDJ_1995-2014_min.tif
delete: s3://digital-atlas/domain=climate/type=observational/source=chirps-chirts-era5/region=africa/processing=climatology/variable=PTOT/period=annual/clim=wmo_1991-2020/stat=max/TAVG_NDJ_1995-2014_sd.tif
delete: s3://digital-atlas/domain=climate/type=observational/source=chirps-chirts-era5/region=africa/processing=climatology/variable=PTOT/period=annual/clim=wmo_1991-2020/stat=max/TAVG_NDJ_1995-2014_max.tif
delete: s3://digital-atlas/domain=climate/type=observational/source=chirps-chirts-era5/region=africa/processing=climatology/variable=PTOT/period=annual/clim=wmo_1991-2020/stat=max/TAVG_NDJ_full_max.tif
delete: s3://digital-atlas/domain=climate/type=observational/source=chirps-chirts-era5/region=africa/processing=climatology/variable=PTOT/period=annual/clim=wmo_1991-2020/stat=max/TAVG_NDJ_full_mean.tif
delete: s3://digital-atlas/domain=climate/type=observational/source=chirps-chirts-era5/region=africa/processing=climatology/variable=PTOT/period=annual/clim=wmo_1991-2020/stat=max/TAVG_NDJ_full_min.tif
delete: s3://digital-atlas/domain=climate/type=observational/source=chirps-chirts-era5/region=africa/processing=climatology/variable=PTOT/period=annual/clim=wmo_1991-2020/stat=max/TAVG_NDJ_full_sd.tif
delete: s3://digital-atlas/domain=climate/type=observational/source=chirps-chirts-era5/region=africa/processing=climatology/variable=PTOT/period=annual/clim=wmo_1991-2020/stat=max/TAVG_OND_1991-2020_max.tif
delete: s3://digital-atlas/domain=climate/type=observational/source=chirps-chirts-era5/region=africa/processing=climatology/variable=PTOT/period=annual/clim=wmo_1991-2020/stat=max/TAVG_OND_1991-2020_mean.tif
delete: s3://digital-atlas/domain=climate/type=observational/source=chirps-chirts-era5/region=africa/processing=climatology/variable=PTOT/period=annual/clim=wmo_1991-2020/stat=max/TAVG_OND_1991-2020_min.tif
delete: s3://digital-atlas/domain=climate/type=observational/source=chirps-chirts-era5/region=africa/processing=climatology/variable=PTOT/period=annual/clim=wmo_1991-2020/stat=max/TAVG_OND_1995-2014_mean.tif
delete: s3://digital-atlas/domain=climate/type=observational/source=chirps-chirts-era5/region=africa/processing=climatology/variable=PTOT/period=annual/clim=wmo_1991-2020/stat=max/TAVG_OND_1995-2014_max.tif
delete: s3://digital-atlas/domain=climate/type=observational/source=chirps-chirts-era5/region=africa/processing=climatology/variable=PTOT/period=annual/clim=wmo_1991-2020/stat=max/TAVG_OND_1991-2020_sd.tif
delete: s3://digital-atlas/domain=climate/type=observational/source=chirps-chirts-era5/region=africa/processing=climatology/variable=PTOT/period=annual/clim=wmo_1991-2020/stat=max/TAVG_OND_1995-2014_min.tif
delete: s3://digital-atlas/domain=climate/type=observational/source=chirps-chirts-era5/region=africa/processing=climatology/variable=PTOT/period=annual/clim=wmo_1991-2020/stat=max/TAVG_OND_1995-2014_sd.tif
delete: s3://digital-atlas/domain=climate/type=observational/source=chirps-chirts-era5/region=africa/processing=climatology/variable=PTOT/period=annual/clim=wmo_1991-2020/stat=max/TAVG_OND_full_max.tif
delete: s3://digital-atlas/domain=climate/type=observational/source=chirps-chirts-era5/region=africa/processing=climatology/variable=PTOT/period=annual/clim=wmo_1991-2020/stat=max/TAVG_OND_full_mean.tif
delete: s3://digital-atlas/domain=climate/type=observational/source=chirps-chirts-era5/region=africa/processing=climatology/variable=PTOT/period=annual/clim=wmo_1991-2020/stat=max/TAVG_OND_full_min.tif
delete: s3://digital-atlas/domain=climate/type=observational/source=chirps-chirts-era5/region=africa/processing=climatology/variable=PTOT/period=annual/clim=wmo_1991-2020/stat=max/TAVG_OND_full_sd.tif
delete: s3://digital-atlas/domain=climate/type=observational/source=chirps-chirts-era5/region=africa/processing=climatology/variable=PTOT/period=annual/clim=wmo_1991-2020/stat=max/TAVG_SON_1991-2020_max.tif
delete: s3://digital-atlas/domain=climate/type=observational/source=chirps-chirts-era5/region=africa/processing=climatology/variable=PTOT/period=annual/clim=wmo_1991-2020/stat=max/TAVG_SON_1991-2020_mean.tif
delete: s3://digital-atlas/domain=climate/type=observational/source=chirps-chirts-era5/region=africa/processing=climatology/variable=PTOT/period=annual/clim=wmo_1991-2020/stat=max/TAVG_SON_1991-2020_min.tif
delete: s3://digital-atlas/domain=climate/type=observational/source=chirps-chirts-era5/region=africa/processing=climatology/variable=PTOT/period=annual/clim=wmo_1991-2020/stat=max/TAVG_SON_1991-2020_sd.tif
delete: s3://digital-atlas/domain=climate/type=observational/source=chirps-chirts-era5/region=africa/processing=climatology/variable=PTOT/period=annual/clim=wmo_1991-2020/stat=max/TAVG_SON_1995-2014_max.tif
delete: s3://digital-atlas/domain=climate/type=observational/source=chirps-chirts-era5/region=africa/processing=climatology/variable=PTOT/period=annual/clim=wmo_1991-2020/stat=max/TAVG_SON_1995-2014_mean.tif
delete: s3://digital-atlas/domain=climate/type=observational/source=chirps-chirts-era5/region=africa/processing=climatology/variable=PTOT/period=annual/clim=wmo_1991-2020/stat=max/TAVG_SON_1995-2014_min.tif
delete: s3://digital-atlas/domain=climate/type=observational/source=chirps-chirts-era5/region=africa/processing=climatology/variable=PTOT/period=annual/clim=wmo_1991-2020/stat=max/TAVG_SON_full_max.tif
delete: s3://digital-atlas/domain=climate/type=observational/source=chirps-chirts-era5/region=africa/processing=climatology/variable=PTOT/period=annual/clim=wmo_1991-2020/stat=max/TAVG_SON_1995-2014_sd.tif
delete: s3://digital-atlas/domain=climate/type=observational/source=chirps-chirts-era5/region=africa/processing=climatology/variable=PTOT/period=annual/clim=wmo_1991-2020/stat=max/TAVG_SON_full_mean.tif
delete: s3://digital-atlas/domain=climate/type=observational/source=chirps-chirts-era5/region=africa/processing=climatology/variable=PTOT/period=annual/clim=wmo_1991-2020/stat=max/TAVG_SON_full_sd.tif
delete: s3://digital-atlas/domain=climate/type=observational/source=chirps-chirts-era5/region=africa/processing=climatology/variable=PTOT/period=annual/clim=wmo_1991-2020/stat=max/TAVG_SON_full_min.tif
delete: s3://digital-atlas/domain=climate/type=observational/source=chirps-chirts-era5/region=africa/processing=climatology/variable=PTOT/period=annual/clim=wmo_1991-2020/stat=max/TAVG_annual_1995-2014_max.tif
delete: s3://digital-atlas/domain=climate/type=observational/source=chirps-chirts-era5/region=africa/processing=climatology/variable=PTOT/period=annual/clim=wmo_1991-2020/stat=max/TAVG_annual_1991-2020_mean.tif
delete: s3://digital-atlas/domain=climate/type=observational/source=chirps-chirts-era5/region=africa/processing=climatology/variable=PTOT/period=annual/clim=wmo_1991-2020/stat=max/TAVG_annual_1991-2020_min.tif
delete: s3://digital-atlas/domain=climate/type=observational/source=chirps-chirts-era5/region=africa/processing=climatology/variable=PTOT/period=annual/clim=wmo_1991-2020/stat=max/TAVG_annual_1991-2020_sd.tif
delete: s3://digital-atlas/domain=climate/type=observational/source=chirps-chirts-era5/region=africa/processing=climatology/variable=PTOT/period=annual/clim=wmo_1991-2020/stat=max/TAVG_annual_1995-2014_mean.tif
delete: s3://digital-atlas/domain=climate/type=observational/source=chirps-chirts-era5/region=africa/processing=climatology/variable=PTOT/period=annual/clim=wmo_1991-2020/stat=max/TAVG_annual_1991-2020_max.tif
delete: s3://digital-atlas/domain=climate/type=observational/source=chirps-chirts-era5/region=africa/processing=climatology/variable=PTOT/period=annual/clim=wmo_1991-2020/stat=max/TAVG_annual_1995-2014_sd.tif
delete: s3://digital-atlas/domain=climate/type=observational/source=chirps-chirts-era5/region=africa/processing=climatology/variable=PTOT/period=annual/clim=wmo_1991-2020/stat=max/TAVG_annual_1995-2014_min.tif
delete: s3://digital-atlas/domain=climate/type=observational/source=chirps-chirts-era5/region=africa/processing=climatology/variable=PTOT/period=annual/clim=wmo_1991-2020/stat=max/TAVG_annual_full_max.tif
delete: s3://digital-atlas/domain=climate/type=observational/source=chirps-chirts-era5/region=africa/processing=climatology/variable=PTOT/period=annual/clim=wmo_1991-2020/stat=max/TAVG_annual_full_mean.tif
delete: s3://digital-atlas/domain=climate/type=observational/source=chirps-chirts-era5/region=africa/processing=climatology/variable=PTOT/period=annual/clim=wmo_1991-2020/stat=max/TAVG_annual_full_min.tif
delete: s3://digital-atlas/domain=climate/type=observational/source=chirps-chirts-era5/region=africa/processing=climatology/variable=PTOT/period=annual/clim=wmo_1991-2020/stat=max/TAVG_annual_full_sd.tif
delete: s3://digital-atlas/domain=climate/type=observational/source=chirps-chirts-era5/region=africa/processing=climatology/variable=PTOT/period=annual/clim=wmo_1991-2020/stat=max/TMAX_AMJ_1991-2020_max.tif
delete: s3://digital-atlas/domain=climate/type=observational/source=chirps-chirts-era5/region=africa/processing=climatology/variable=PTOT/period=annual/clim=wmo_1991-2020/stat=max/TMAX_AMJ_1991-2020_mean.tif
delete: s3://digital-atlas/domain=climate/type=observational/source=chirps-chirts-era5/region=africa/processing=climatology/variable=PTOT/period=annual/clim=wmo_1991-2020/stat=max/TMAX_AMJ_1991-2020_min.tif
delete: s3://digital-atlas/domain=climate/type=observational/source=chirps-chirts-era5/region=africa/processing=climatology/variable=PTOT/period=annual/clim=wmo_1991-2020/stat=max/TMAX_AMJ_1991-2020_sd.tif
delete: s3://digital-atlas/domain=climate/type=observational/source=chirps-chirts-era5/region=africa/processing=climatology/variable=PTOT/period=annual/clim=wmo_1991-2020/stat=max/TMAX_AMJ_1995-2014_mean.tif
delete: s3://digital-atlas/domain=climate/type=observational/source=chirps-chirts-era5/region=africa/processing=climatology/variable=PTOT/period=annual/clim=wmo_1991-2020/stat=max/TMAX_AMJ_1995-2014_max.tif
delete: s3://digital-atlas/domain=climate/type=observational/source=chirps-chirts-era5/region=africa/processing=climatology/variable=PTOT/period=annual/clim=wmo_1991-2020/stat=max/TMAX_AMJ_1995-2014_min.tif
delete: s3://digital-atlas/domain=climate/type=observational/source=chirps-chirts-era5/region=africa/processing=climatology/variable=PTOT/period=annual/clim=wmo_1991-2020/stat=max/TMAX_AMJ_1995-2014_sd.tif
delete: s3://digital-atlas/domain=climate/type=observational/source=chirps-chirts-era5/region=africa/processing=climatology/variable=PTOT/period=annual/clim=wmo_1991-2020/stat=max/TMAX_AMJ_full_mean.tif
delete: s3://digital-atlas/domain=climate/type=observational/source=chirps-chirts-era5/region=africa/processing=climatology/variable=PTOT/period=annual/clim=wmo_1991-2020/stat=max/TMAX_AMJ_full_max.tif
delete: s3://digital-atlas/domain=climate/type=observational/source=chirps-chirts-era5/region=africa/processing=climatology/variable=PTOT/period=annual/clim=wmo_1991-2020/stat=max/TMAX_AMJ_full_min.tif
delete: s3://digital-atlas/domain=climate/type=observational/source=chirps-chirts-era5/region=africa/processing=climatology/variable=PTOT/period=annual/clim=wmo_1991-2020/stat=max/TMAX_AMJ_full_sd.tif
delete: s3://digital-atlas/domain=climate/type=observational/source=chirps-chirts-era5/region=africa/processing=climatology/variable=PTOT/period=annual/clim=wmo_1991-2020/stat=max/TMAX_ASO_1991-2020_max.tif
delete: s3://digital-atlas/domain=climate/type=observational/source=chirps-chirts-era5/region=africa/processing=climatology/variable=PTOT/period=annual/clim=wmo_1991-2020/stat=max/TMAX_ASO_1991-2020_mean.tif
delete: s3://digital-atlas/domain=climate/type=observational/source=chirps-chirts-era5/region=africa/processing=climatology/variable=PTOT/period=annual/clim=wmo_1991-2020/stat=max/TMAX_ASO_1991-2020_sd.tif
delete: s3://digital-atlas/domain=climate/type=observational/source=chirps-chirts-era5/region=africa/processing=climatology/variable=PTOT/period=annual/clim=wmo_1991-2020/stat=max/TMAX_ASO_1991-2020_min.tif
delete: s3://digital-atlas/domain=climate/type=observational/source=chirps-chirts-era5/region=africa/processing=climatology/variable=PTOT/period=annual/clim=wmo_1991-2020/stat=max/TMAX_ASO_1995-2014_max.tif
delete: s3://digital-atlas/domain=climate/type=observational/source=chirps-chirts-era5/region=africa/processing=climatology/variable=PTOT/period=annual/clim=wmo_1991-2020/stat=max/TMAX_ASO_1995-2014_mean.tif
delete: s3://digital-atlas/domain=climate/type=observational/source=chirps-chirts-era5/region=africa/processing=climatology/variable=PTOT/period=annual/clim=wmo_1991-2020/stat=max/TMAX_ASO_1995-2014_min.tif
delete: s3://digital-atlas/domain=climate/type=observational/source=chirps-chirts-era5/region=africa/processing=climatology/variable=PTOT/period=annual/clim=wmo_1991-2020/stat=max/TMAX_ASO_1995-2014_sd.tif
delete: s3://digital-atlas/domain=climate/type=observational/source=chirps-chirts-era5/region=africa/processing=climatology/variable=PTOT/period=annual/clim=wmo_1991-2020/stat=max/TMAX_ASO_full_min.tif
delete: s3://digital-atlas/domain=climate/type=observational/source=chirps-chirts-era5/region=africa/processing=climatology/variable=PTOT/period=annual/clim=wmo_1991-2020/stat=max/TMAX_ASO_full_mean.tif
delete: s3://digital-atlas/domain=climate/type=observational/source=chirps-chirts-era5/region=africa/processing=climatology/variable=PTOT/period=annual/clim=wmo_1991-2020/stat=max/TMAX_ASO_full_max.tif
delete: s3://digital-atlas/domain=climate/type=observational/source=chirps-chirts-era5/region=africa/processing=climatology/variable=PTOT/period=annual/clim=wmo_1991-2020/stat=max/TMAX_ASO_full_sd.tif
delete: s3://digital-atlas/domain=climate/type=observational/source=chirps-chirts-era5/region=africa/processing=climatology/variable=PTOT/period=annual/clim=wmo_1991-2020/stat=max/TMAX_DJF_1991-2020_max.tif
delete: s3://digital-atlas/domain=climate/type=observational/source=chirps-chirts-era5/region=africa/processing=climatology/variable=PTOT/period=annual/clim=wmo_1991-2020/stat=max/TMAX_DJF_1991-2020_mean.tif
delete: s3://digital-atlas/domain=climate/type=observational/source=chirps-chirts-era5/region=africa/processing=climatology/variable=PTOT/period=annual/clim=wmo_1991-2020/stat=max/TMAX_DJF_1991-2020_min.tif
delete: s3://digital-atlas/domain=climate/type=observational/source=chirps-chirts-era5/region=africa/processing=climatology/variable=PTOT/period=annual/clim=wmo_1991-2020/stat=max/TMAX_DJF_1991-2020_sd.tif
delete: s3://digital-atlas/domain=climate/type=observational/source=chirps-chirts-era5/region=africa/processing=climatology/variable=PTOT/period=annual/clim=wmo_1991-2020/stat=max/TMAX_DJF_1995-2014_mean.tif
delete: s3://digital-atlas/domain=climate/type=observational/source=chirps-chirts-era5/region=africa/processing=climatology/variable=PTOT/period=annual/clim=wmo_1991-2020/stat=max/TMAX_DJF_1995-2014_min.tif
delete: s3://digital-atlas/domain=climate/type=observational/source=chirps-chirts-era5/region=africa/processing=climatology/variable=PTOT/period=annual/clim=wmo_1991-2020/stat=max/TMAX_DJF_1995-2014_sd.tif
delete: s3://digital-atlas/domain=climate/type=observational/source=chirps-chirts-era5/region=africa/processing=climatology/variable=PTOT/period=annual/clim=wmo_1991-2020/stat=max/TMAX_DJF_1995-2014_max.tif
delete: s3://digital-atlas/domain=climate/type=observational/source=chirps-chirts-era5/region=africa/processing=climatology/variable=PTOT/period=annual/clim=wmo_1991-2020/stat=max/TMAX_DJF_full_max.tif
delete: s3://digital-atlas/domain=climate/type=observational/source=chirps-chirts-era5/region=africa/processing=climatology/variable=PTOT/period=annual/clim=wmo_1991-2020/stat=max/TMAX_DJF_full_mean.tif
delete: s3://digital-atlas/domain=climate/type=observational/source=chirps-chirts-era5/region=africa/processing=climatology/variable=PTOT/period=annual/clim=wmo_1991-2020/stat=max/TMAX_DJF_full_min.tif
delete: s3://digital-atlas/domain=climate/type=observational/source=chirps-chirts-era5/region=africa/processing=climatology/variable=PTOT/period=annual/clim=wmo_1991-2020/stat=max/TMAX_DJF_full_sd.tif
delete: s3://digital-atlas/domain=climate/type=observational/source=chirps-chirts-era5/region=africa/processing=climatology/variable=PTOT/period=annual/clim=wmo_1991-2020/stat=max/TMAX_FMA_1991-2020_max.tif
delete: s3://digital-atlas/domain=climate/type=observational/source=chirps-chirts-era5/region=africa/processing=climatology/variable=PTOT/period=annual/clim=wmo_1991-2020/stat=max/TMAX_FMA_1991-2020_mean.tif
delete: s3://digital-atlas/domain=climate/type=observational/source=chirps-chirts-era5/region=africa/processing=climatology/variable=PTOT/period=annual/clim=wmo_1991-2020/stat=max/TMAX_FMA_1991-2020_sd.tif
delete: s3://digital-atlas/domain=climate/type=observational/source=chirps-chirts-era5/region=africa/processing=climatology/variable=PTOT/period=annual/clim=wmo_1991-2020/stat=max/TMAX_FMA_1991-2020_min.tif
delete: s3://digital-atlas/domain=climate/type=observational/source=chirps-chirts-era5/region=africa/processing=climatology/variable=PTOT/period=annual/clim=wmo_1991-2020/stat=max/TMAX_FMA_1995-2014_max.tif
delete: s3://digital-atlas/domain=climate/type=observational/source=chirps-chirts-era5/region=africa/processing=climatology/variable=PTOT/period=annual/clim=wmo_1991-2020/stat=max/TMAX_FMA_1995-2014_mean.tif
delete: s3://digital-atlas/domain=climate/type=observational/source=chirps-chirts-era5/region=africa/processing=climatology/variable=PTOT/period=annual/clim=wmo_1991-2020/stat=max/TMAX_FMA_1995-2014_min.tif
delete: s3://digital-atlas/domain=climate/type=observational/source=chirps-chirts-era5/region=africa/processing=climatology/variable=PTOT/period=annual/clim=wmo_1991-2020/stat=max/TMAX_FMA_1995-2014_sd.tif
delete: s3://digital-atlas/domain=climate/type=observational/source=chirps-chirts-era5/region=africa/processing=climatology/variable=PTOT/period=annual/clim=wmo_1991-2020/stat=max/TMAX_FMA_full_max.tif
delete: s3://digital-atlas/domain=climate/type=observational/source=chirps-chirts-era5/region=africa/processing=climatology/variable=PTOT/period=annual/clim=wmo_1991-2020/stat=max/TMAX_FMA_full_mean.tif
delete: s3://digital-atlas/domain=climate/type=observational/source=chirps-chirts-era5/region=africa/processing=climatology/variable=PTOT/period=annual/clim=wmo_1991-2020/stat=max/TMAX_FMA_full_min.tif
delete: s3://digital-atlas/domain=climate/type=observational/source=chirps-chirts-era5/region=africa/processing=climatology/variable=PTOT/period=annual/clim=wmo_1991-2020/stat=max/TMAX_FMA_full_sd.tif
delete: s3://digital-atlas/domain=climate/type=observational/source=chirps-chirts-era5/region=africa/processing=climatology/variable=PTOT/period=annual/clim=wmo_1991-2020/stat=max/TMAX_JAS_1991-2020_max.tif
delete: s3://digital-atlas/domain=climate/type=observational/source=chirps-chirts-era5/region=africa/processing=climatology/variable=PTOT/period=annual/clim=wmo_1991-2020/stat=max/TMAX_JAS_1991-2020_mean.tif
delete: s3://digital-atlas/domain=climate/type=observational/source=chirps-chirts-era5/region=africa/processing=climatology/variable=PTOT/period=annual/clim=wmo_1991-2020/stat=max/TMAX_JAS_1991-2020_min.tif
delete: s3://digital-atlas/domain=climate/type=observational/source=chirps-chirts-era5/region=africa/processing=climatology/variable=PTOT/period=annual/clim=wmo_1991-2020/stat=max/TMAX_JAS_1991-2020_sd.tif
delete: s3://digital-atlas/domain=climate/type=observational/source=chirps-chirts-era5/region=africa/processing=climatology/variable=PTOT/period=annual/clim=wmo_1991-2020/stat=max/TMAX_JAS_1995-2014_max.tif
delete: s3://digital-atlas/domain=climate/type=observational/source=chirps-chirts-era5/region=africa/processing=climatology/variable=PTOT/period=annual/clim=wmo_1991-2020/stat=max/TMAX_JAS_1995-2014_mean.tif
delete: s3://digital-atlas/domain=climate/type=observational/source=chirps-chirts-era5/region=africa/processing=climatology/variable=PTOT/period=annual/clim=wmo_1991-2020/stat=max/TMAX_JAS_1995-2014_min.tif
delete: s3://digital-atlas/domain=climate/type=observational/source=chirps-chirts-era5/region=africa/processing=climatology/variable=PTOT/period=annual/clim=wmo_1991-2020/stat=max/TMAX_JAS_1995-2014_sd.tif
delete: s3://digital-atlas/domain=climate/type=observational/source=chirps-chirts-era5/region=africa/processing=climatology/variable=PTOT/period=annual/clim=wmo_1991-2020/stat=max/TMAX_JAS_full_max.tif
delete: s3://digital-atlas/domain=climate/type=observational/source=chirps-chirts-era5/region=africa/processing=climatology/variable=PTOT/period=annual/clim=wmo_1991-2020/stat=max/TMAX_JAS_full_mean.tif
delete: s3://digital-atlas/domain=climate/type=observational/source=chirps-chirts-era5/region=africa/processing=climatology/variable=PTOT/period=annual/clim=wmo_1991-2020/stat=max/TMAX_JAS_full_min.tif
delete: s3://digital-atlas/domain=climate/type=observational/source=chirps-chirts-era5/region=africa/processing=climatology/variable=PTOT/period=annual/clim=wmo_1991-2020/stat=max/TMAX_JAS_full_sd.tif
delete: s3://digital-atlas/domain=climate/type=observational/source=chirps-chirts-era5/region=africa/processing=climatology/variable=PTOT/period=annual/clim=wmo_1991-2020/stat=max/TMAX_JFM_1991-2020_max.tif
delete: s3://digital-atlas/domain=climate/type=observational/source=chirps-chirts-era5/region=africa/processing=climatology/variable=PTOT/period=annual/clim=wmo_1991-2020/stat=max/TMAX_JFM_1991-2020_mean.tif
delete: s3://digital-atlas/domain=climate/type=observational/source=chirps-chirts-era5/region=africa/processing=climatology/variable=PTOT/period=annual/clim=wmo_1991-2020/stat=max/TMAX_JFM_1991-2020_min.tif
delete: s3://digital-atlas/domain=climate/type=observational/source=chirps-chirts-era5/region=africa/processing=climatology/variable=PTOT/period=annual/clim=wmo_1991-2020/stat=max/TMAX_JFM_1991-2020_sd.tif
delete: s3://digital-atlas/domain=climate/type=observational/source=chirps-chirts-era5/region=africa/processing=climatology/variable=PTOT/period=annual/clim=wmo_1991-2020/stat=max/TMAX_JFM_1995-2014_max.tif
delete: s3://digital-atlas/domain=climate/type=observational/source=chirps-chirts-era5/region=africa/processing=climatology/variable=PTOT/period=annual/clim=wmo_1991-2020/stat=max/TMAX_JFM_1995-2014_mean.tif
delete: s3://digital-atlas/domain=climate/type=observational/source=chirps-chirts-era5/region=africa/processing=climatology/variable=PTOT/period=annual/clim=wmo_1991-2020/stat=max/TMAX_JFM_1995-2014_min.tif
delete: s3://digital-atlas/domain=climate/type=observational/source=chirps-chirts-era5/region=africa/processing=climatology/variable=PTOT/period=annual/clim=wmo_1991-2020/stat=max/TMAX_JFM_1995-2014_sd.tif
delete: s3://digital-atlas/domain=climate/type=observational/source=chirps-chirts-era5/region=africa/processing=climatology/variable=PTOT/period=annual/clim=wmo_1991-2020/stat=max/TMAX_JFM_full_max.tif
delete: s3://digital-atlas/domain=climate/type=observational/source=chirps-chirts-era5/region=africa/processing=climatology/variable=PTOT/period=annual/clim=wmo_1991-2020/stat=max/TMAX_JFM_full_mean.tif
delete: s3://digital-atlas/domain=climate/type=observational/source=chirps-chirts-era5/region=africa/processing=climatology/variable=PTOT/period=annual/clim=wmo_1991-2020/stat=max/TMAX_JFM_full_min.tif
delete: s3://digital-atlas/domain=climate/type=observational/source=chirps-chirts-era5/region=africa/processing=climatology/variable=PTOT/period=annual/clim=wmo_1991-2020/stat=max/TMAX_JFM_full_sd.tif
delete: s3://digital-atlas/domain=climate/type=observational/source=chirps-chirts-era5/region=africa/processing=climatology/variable=PTOT/period=annual/clim=wmo_1991-2020/stat=max/TMAX_JJA_1991-2020_max.tif
delete: s3://digital-atlas/domain=climate/type=observational/source=chirps-chirts-era5/region=africa/processing=climatology/variable=PTOT/period=annual/clim=wmo_1991-2020/stat=max/TMAX_JJA_1991-2020_mean.tif
delete: s3://digital-atlas/domain=climate/type=observational/source=chirps-chirts-era5/region=africa/processing=climatology/variable=PTOT/period=annual/clim=wmo_1991-2020/stat=max/TMAX_JJA_1991-2020_min.tif
delete: s3://digital-atlas/domain=climate/type=observational/source=chirps-chirts-era5/region=africa/processing=climatology/variable=PTOT/period=annual/clim=wmo_1991-2020/stat=max/TMAX_JJA_1995-2014_max.tif
delete: s3://digital-atlas/domain=climate/type=observational/source=chirps-chirts-era5/region=africa/processing=climatology/variable=PTOT/period=annual/clim=wmo_1991-2020/stat=max/TMAX_JJA_1991-2020_sd.tif
delete: s3://digital-atlas/domain=climate/type=observational/source=chirps-chirts-era5/region=africa/processing=climatology/variable=PTOT/period=annual/clim=wmo_1991-2020/stat=max/TMAX_JJA_1995-2014_mean.tif
delete: s3://digital-atlas/domain=climate/type=observational/source=chirps-chirts-era5/region=africa/processing=climatology/variable=PTOT/period=annual/clim=wmo_1991-2020/stat=max/TMAX_JJA_1995-2014_min.tif
delete: s3://digital-atlas/domain=climate/type=observational/source=chirps-chirts-era5/region=africa/processing=climatology/variable=PTOT/period=annual/clim=wmo_1991-2020/stat=max/TMAX_JJA_full_mean.tif
delete: s3://digital-atlas/domain=climate/type=observational/source=chirps-chirts-era5/region=africa/processing=climatology/variable=PTOT/period=annual/clim=wmo_1991-2020/stat=max/TMAX_JJA_full_max.tif
delete: s3://digital-atlas/domain=climate/type=observational/source=chirps-chirts-era5/region=africa/processing=climatology/variable=PTOT/period=annual/clim=wmo_1991-2020/stat=max/TMAX_JJA_full_min.tif
delete: s3://digital-atlas/domain=climate/type=observational/source=chirps-chirts-era5/region=africa/processing=climatology/variable=PTOT/period=annual/clim=wmo_1991-2020/stat=max/TMAX_JJA_1995-2014_sd.tif
delete: s3://digital-atlas/domain=climate/type=observational/source=chirps-chirts-era5/region=africa/processing=climatology/variable=PTOT/period=annual/clim=wmo_1991-2020/stat=max/TMAX_MAM_1991-2020_max.tif
delete: s3://digital-atlas/domain=climate/type=observational/source=chirps-chirts-era5/region=africa/processing=climatology/variable=PTOT/period=annual/clim=wmo_1991-2020/stat=max/TMAX_MAM_1991-2020_mean.tif
delete: s3://digital-atlas/domain=climate/type=observational/source=chirps-chirts-era5/region=africa/processing=climatology/variable=PTOT/period=annual/clim=wmo_1991-2020/stat=max/TMAX_JJA_full_sd.tif
delete: s3://digital-atlas/domain=climate/type=observational/source=chirps-chirts-era5/region=africa/processing=climatology/variable=PTOT/period=annual/clim=wmo_1991-2020/stat=max/TMAX_MAM_1991-2020_sd.tif
delete: s3://digital-atlas/domain=climate/type=observational/source=chirps-chirts-era5/region=africa/processing=climatology/variable=PTOT/period=annual/clim=wmo_1991-2020/stat=max/TMAX_MAM_1991-2020_min.tif
delete: s3://digital-atlas/domain=climate/type=observational/source=chirps-chirts-era5/region=africa/processing=climatology/variable=PTOT/period=annual/clim=wmo_1991-2020/stat=max/TMAX_MAM_1995-2014_max.tif
delete: s3://digital-atlas/domain=climate/type=observational/source=chirps-chirts-era5/region=africa/processing=climatology/variable=PTOT/period=annual/clim=wmo_1991-2020/stat=max/TMAX_MAM_1995-2014_mean.tif
delete: s3://digital-atlas/domain=climate/type=observational/source=chirps-chirts-era5/region=africa/processing=climatology/variable=PTOT/period=annual/clim=wmo_1991-2020/stat=max/TMAX_MAM_1995-2014_min.tif
delete: s3://digital-atlas/domain=climate/type=observational/source=chirps-chirts-era5/region=africa/processing=climatology/variable=PTOT/period=annual/clim=wmo_1991-2020/stat=max/TMAX_MAM_1995-2014_sd.tif
delete: s3://digital-atlas/domain=climate/type=observational/source=chirps-chirts-era5/region=africa/processing=climatology/variable=PTOT/period=annual/clim=wmo_1991-2020/stat=max/TMAX_MAM_full_max.tif
delete: s3://digital-atlas/domain=climate/type=observational/source=chirps-chirts-era5/region=africa/processing=climatology/variable=PTOT/period=annual/clim=wmo_1991-2020/stat=max/TMAX_MAM_full_mean.tif
delete: s3://digital-atlas/domain=climate/type=observational/source=chirps-chirts-era5/region=africa/processing=climatology/variable=PTOT/period=annual/clim=wmo_1991-2020/stat=max/TMAX_MAM_full_min.tif
delete: s3://digital-atlas/domain=climate/type=observational/source=chirps-chirts-era5/region=africa/processing=climatology/variable=PTOT/period=annual/clim=wmo_1991-2020/stat=max/TMAX_MAM_full_sd.tif
delete: s3://digital-atlas/domain=climate/type=observational/source=chirps-chirts-era5/region=africa/processing=climatology/variable=PTOT/period=annual/clim=wmo_1991-2020/stat=max/TMAX_MJJ_1991-2020_max.tif
delete: s3://digital-atlas/domain=climate/type=observational/source=chirps-chirts-era5/region=africa/processing=climatology/variable=PTOT/period=annual/clim=wmo_1991-2020/stat=max/TMAX_MJJ_1991-2020_mean.tif
delete: s3://digital-atlas/domain=climate/type=observational/source=chirps-chirts-era5/region=africa/processing=climatology/variable=PTOT/period=annual/clim=wmo_1991-2020/stat=max/TMAX_MJJ_1991-2020_min.tif
delete: s3://digital-atlas/domain=climate/type=observational/source=chirps-chirts-era5/region=africa/processing=climatology/variable=PTOT/period=annual/clim=wmo_1991-2020/stat=max/TMAX_MJJ_1991-2020_sd.tif
delete: s3://digital-atlas/domain=climate/type=observational/source=chirps-chirts-era5/region=africa/processing=climatology/variable=PTOT/period=annual/clim=wmo_1991-2020/stat=max/TMAX_MJJ_1995-2014_max.tif
delete: s3://digital-atlas/domain=climate/type=observational/source=chirps-chirts-era5/region=africa/processing=climatology/variable=PTOT/period=annual/clim=wmo_1991-2020/stat=max/TMAX_MJJ_1995-2014_mean.tif
delete: s3://digital-atlas/domain=climate/type=observational/source=chirps-chirts-era5/region=africa/processing=climatology/variable=PTOT/period=annual/clim=wmo_1991-2020/stat=max/TMAX_MJJ_1995-2014_min.tif
delete: s3://digital-atlas/domain=climate/type=observational/source=chirps-chirts-era5/region=africa/processing=climatology/variable=PTOT/period=annual/clim=wmo_1991-2020/stat=max/TMAX_MJJ_1995-2014_sd.tif
delete: s3://digital-atlas/domain=climate/type=observational/source=chirps-chirts-era5/region=africa/processing=climatology/variable=PTOT/period=annual/clim=wmo_1991-2020/stat=max/TMAX_MJJ_full_max.tif
delete: s3://digital-atlas/domain=climate/type=observational/source=chirps-chirts-era5/region=africa/processing=climatology/variable=PTOT/period=annual/clim=wmo_1991-2020/stat=max/TMAX_MJJ_full_mean.tif
delete: s3://digital-atlas/domain=climate/type=observational/source=chirps-chirts-era5/region=africa/processing=climatology/variable=PTOT/period=annual/clim=wmo_1991-2020/stat=max/TMAX_MJJ_full_min.tif
delete: s3://digital-atlas/domain=climate/type=observational/source=chirps-chirts-era5/region=africa/processing=climatology/variable=PTOT/period=annual/clim=wmo_1991-2020/stat=max/TMAX_MJJ_full_sd.tif
delete: s3://digital-atlas/domain=climate/type=observational/source=chirps-chirts-era5/region=africa/processing=climatology/variable=PTOT/period=annual/clim=wmo_1991-2020/stat=max/TMAX_NDJ_1991-2020_max.tif
delete: s3://digital-atlas/domain=climate/type=observational/source=chirps-chirts-era5/region=africa/processing=climatology/variable=PTOT/period=annual/clim=wmo_1991-2020/stat=max/TMAX_NDJ_1991-2020_mean.tif
delete: s3://digital-atlas/domain=climate/type=observational/source=chirps-chirts-era5/region=africa/processing=climatology/variable=PTOT/period=annual/clim=wmo_1991-2020/stat=max/TMAX_NDJ_1991-2020_min.tif
delete: s3://digital-atlas/domain=climate/type=observational/source=chirps-chirts-era5/region=africa/processing=climatology/variable=PTOT/period=annual/clim=wmo_1991-2020/stat=max/TMAX_NDJ_1991-2020_sd.tif
delete: s3://digital-atlas/domain=climate/type=observational/source=chirps-chirts-era5/region=africa/processing=climatology/variable=PTOT/period=annual/clim=wmo_1991-2020/stat=max/TMAX_NDJ_1995-2014_max.tif
delete: s3://digital-atlas/domain=climate/type=observational/source=chirps-chirts-era5/region=africa/processing=climatology/variable=PTOT/period=annual/clim=wmo_1991-2020/stat=max/TMAX_NDJ_1995-2014_mean.tif
delete: s3://digital-atlas/domain=climate/type=observational/source=chirps-chirts-era5/region=africa/processing=climatology/variable=PTOT/period=annual/clim=wmo_1991-2020/stat=max/TMAX_NDJ_1995-2014_sd.tif
delete: s3://digital-atlas/domain=climate/type=observational/source=chirps-chirts-era5/region=africa/processing=climatology/variable=PTOT/period=annual/clim=wmo_1991-2020/stat=max/TMAX_NDJ_full_max.tif
delete: s3://digital-atlas/domain=climate/type=observational/source=chirps-chirts-era5/region=africa/processing=climatology/variable=PTOT/period=annual/clim=wmo_1991-2020/stat=max/TMAX_NDJ_full_mean.tif
delete: s3://digital-atlas/domain=climate/type=observational/source=chirps-chirts-era5/region=africa/processing=climatology/variable=PTOT/period=annual/clim=wmo_1991-2020/stat=max/TMAX_NDJ_full_min.tif
delete: s3://digital-atlas/domain=climate/type=observational/source=chirps-chirts-era5/region=africa/processing=climatology/variable=PTOT/period=annual/clim=wmo_1991-2020/stat=max/TMAX_NDJ_1995-2014_min.tif
delete: s3://digital-atlas/domain=climate/type=observational/source=chirps-chirts-era5/region=africa/processing=climatology/variable=PTOT/period=annual/clim=wmo_1991-2020/stat=max/TMAX_NDJ_full_sd.tif
delete: s3://digital-atlas/domain=climate/type=observational/source=chirps-chirts-era5/region=africa/processing=climatology/variable=PTOT/period=annual/clim=wmo_1991-2020/stat=max/TMAX_OND_1991-2020_max.tif
delete: s3://digital-atlas/domain=climate/type=observational/source=chirps-chirts-era5/region=africa/processing=climatology/variable=PTOT/period=annual/clim=wmo_1991-2020/stat=max/TMAX_OND_1991-2020_mean.tif
delete: s3://digital-atlas/domain=climate/type=observational/source=chirps-chirts-era5/region=africa/processing=climatology/variable=PTOT/period=annual/clim=wmo_1991-2020/stat=max/TMAX_OND_1991-2020_min.tif
delete: s3://digital-atlas/domain=climate/type=observational/source=chirps-chirts-era5/region=africa/processing=climatology/variable=PTOT/period=annual/clim=wmo_1991-2020/stat=max/TMAX_OND_1991-2020_sd.tif
delete: s3://digital-atlas/domain=climate/type=observational/source=chirps-chirts-era5/region=africa/processing=climatology/variable=PTOT/period=annual/clim=wmo_1991-2020/stat=max/TMAX_OND_1995-2014_mean.tif
delete: s3://digital-atlas/domain=climate/type=observational/source=chirps-chirts-era5/region=africa/processing=climatology/variable=PTOT/period=annual/clim=wmo_1991-2020/stat=max/TMAX_OND_1995-2014_max.tif
delete: s3://digital-atlas/domain=climate/type=observational/source=chirps-chirts-era5/region=africa/processing=climatology/variable=PTOT/period=annual/clim=wmo_1991-2020/stat=max/TMAX_OND_1995-2014_sd.tif
delete: s3://digital-atlas/domain=climate/type=observational/source=chirps-chirts-era5/region=africa/processing=climatology/variable=PTOT/period=annual/clim=wmo_1991-2020/stat=max/TMAX_OND_full_max.tif
delete: s3://digital-atlas/domain=climate/type=observational/source=chirps-chirts-era5/region=africa/processing=climatology/variable=PTOT/period=annual/clim=wmo_1991-2020/stat=max/TMAX_OND_1995-2014_min.tif
delete: s3://digital-atlas/domain=climate/type=observational/source=chirps-chirts-era5/region=africa/processing=climatology/variable=PTOT/period=annual/clim=wmo_1991-2020/stat=max/TMAX_OND_full_mean.tif
delete: s3://digital-atlas/domain=climate/type=observational/source=chirps-chirts-era5/region=africa/processing=climatology/variable=PTOT/period=annual/clim=wmo_1991-2020/stat=max/TMAX_OND_full_min.tif
delete: s3://digital-atlas/domain=climate/type=observational/source=chirps-chirts-era5/region=africa/processing=climatology/variable=PTOT/period=annual/clim=wmo_1991-2020/stat=max/TMAX_OND_full_sd.tif
delete: s3://digital-atlas/domain=climate/type=observational/source=chirps-chirts-era5/region=africa/processing=climatology/variable=PTOT/period=annual/clim=wmo_1991-2020/stat=max/TMAX_SON_1991-2020_max.tif
delete: s3://digital-atlas/domain=climate/type=observational/source=chirps-chirts-era5/region=africa/processing=climatology/variable=PTOT/period=annual/clim=wmo_1991-2020/stat=max/TMAX_SON_1991-2020_mean.tif
delete: s3://digital-atlas/domain=climate/type=observational/source=chirps-chirts-era5/region=africa/processing=climatology/variable=PTOT/period=annual/clim=wmo_1991-2020/stat=max/TMAX_SON_1991-2020_sd.tif
delete: s3://digital-atlas/domain=climate/type=observational/source=chirps-chirts-era5/region=africa/processing=climatology/variable=PTOT/period=annual/clim=wmo_1991-2020/stat=max/TMAX_SON_1995-2014_mean.tif
delete: s3://digital-atlas/domain=climate/type=observational/source=chirps-chirts-era5/region=africa/processing=climatology/variable=PTOT/period=annual/clim=wmo_1991-2020/stat=max/TMAX_SON_1995-2014_max.tif
delete: s3://digital-atlas/domain=climate/type=observational/source=chirps-chirts-era5/region=africa/processing=climatology/variable=PTOT/period=annual/clim=wmo_1991-2020/stat=max/TMAX_SON_1991-2020_min.tif
delete: s3://digital-atlas/domain=climate/type=observational/source=chirps-chirts-era5/region=africa/processing=climatology/variable=PTOT/period=annual/clim=wmo_1991-2020/stat=max/TMAX_SON_1995-2014_min.tif
delete: s3://digital-atlas/domain=climate/type=observational/source=chirps-chirts-era5/region=africa/processing=climatology/variable=PTOT/period=annual/clim=wmo_1991-2020/stat=max/TMAX_SON_1995-2014_sd.tif
delete: s3://digital-atlas/domain=climate/type=observational/source=chirps-chirts-era5/region=africa/processing=climatology/variable=PTOT/period=annual/clim=wmo_1991-2020/stat=max/TMAX_SON_full_max.tif
delete: s3://digital-atlas/domain=climate/type=observational/source=chirps-chirts-era5/region=africa/processing=climatology/variable=PTOT/period=annual/clim=wmo_1991-2020/stat=max/TMAX_SON_full_mean.tif
delete: s3://digital-atlas/domain=climate/type=observational/source=chirps-chirts-era5/region=africa/processing=climatology/variable=PTOT/period=annual/clim=wmo_1991-2020/stat=max/TMAX_SON_full_min.tif
delete: s3://digital-atlas/domain=climate/type=observational/source=chirps-chirts-era5/region=africa/processing=climatology/variable=PTOT/period=annual/clim=wmo_1991-2020/stat=max/TMAX_SON_full_sd.tif
delete: s3://digital-atlas/domain=climate/type=observational/source=chirps-chirts-era5/region=africa/processing=climatology/variable=PTOT/period=annual/clim=wmo_1991-2020/stat=max/TMAX_annual_1991-2020_max.tif
delete: s3://digital-atlas/domain=climate/type=observational/source=chirps-chirts-era5/region=africa/processing=climatology/variable=PTOT/period=annual/clim=wmo_1991-2020/stat=max/TMAX_annual_1991-2020_mean.tif
delete: s3://digital-atlas/domain=climate/type=observational/source=chirps-chirts-era5/region=africa/processing=climatology/variable=PTOT/period=annual/clim=wmo_1991-2020/stat=max/TMAX_annual_1991-2020_min.tif
delete: s3://digital-atlas/domain=climate/type=observational/source=chirps-chirts-era5/region=africa/processing=climatology/variable=PTOT/period=annual/clim=wmo_1991-2020/stat=max/TMAX_annual_1991-2020_sd.tif
delete: s3://digital-atlas/domain=climate/type=observational/source=chirps-chirts-era5/region=africa/processing=climatology/variable=PTOT/period=annual/clim=wmo_1991-2020/stat=max/TMAX_annual_1995-2014_max.tif
delete: s3://digital-atlas/domain=climate/type=observational/source=chirps-chirts-era5/region=africa/processing=climatology/variable=PTOT/period=annual/clim=wmo_1991-2020/stat=max/TMAX_annual_1995-2014_mean.tif
delete: s3://digital-atlas/domain=climate/type=observational/source=chirps-chirts-era5/region=africa/processing=climatology/variable=PTOT/period=annual/clim=wmo_1991-2020/stat=max/TMAX_annual_1995-2014_min.tif
delete: s3://digital-atlas/domain=climate/type=observational/source=chirps-chirts-era5/region=africa/processing=climatology/variable=PTOT/period=annual/clim=wmo_1991-2020/stat=max/TMAX_annual_1995-2014_sd.tif
delete: s3://digital-atlas/domain=climate/type=observational/source=chirps-chirts-era5/region=africa/processing=climatology/variable=PTOT/period=annual/clim=wmo_1991-2020/stat=max/TMAX_annual_full_mean.tif
delete: s3://digital-atlas/domain=climate/type=observational/source=chirps-chirts-era5/region=africa/processing=climatology/variable=PTOT/period=annual/clim=wmo_1991-2020/stat=max/TMAX_annual_full_max.tif
delete: s3://digital-atlas/domain=climate/type=observational/source=chirps-chirts-era5/region=africa/processing=climatology/variable=PTOT/period=annual/clim=wmo_1991-2020/stat=max/TMAX_annual_full_min.tif
delete: s3://digital-atlas/domain=climate/type=observational/source=chirps-chirts-era5/region=africa/processing=climatology/variable=PTOT/period=annual/clim=wmo_1991-2020/stat=max/TMAX_annual_full_sd.tif
delete: s3://digital-atlas/domain=climate/type=observational/source=chirps-chirts-era5/region=africa/processing=climatology/variable=PTOT/period=annual/clim=wmo_1991-2020/stat=max/TMIN_AMJ_1991-2020_max.tif
delete: s3://digital-atlas/domain=climate/type=observational/source=chirps-chirts-era5/region=africa/processing=climatology/variable=PTOT/period=annual/clim=wmo_1991-2020/stat=max/TMIN_AMJ_1991-2020_mean.tif
delete: s3://digital-atlas/domain=climate/type=observational/source=chirps-chirts-era5/region=africa/processing=climatology/variable=PTOT/period=annual/clim=wmo_1991-2020/stat=max/TMIN_AMJ_1991-2020_min.tif
delete: s3://digital-atlas/domain=climate/type=observational/source=chirps-chirts-era5/region=africa/processing=climatology/variable=PTOT/period=annual/clim=wmo_1991-2020/stat=max/TMIN_AMJ_1991-2020_sd.tif
delete: s3://digital-atlas/domain=climate/type=observational/source=chirps-chirts-era5/region=africa/processing=climatology/variable=PTOT/period=annual/clim=wmo_1991-2020/stat=max/TMIN_AMJ_1995-2014_max.tif
delete: s3://digital-atlas/domain=climate/type=observational/source=chirps-chirts-era5/region=africa/processing=climatology/variable=PTOT/period=annual/clim=wmo_1991-2020/stat=max/TMIN_AMJ_1995-2014_min.tif
delete: s3://digital-atlas/domain=climate/type=observational/source=chirps-chirts-era5/region=africa/processing=climatology/variable=PTOT/period=annual/clim=wmo_1991-2020/stat=max/TMIN_AMJ_full_min.tif
delete: s3://digital-atlas/domain=climate/type=observational/source=chirps-chirts-era5/region=africa/processing=climatology/variable=PTOT/period=annual/clim=wmo_1991-2020/stat=max/TMIN_AMJ_1995-2014_sd.tif
delete: s3://digital-atlas/domain=climate/type=observational/source=chirps-chirts-era5/region=africa/processing=climatology/variable=PTOT/period=annual/clim=wmo_1991-2020/stat=max/TMIN_AMJ_full_max.tif
delete: s3://digital-atlas/domain=climate/type=observational/source=chirps-chirts-era5/region=africa/processing=climatology/variable=PTOT/period=annual/clim=wmo_1991-2020/stat=max/TMIN_AMJ_full_mean.tif
delete: s3://digital-atlas/domain=climate/type=observational/source=chirps-chirts-era5/region=africa/processing=climatology/variable=PTOT/period=annual/clim=wmo_1991-2020/stat=max/TMIN_AMJ_full_sd.tif
delete: s3://digital-atlas/domain=climate/type=observational/source=chirps-chirts-era5/region=africa/processing=climatology/variable=PTOT/period=annual/clim=wmo_1991-2020/stat=max/TMIN_ASO_1991-2020_max.tif
delete: s3://digital-atlas/domain=climate/type=observational/source=chirps-chirts-era5/region=africa/processing=climatology/variable=PTOT/period=annual/clim=wmo_1991-2020/stat=max/TMIN_ASO_1995-2014_max.tif
delete: s3://digital-atlas/domain=climate/type=observational/source=chirps-chirts-era5/region=africa/processing=climatology/variable=PTOT/period=annual/clim=wmo_1991-2020/stat=max/TMIN_ASO_1991-2020_mean.tif
delete: s3://digital-atlas/domain=climate/type=observational/source=chirps-chirts-era5/region=africa/processing=climatology/variable=PTOT/period=annual/clim=wmo_1991-2020/stat=max/TMIN_ASO_1991-2020_min.tif
delete: s3://digital-atlas/domain=climate/type=observational/source=chirps-chirts-era5/region=africa/processing=climatology/variable=PTOT/period=annual/clim=wmo_1991-2020/stat=max/TMIN_ASO_1991-2020_sd.tif
delete: s3://digital-atlas/domain=climate/type=observational/source=chirps-chirts-era5/region=africa/processing=climatology/variable=PTOT/period=annual/clim=wmo_1991-2020/stat=max/TMIN_ASO_1995-2014_mean.tif
delete: s3://digital-atlas/domain=climate/type=observational/source=chirps-chirts-era5/region=africa/processing=climatology/variable=PTOT/period=annual/clim=wmo_1991-2020/stat=max/TMIN_AMJ_1995-2014_mean.tif
delete: s3://digital-atlas/domain=climate/type=observational/source=chirps-chirts-era5/region=africa/processing=climatology/variable=PTOT/period=annual/clim=wmo_1991-2020/stat=max/TMIN_ASO_1995-2014_min.tif
delete: s3://digital-atlas/domain=climate/type=observational/source=chirps-chirts-era5/region=africa/processing=climatology/variable=PTOT/period=annual/clim=wmo_1991-2020/stat=max/TMIN_ASO_full_sd.tif
delete: s3://digital-atlas/domain=climate/type=observational/source=chirps-chirts-era5/region=africa/processing=climatology/variable=PTOT/period=annual/clim=wmo_1991-2020/stat=max/TMIN_ASO_full_max.tif
delete: s3://digital-atlas/domain=climate/type=observational/source=chirps-chirts-era5/region=africa/processing=climatology/variable=PTOT/period=annual/clim=wmo_1991-2020/stat=max/TMIN_ASO_full_mean.tif
delete: s3://digital-atlas/domain=climate/type=observational/source=chirps-chirts-era5/region=africa/processing=climatology/variable=PTOT/period=annual/clim=wmo_1991-2020/stat=max/TMIN_DJF_1991-2020_max.tif
delete: s3://digital-atlas/domain=climate/type=observational/source=chirps-chirts-era5/region=africa/processing=climatology/variable=PTOT/period=annual/clim=wmo_1991-2020/stat=max/TMIN_ASO_full_min.tif
delete: s3://digital-atlas/domain=climate/type=observational/source=chirps-chirts-era5/region=africa/processing=climatology/variable=PTOT/period=annual/clim=wmo_1991-2020/stat=max/TMIN_ASO_1995-2014_sd.tif
delete: s3://digital-atlas/domain=climate/type=observational/source=chirps-chirts-era5/region=africa/processing=climatology/variable=PTOT/period=annual/clim=wmo_1991-2020/stat=max/TMIN_DJF_1991-2020_mean.tif
delete: s3://digital-atlas/domain=climate/type=observational/source=chirps-chirts-era5/region=africa/processing=climatology/variable=PTOT/period=annual/clim=wmo_1991-2020/stat=max/TMIN_DJF_1991-2020_min.tif
delete: s3://digital-atlas/domain=climate/type=observational/source=chirps-chirts-era5/region=africa/processing=climatology/variable=PTOT/period=annual/clim=wmo_1991-2020/stat=max/TMIN_DJF_1995-2014_max.tif
delete: s3://digital-atlas/domain=climate/type=observational/source=chirps-chirts-era5/region=africa/processing=climatology/variable=PTOT/period=annual/clim=wmo_1991-2020/stat=max/TMIN_DJF_full_mean.tif
delete: s3://digital-atlas/domain=climate/type=observational/source=chirps-chirts-era5/region=africa/processing=climatology/variable=PTOT/period=annual/clim=wmo_1991-2020/stat=max/TMIN_DJF_1995-2014_min.tif
delete: s3://digital-atlas/domain=climate/type=observational/source=chirps-chirts-era5/region=africa/processing=climatology/variable=PTOT/period=annual/clim=wmo_1991-2020/stat=max/TMIN_DJF_1991-2020_sd.tif
delete: s3://digital-atlas/domain=climate/type=observational/source=chirps-chirts-era5/region=africa/processing=climatology/variable=PTOT/period=annual/clim=wmo_1991-2020/stat=max/TMIN_DJF_1995-2014_sd.tif
delete: s3://digital-atlas/domain=climate/type=observational/source=chirps-chirts-era5/region=africa/processing=climatology/variable=PTOT/period=annual/clim=wmo_1991-2020/stat=max/TMIN_DJF_full_max.tif
delete: s3://digital-atlas/domain=climate/type=observational/source=chirps-chirts-era5/region=africa/processing=climatology/variable=PTOT/period=annual/clim=wmo_1991-2020/stat=max/TMIN_DJF_1995-2014_mean.tif
delete: s3://digital-atlas/domain=climate/type=observational/source=chirps-chirts-era5/region=africa/processing=climatology/variable=PTOT/period=annual/clim=wmo_1991-2020/stat=max/TMIN_DJF_full_min.tif
delete: s3://digital-atlas/domain=climate/type=observational/source=chirps-chirts-era5/region=africa/processing=climatology/variable=PTOT/period=annual/clim=wmo_1991-2020/stat=max/TMIN_DJF_full_sd.tif
delete: s3://digital-atlas/domain=climate/type=observational/source=chirps-chirts-era5/region=africa/processing=climatology/variable=PTOT/period=annual/clim=wmo_1991-2020/stat=max/TMIN_FMA_1991-2020_max.tif
delete: s3://digital-atlas/domain=climate/type=observational/source=chirps-chirts-era5/region=africa/processing=climatology/variable=PTOT/period=annual/clim=wmo_1991-2020/stat=max/TMIN_FMA_1995-2014_min.tif
delete: s3://digital-atlas/domain=climate/type=observational/source=chirps-chirts-era5/region=africa/processing=climatology/variable=PTOT/period=annual/clim=wmo_1991-2020/stat=max/TMIN_FMA_1991-2020_min.tif
delete: s3://digital-atlas/domain=climate/type=observational/source=chirps-chirts-era5/region=africa/processing=climatology/variable=PTOT/period=annual/clim=wmo_1991-2020/stat=max/TMIN_FMA_1991-2020_mean.tif
delete: s3://digital-atlas/domain=climate/type=observational/source=chirps-chirts-era5/region=africa/processing=climatology/variable=PTOT/period=annual/clim=wmo_1991-2020/stat=max/TMIN_FMA_1995-2014_max.tif
delete: s3://digital-atlas/domain=climate/type=observational/source=chirps-chirts-era5/region=africa/processing=climatology/variable=PTOT/period=annual/clim=wmo_1991-2020/stat=max/TMIN_FMA_1995-2014_mean.tif
delete: s3://digital-atlas/domain=climate/type=observational/source=chirps-chirts-era5/region=africa/processing=climatology/variable=PTOT/period=annual/clim=wmo_1991-2020/stat=max/TMIN_FMA_1995-2014_sd.tif
delete: s3://digital-atlas/domain=climate/type=observational/source=chirps-chirts-era5/region=africa/processing=climatology/variable=PTOT/period=annual/clim=wmo_1991-2020/stat=max/TMIN_FMA_full_max.tif
delete: s3://digital-atlas/domain=climate/type=observational/source=chirps-chirts-era5/region=africa/processing=climatology/variable=PTOT/period=annual/clim=wmo_1991-2020/stat=max/TMIN_FMA_full_mean.tif
delete: s3://digital-atlas/domain=climate/type=observational/source=chirps-chirts-era5/region=africa/processing=climatology/variable=PTOT/period=annual/clim=wmo_1991-2020/stat=max/TMIN_JAS_1991-2020_max.tif
delete: s3://digital-atlas/domain=climate/type=observational/source=chirps-chirts-era5/region=africa/processing=climatology/variable=PTOT/period=annual/clim=wmo_1991-2020/stat=max/TMIN_FMA_full_min.tif
delete: s3://digital-atlas/domain=climate/type=observational/source=chirps-chirts-era5/region=africa/processing=climatology/variable=PTOT/period=annual/clim=wmo_1991-2020/stat=max/TMIN_FMA_full_sd.tif
delete: s3://digital-atlas/domain=climate/type=observational/source=chirps-chirts-era5/region=africa/processing=climatology/variable=PTOT/period=annual/clim=wmo_1991-2020/stat=max/TMIN_JAS_1991-2020_mean.tif
delete: s3://digital-atlas/domain=climate/type=observational/source=chirps-chirts-era5/region=africa/processing=climatology/variable=PTOT/period=annual/clim=wmo_1991-2020/stat=max/TMIN_FMA_1991-2020_sd.tif
delete: s3://digital-atlas/domain=climate/type=observational/source=chirps-chirts-era5/region=africa/processing=climatology/variable=PTOT/period=annual/clim=wmo_1991-2020/stat=max/TMIN_JAS_1991-2020_min.tif
delete: s3://digital-atlas/domain=climate/type=observational/source=chirps-chirts-era5/region=africa/processing=climatology/variable=PTOT/period=annual/clim=wmo_1991-2020/stat=max/TMIN_JAS_1991-2020_sd.tif
delete: s3://digital-atlas/domain=climate/type=observational/source=chirps-chirts-era5/region=africa/processing=climatology/variable=PTOT/period=annual/clim=wmo_1991-2020/stat=max/TMIN_JAS_1995-2014_max.tif
delete: s3://digital-atlas/domain=climate/type=observational/source=chirps-chirts-era5/region=africa/processing=climatology/variable=PTOT/period=annual/clim=wmo_1991-2020/stat=max/TMIN_JAS_1995-2014_mean.tif
delete: s3://digital-atlas/domain=climate/type=observational/source=chirps-chirts-era5/region=africa/processing=climatology/variable=PTOT/period=annual/clim=wmo_1991-2020/stat=max/TMIN_JAS_1995-2014_min.tif
delete: s3://digital-atlas/domain=climate/type=observational/source=chirps-chirts-era5/region=africa/processing=climatology/variable=PTOT/period=annual/clim=wmo_1991-2020/stat=max/TMIN_JAS_1995-2014_sd.tif
delete: s3://digital-atlas/domain=climate/type=observational/source=chirps-chirts-era5/region=africa/processing=climatology/variable=PTOT/period=annual/clim=wmo_1991-2020/stat=max/TMIN_JAS_full_max.tif
delete: s3://digital-atlas/domain=climate/type=observational/source=chirps-chirts-era5/region=africa/processing=climatology/variable=PTOT/period=annual/clim=wmo_1991-2020/stat=max/TMIN_JAS_full_mean.tif
delete: s3://digital-atlas/domain=climate/type=observational/source=chirps-chirts-era5/region=africa/processing=climatology/variable=PTOT/period=annual/clim=wmo_1991-2020/stat=max/TMIN_JAS_full_min.tif
delete: s3://digital-atlas/domain=climate/type=observational/source=chirps-chirts-era5/region=africa/processing=climatology/variable=PTOT/period=annual/clim=wmo_1991-2020/stat=max/TMIN_JAS_full_sd.tif
delete: s3://digital-atlas/domain=climate/type=observational/source=chirps-chirts-era5/region=africa/processing=climatology/variable=PTOT/period=annual/clim=wmo_1991-2020/stat=max/TMIN_JFM_1991-2020_max.tif
delete: s3://digital-atlas/domain=climate/type=observational/source=chirps-chirts-era5/region=africa/processing=climatology/variable=PTOT/period=annual/clim=wmo_1991-2020/stat=max/TMIN_JFM_1991-2020_min.tif
delete: s3://digital-atlas/domain=climate/type=observational/source=chirps-chirts-era5/region=africa/processing=climatology/variable=PTOT/period=annual/clim=wmo_1991-2020/stat=max/TMIN_JFM_1991-2020_sd.tif
delete: s3://digital-atlas/domain=climate/type=observational/source=chirps-chirts-era5/region=africa/processing=climatology/variable=PTOT/period=annual/clim=wmo_1991-2020/stat=max/TMIN_JFM_1991-2020_mean.tif
delete: s3://digital-atlas/domain=climate/type=observational/source=chirps-chirts-era5/region=africa/processing=climatology/variable=PTOT/period=annual/clim=wmo_1991-2020/stat=max/TMIN_JFM_1995-2014_mean.tif
delete: s3://digital-atlas/domain=climate/type=observational/source=chirps-chirts-era5/region=africa/processing=climatology/variable=PTOT/period=annual/clim=wmo_1991-2020/stat=max/TMIN_JFM_1995-2014_max.tif
delete: s3://digital-atlas/domain=climate/type=observational/source=chirps-chirts-era5/region=africa/processing=climatology/variable=PTOT/period=annual/clim=wmo_1991-2020/stat=max/TMIN_JFM_1995-2014_min.tif
delete: s3://digital-atlas/domain=climate/type=observational/source=chirps-chirts-era5/region=africa/processing=climatology/variable=PTOT/period=annual/clim=wmo_1991-2020/stat=max/TMIN_JFM_1995-2014_sd.tif
delete: s3://digital-atlas/domain=climate/type=observational/source=chirps-chirts-era5/region=africa/processing=climatology/variable=PTOT/period=annual/clim=wmo_1991-2020/stat=max/TMIN_JFM_full_max.tif
delete: s3://digital-atlas/domain=climate/type=observational/source=chirps-chirts-era5/region=africa/processing=climatology/variable=PTOT/period=annual/clim=wmo_1991-2020/stat=max/TMIN_JFM_full_mean.tif
delete: s3://digital-atlas/domain=climate/type=observational/source=chirps-chirts-era5/region=africa/processing=climatology/variable=PTOT/period=annual/clim=wmo_1991-2020/stat=max/TMIN_JFM_full_min.tif
delete: s3://digital-atlas/domain=climate/type=observational/source=chirps-chirts-era5/region=africa/processing=climatology/variable=PTOT/period=annual/clim=wmo_1991-2020/stat=max/TMIN_JFM_full_sd.tif
delete: s3://digital-atlas/domain=climate/type=observational/source=chirps-chirts-era5/region=africa/processing=climatology/variable=PTOT/period=annual/clim=wmo_1991-2020/stat=max/TMIN_JJA_1991-2020_mean.tif
delete: s3://digital-atlas/domain=climate/type=observational/source=chirps-chirts-era5/region=africa/processing=climatology/variable=PTOT/period=annual/clim=wmo_1991-2020/stat=max/TMIN_JJA_1991-2020_min.tif
delete: s3://digital-atlas/domain=climate/type=observational/source=chirps-chirts-era5/region=africa/processing=climatology/variable=PTOT/period=annual/clim=wmo_1991-2020/stat=max/TMIN_JJA_1991-2020_sd.tif
delete: s3://digital-atlas/domain=climate/type=observational/source=chirps-chirts-era5/region=africa/processing=climatology/variable=PTOT/period=annual/clim=wmo_1991-2020/stat=max/TMIN_JJA_1991-2020_max.tif
delete: s3://digital-atlas/domain=climate/type=observational/source=chirps-chirts-era5/region=africa/processing=climatology/variable=PTOT/period=annual/clim=wmo_1991-2020/stat=max/TMIN_JJA_1995-2014_max.tif
delete: s3://digital-atlas/domain=climate/type=observational/source=chirps-chirts-era5/region=africa/processing=climatology/variable=PTOT/period=annual/clim=wmo_1991-2020/stat=max/TMIN_JJA_1995-2014_mean.tif
delete: s3://digital-atlas/domain=climate/type=observational/source=chirps-chirts-era5/region=africa/processing=climatology/variable=PTOT/period=annual/clim=wmo_1991-2020/stat=max/TMIN_JJA_1995-2014_min.tif
delete: s3://digital-atlas/domain=climate/type=observational/source=chirps-chirts-era5/region=africa/processing=climatology/variable=PTOT/period=annual/clim=wmo_1991-2020/stat=max/TMIN_JJA_1995-2014_sd.tif
delete: s3://digital-atlas/domain=climate/type=observational/source=chirps-chirts-era5/region=africa/processing=climatology/variable=PTOT/period=annual/clim=wmo_1991-2020/stat=max/TMIN_JJA_full_max.tif
delete: s3://digital-atlas/domain=climate/type=observational/source=chirps-chirts-era5/region=africa/processing=climatology/variable=PTOT/period=annual/clim=wmo_1991-2020/stat=max/TMIN_JJA_full_mean.tif
delete: s3://digital-atlas/domain=climate/type=observational/source=chirps-chirts-era5/region=africa/processing=climatology/variable=PTOT/period=annual/clim=wmo_1991-2020/stat=max/TMIN_JJA_full_sd.tif
delete: s3://digital-atlas/domain=climate/type=observational/source=chirps-chirts-era5/region=africa/processing=climatology/variable=PTOT/period=annual/clim=wmo_1991-2020/stat=max/TMIN_MAM_1991-2020_max.tif
delete: s3://digital-atlas/domain=climate/type=observational/source=chirps-chirts-era5/region=africa/processing=climatology/variable=PTOT/period=annual/clim=wmo_1991-2020/stat=max/TMIN_MAM_1991-2020_sd.tif
delete: s3://digital-atlas/domain=climate/type=observational/source=chirps-chirts-era5/region=africa/processing=climatology/variable=PTOT/period=annual/clim=wmo_1991-2020/stat=max/TMIN_JJA_full_min.tif
delete: s3://digital-atlas/domain=climate/type=observational/source=chirps-chirts-era5/region=africa/processing=climatology/variable=PTOT/period=annual/clim=wmo_1991-2020/stat=max/TMIN_MAM_1995-2014_max.tif
delete: s3://digital-atlas/domain=climate/type=observational/source=chirps-chirts-era5/region=africa/processing=climatology/variable=PTOT/period=annual/clim=wmo_1991-2020/stat=max/TMIN_MAM_1995-2014_mean.tif
delete: s3://digital-atlas/domain=climate/type=observational/source=chirps-chirts-era5/region=africa/processing=climatology/variable=PTOT/period=annual/clim=wmo_1991-2020/stat=max/TMIN_MAM_1991-2020_min.tif
delete: s3://digital-atlas/domain=climate/type=observational/source=chirps-chirts-era5/region=africa/processing=climatology/variable=PTOT/period=annual/clim=wmo_1991-2020/stat=max/TMIN_MAM_1991-2020_mean.tif
delete: s3://digital-atlas/domain=climate/type=observational/source=chirps-chirts-era5/region=africa/processing=climatology/variable=PTOT/period=annual/clim=wmo_1991-2020/stat=max/TMIN_MAM_1995-2014_min.tif
delete: s3://digital-atlas/domain=climate/type=observational/source=chirps-chirts-era5/region=africa/processing=climatology/variable=PTOT/period=annual/clim=wmo_1991-2020/stat=max/TMIN_MAM_1995-2014_sd.tif
delete: s3://digital-atlas/domain=climate/type=observational/source=chirps-chirts-era5/region=africa/processing=climatology/variable=PTOT/period=annual/clim=wmo_1991-2020/stat=max/TMIN_MAM_full_mean.tif
delete: s3://digital-atlas/domain=climate/type=observational/source=chirps-chirts-era5/region=africa/processing=climatology/variable=PTOT/period=annual/clim=wmo_1991-2020/stat=max/TMIN_MAM_full_max.tif
delete: s3://digital-atlas/domain=climate/type=observational/source=chirps-chirts-era5/region=africa/processing=climatology/variable=PTOT/period=annual/clim=wmo_1991-2020/stat=max/TMIN_MAM_full_min.tif
delete: s3://digital-atlas/domain=climate/type=observational/source=chirps-chirts-era5/region=africa/processing=climatology/variable=PTOT/period=annual/clim=wmo_1991-2020/stat=max/TMIN_MAM_full_sd.tif
delete: s3://digital-atlas/domain=climate/type=observational/source=chirps-chirts-era5/region=africa/processing=climatology/variable=PTOT/period=annual/clim=wmo_1991-2020/stat=max/TMIN_MJJ_1991-2020_max.tif
delete: s3://digital-atlas/domain=climate/type=observational/source=chirps-chirts-era5/region=africa/processing=climatology/variable=PTOT/period=annual/clim=wmo_1991-2020/stat=max/TMIN_MJJ_1991-2020_mean.tif
delete: s3://digital-atlas/domain=climate/type=observational/source=chirps-chirts-era5/region=africa/processing=climatology/variable=PTOT/period=annual/clim=wmo_1991-2020/stat=max/TMIN_MJJ_1991-2020_min.tif
delete: s3://digital-atlas/domain=climate/type=observational/source=chirps-chirts-era5/region=africa/processing=climatology/variable=PTOT/period=annual/clim=wmo_1991-2020/stat=max/TMIN_MJJ_1991-2020_sd.tif
delete: s3://digital-atlas/domain=climate/type=observational/source=chirps-chirts-era5/region=africa/processing=climatology/variable=PTOT/period=annual/clim=wmo_1991-2020/stat=max/TMIN_MJJ_1995-2014_mean.tif
delete: s3://digital-atlas/domain=climate/type=observational/source=chirps-chirts-era5/region=africa/processing=climatology/variable=PTOT/period=annual/clim=wmo_1991-2020/stat=max/TMIN_MJJ_1995-2014_max.tif
delete: s3://digital-atlas/domain=climate/type=observational/source=chirps-chirts-era5/region=africa/processing=climatology/variable=PTOT/period=annual/clim=wmo_1991-2020/stat=max/TMIN_MJJ_1995-2014_min.tif
delete: s3://digital-atlas/domain=climate/type=observational/source=chirps-chirts-era5/region=africa/processing=climatology/variable=PTOT/period=annual/clim=wmo_1991-2020/stat=max/TMIN_MJJ_full_sd.tif
delete: s3://digital-atlas/domain=climate/type=observational/source=chirps-chirts-era5/region=africa/processing=climatology/variable=PTOT/period=annual/clim=wmo_1991-2020/stat=max/TMIN_MJJ_full_max.tif
delete: s3://digital-atlas/domain=climate/type=observational/source=chirps-chirts-era5/region=africa/processing=climatology/variable=PTOT/period=annual/clim=wmo_1991-2020/stat=max/TMIN_MJJ_full_mean.tif
delete: s3://digital-atlas/domain=climate/type=observational/source=chirps-chirts-era5/region=africa/processing=climatology/variable=PTOT/period=annual/clim=wmo_1991-2020/stat=max/TMIN_MJJ_full_min.tif
delete: s3://digital-atlas/domain=climate/type=observational/source=chirps-chirts-era5/region=africa/processing=climatology/variable=PTOT/period=annual/clim=wmo_1991-2020/stat=max/TMIN_NDJ_1991-2020_max.tif
delete: s3://digital-atlas/domain=climate/type=observational/source=chirps-chirts-era5/region=africa/processing=climatology/variable=PTOT/period=annual/clim=wmo_1991-2020/stat=max/TMIN_NDJ_1991-2020_mean.tif
delete: s3://digital-atlas/domain=climate/type=observational/source=chirps-chirts-era5/region=africa/processing=climatology/variable=PTOT/period=annual/clim=wmo_1991-2020/stat=max/TMIN_MJJ_1995-2014_sd.tif
delete: s3://digital-atlas/domain=climate/type=observational/source=chirps-chirts-era5/region=africa/processing=climatology/variable=PTOT/period=annual/clim=wmo_1991-2020/stat=max/TMIN_NDJ_1995-2014_max.tif
delete: s3://digital-atlas/domain=climate/type=observational/source=chirps-chirts-era5/region=africa/processing=climatology/variable=PTOT/period=annual/clim=wmo_1991-2020/stat=max/TMIN_NDJ_1991-2020_min.tif
delete: s3://digital-atlas/domain=climate/type=observational/source=chirps-chirts-era5/region=africa/processing=climatology/variable=PTOT/period=annual/clim=wmo_1991-2020/stat=max/TMIN_NDJ_1995-2014_mean.tif
delete: s3://digital-atlas/domain=climate/type=observational/source=chirps-chirts-era5/region=africa/processing=climatology/variable=PTOT/period=annual/clim=wmo_1991-2020/stat=max/TMIN_NDJ_1995-2014_sd.tif
delete: s3://digital-atlas/domain=climate/type=observational/source=chirps-chirts-era5/region=africa/processing=climatology/variable=PTOT/period=annual/clim=wmo_1991-2020/stat=max/TMIN_NDJ_1995-2014_min.tif
delete: s3://digital-atlas/domain=climate/type=observational/source=chirps-chirts-era5/region=africa/processing=climatology/variable=PTOT/period=annual/clim=wmo_1991-2020/stat=max/TMIN_NDJ_1991-2020_sd.tif
delete: s3://digital-atlas/domain=climate/type=observational/source=chirps-chirts-era5/region=africa/processing=climatology/variable=PTOT/period=annual/clim=wmo_1991-2020/stat=max/TMIN_NDJ_full_mean.tif
delete: s3://digital-atlas/domain=climate/type=observational/source=chirps-chirts-era5/region=africa/processing=climatology/variable=PTOT/period=annual/clim=wmo_1991-2020/stat=max/TMIN_NDJ_full_min.tif
delete: s3://digital-atlas/domain=climate/type=observational/source=chirps-chirts-era5/region=africa/processing=climatology/variable=PTOT/period=annual/clim=wmo_1991-2020/stat=max/TMIN_NDJ_full_max.tif
delete: s3://digital-atlas/domain=climate/type=observational/source=chirps-chirts-era5/region=africa/processing=climatology/variable=PTOT/period=annual/clim=wmo_1991-2020/stat=max/TMIN_NDJ_full_sd.tif
delete: s3://digital-atlas/domain=climate/type=observational/source=chirps-chirts-era5/region=africa/processing=climatology/variable=PTOT/period=annual/clim=wmo_1991-2020/stat=max/TMIN_OND_1991-2020_max.tif
delete: s3://digital-atlas/domain=climate/type=observational/source=chirps-chirts-era5/region=africa/processing=climatology/variable=PTOT/period=annual/clim=wmo_1991-2020/stat=max/TMIN_OND_1991-2020_mean.tif
delete: s3://digital-atlas/domain=climate/type=observational/source=chirps-chirts-era5/region=africa/processing=climatology/variable=PTOT/period=annual/clim=wmo_1991-2020/stat=max/TMIN_OND_1991-2020_min.tif
delete: s3://digital-atlas/domain=climate/type=observational/source=chirps-chirts-era5/region=africa/processing=climatology/variable=PTOT/period=annual/clim=wmo_1991-2020/stat=max/TMIN_OND_1995-2014_max.tif
delete: s3://digital-atlas/domain=climate/type=observational/source=chirps-chirts-era5/region=africa/processing=climatology/variable=PTOT/period=annual/clim=wmo_1991-2020/stat=max/TMIN_OND_1995-2014_min.tif
delete: s3://digital-atlas/domain=climate/type=observational/source=chirps-chirts-era5/region=africa/processing=climatology/variable=PTOT/period=annual/clim=wmo_1991-2020/stat=max/TMIN_OND_1995-2014_sd.tif
delete: s3://digital-atlas/domain=climate/type=observational/source=chirps-chirts-era5/region=africa/processing=climatology/variable=PTOT/period=annual/clim=wmo_1991-2020/stat=max/TMIN_OND_1991-2020_sd.tif
delete: s3://digital-atlas/domain=climate/type=observational/source=chirps-chirts-era5/region=africa/processing=climatology/variable=PTOT/period=annual/clim=wmo_1991-2020/stat=max/TMIN_OND_1995-2014_mean.tif
delete: s3://digital-atlas/domain=climate/type=observational/source=chirps-chirts-era5/region=africa/processing=climatology/variable=PTOT/period=annual/clim=wmo_1991-2020/stat=max/TMIN_OND_full_max.tif
delete: s3://digital-atlas/domain=climate/type=observational/source=chirps-chirts-era5/region=africa/processing=climatology/variable=PTOT/period=annual/clim=wmo_1991-2020/stat=max/TMIN_OND_full_mean.tif
delete: s3://digital-atlas/domain=climate/type=observational/source=chirps-chirts-era5/region=africa/processing=climatology/variable=PTOT/period=annual/clim=wmo_1991-2020/stat=max/TMIN_OND_full_sd.tif
delete: s3://digital-atlas/domain=climate/type=observational/source=chirps-chirts-era5/region=africa/processing=climatology/variable=PTOT/period=annual/clim=wmo_1991-2020/stat=max/TMIN_OND_full_min.tif
delete: s3://digital-atlas/domain=climate/type=observational/source=chirps-chirts-era5/region=africa/processing=climatology/variable=PTOT/period=annual/clim=wmo_1991-2020/stat=max/TMIN_SON_1991-2020_max.tif
delete: s3://digital-atlas/domain=climate/type=observational/source=chirps-chirts-era5/region=africa/processing=climatology/variable=PTOT/period=annual/clim=wmo_1991-2020/stat=max/TMIN_SON_1991-2020_mean.tif
delete: s3://digital-atlas/domain=climate/type=observational/source=chirps-chirts-era5/region=africa/processing=climatology/variable=PTOT/period=annual/clim=wmo_1991-2020/stat=max/TMIN_SON_1991-2020_min.tif
delete: s3://digital-atlas/domain=climate/type=observational/source=chirps-chirts-era5/region=africa/processing=climatology/variable=PTOT/period=annual/clim=wmo_1991-2020/stat=max/TMIN_SON_1991-2020_sd.tif
delete: s3://digital-atlas/domain=climate/type=observational/source=chirps-chirts-era5/region=africa/processing=climatology/variable=PTOT/period=annual/clim=wmo_1991-2020/stat=max/TMIN_SON_1995-2014_max.tif
delete: s3://digital-atlas/domain=climate/type=observational/source=chirps-chirts-era5/region=africa/processing=climatology/variable=PTOT/period=annual/clim=wmo_1991-2020/stat=max/TMIN_SON_1995-2014_mean.tif
delete: s3://digital-atlas/domain=climate/type=observational/source=chirps-chirts-era5/region=africa/processing=climatology/variable=PTOT/period=annual/clim=wmo_1991-2020/stat=max/TMIN_SON_1995-2014_min.tif
delete: s3://digital-atlas/domain=climate/type=observational/source=chirps-chirts-era5/region=africa/processing=climatology/variable=PTOT/period=annual/clim=wmo_1991-2020/stat=max/TMIN_SON_1995-2014_sd.tif
delete: s3://digital-atlas/domain=climate/type=observational/source=chirps-chirts-era5/region=africa/processing=climatology/variable=PTOT/period=annual/clim=wmo_1991-2020/stat=max/TMIN_SON_full_max.tif
delete: s3://digital-atlas/domain=climate/type=observational/source=chirps-chirts-era5/region=africa/processing=climatology/variable=PTOT/period=annual/clim=wmo_1991-2020/stat=max/TMIN_SON_full_mean.tif
delete: s3://digital-atlas/domain=climate/type=observational/source=chirps-chirts-era5/region=africa/processing=climatology/variable=PTOT/period=annual/clim=wmo_1991-2020/stat=max/TMIN_SON_full_sd.tif
delete: s3://digital-atlas/domain=climate/type=observational/source=chirps-chirts-era5/region=africa/processing=climatology/variable=PTOT/period=annual/clim=wmo_1991-2020/stat=max/TMIN_SON_full_min.tif
delete: s3://digital-atlas/domain=climate/type=observational/source=chirps-chirts-era5/region=africa/processing=climatology/variable=PTOT/period=annual/clim=wmo_1991-2020/stat=max/TMIN_annual_1991-2020_max.tif
delete: s3://digital-atlas/domain=climate/type=observational/source=chirps-chirts-era5/region=africa/processing=climatology/variable=PTOT/period=annual/clim=wmo_1991-2020/stat=max/TMIN_annual_1991-2020_mean.tif
delete: s3://digital-atlas/domain=climate/type=observational/source=chirps-chirts-era5/region=africa/processing=climatology/variable=PTOT/period=annual/clim=wmo_1991-2020/stat=max/TMIN_annual_1995-2014_max.tif
delete: s3://digital-atlas/domain=climate/type=observational/source=chirps-chirts-era5/region=africa/processing=climatology/variable=PTOT/period=annual/clim=wmo_1991-2020/stat=max/TMIN_annual_1995-2014_mean.tif
delete: s3://digital-atlas/domain=climate/type=observational/source=chirps-chirts-era5/region=africa/processing=climatology/variable=PTOT/period=annual/clim=wmo_1991-2020/stat=max/TMIN_annual_1991-2020_min.tif
delete: s3://digital-atlas/domain=climate/type=observational/source=chirps-chirts-era5/region=africa/processing=climatology/variable=PTOT/period=annual/clim=wmo_1991-2020/stat=max/TMIN_annual_1991-2020_sd.tif
delete: s3://digital-atlas/domain=climate/type=observational/source=chirps-chirts-era5/region=africa/processing=climatology/variable=PTOT/period=annual/clim=wmo_1991-2020/stat=max/TMIN_annual_1995-2014_min.tif
delete: s3://digital-atlas/domain=climate/type=observational/source=chirps-chirts-era5/region=africa/processing=climatology/variable=PTOT/period=annual/clim=wmo_1991-2020/stat=max/TMIN_annual_1995-2014_sd.tif
delete: s3://digital-atlas/domain=climate/type=observational/source=chirps-chirts-era5/region=africa/processing=climatology/variable=PTOT/period=annual/clim=wmo_1991-2020/stat=max/TMIN_annual_full_max.tif
delete: s3://digital-atlas/domain=climate/type=observational/source=chirps-chirts-era5/region=africa/processing=climatology/variable=PTOT/period=annual/clim=wmo_1991-2020/stat=max/TMIN_annual_full_mean.tif
delete: s3://digital-atlas/domain=climate/type=observational/source=chirps-chirts-era5/region=africa/processing=climatology/variable=PTOT/period=annual/clim=wmo_1991-2020/stat=max/TMIN_annual_full_min.tif
delete: s3://digital-atlas/domain=climate/type=observational/source=chirps-chirts-era5/region=africa/processing=climatology/variable=PTOT/period=annual/clim=wmo_1991-2020/stat=max/TMIN_annual_full_sd.tif

--- post-delete sanity: processing=climatology/ key count ---
0
