=== STAGE 0b: smoke (one file) ===
Thu May 21 18:08:11 UTC 2026
OK: /home/jovyan/common_data/nex-gddp-cimp6_hazards/Data/chirts_chirps_hist/maps/PTOT/PTOT_annual_1991-2020_mean.tif (mean=644.31121432631)
--- post-recog: /home/jovyan/common_data/nex-gddp-cimp6_hazards/Data/chirts_chirps_hist/maps/PTOT/PTOT_annual_1991-2020_mean.tif ---
  Minimum=0.040, Maximum=5100.455, Mean=644.311, StdDev=653.405
    STATISTICS_MAXIMUM=5100.4545898438
    STATISTICS_MEAN=644.31121432631
    STATISTICS_MINIMUM=0.03993720933795
    STATISTICS_STDDEV=653.40466779228
    STATISTICS_VALID_PERCENT=51.87

=== STAGE 0b: parallel re-COG over all maps/**/*.tif ===
Thu May 21 18:09:33 UTC 2026
  total files to process: 1416 (workers: 8)
OK: /home/jovyan/common_data/nex-gddp-cimp6_hazards/Data/chirts_chirps_hist/maps/PTOT/PTOT_JFM_1995-2014_min.tif (mean=96.888918552737)
OK: /home/jovyan/common_data/nex-gddp-cimp6_hazards/Data/chirts_chirps_hist/maps/PTOT/PTOT_annual_1995-2014_max.tif (mean=868.92093004184)
OK: /home/jovyan/common_data/nex-gddp-cimp6_hazards/Data/chirts_chirps_hist/maps/PTOT/PTOT_annual_1995-2014_mean.tif (mean=647.14705890757)
OK: /home/jovyan/common_data/nex-gddp-cimp6_hazards/Data/chirts_chirps_hist/maps/PTOT/PTOT_JFM_1995-2014_sd.tif (mean=50.290520241044)
OK: /home/jovyan/common_data/nex-gddp-cimp6_hazards/Data/chirts_chirps_hist/maps/PTOT/PTOT_JFM_1995-2014_max.tif (mean=287.16763489378)
OK: /home/jovyan/common_data/nex-gddp-cimp6_hazards/Data/chirts_chirps_hist/maps/PTOT/PTOT_annual_1995-2014_min.tif (mean=473.84809082766)
OK: /home/jovyan/common_data/nex-gddp-cimp6_hazards/Data/chirts_chirps_hist/maps/PTOT/PTOT_annual_1995-2014_sd.tif (mean=103.19692053853)
OK: /home/jovyan/common_data/nex-gddp-cimp6_hazards/Data/chirts_chirps_hist/maps/PTOT/PTOT_JFM_1995-2014_mean.tif (mean=176.77152873305)
OK: /home/jovyan/common_data/nex-gddp-cimp6_hazards/Data/chirts_chirps_hist/maps/PTOT/PTOT_FMA_1995-2014_min.tif (mean=91.371593601269)
OK: /home/jovyan/common_data/nex-gddp-cimp6_hazards/Data/chirts_chirps_hist/maps/PTOT/PTOT_FMA_1995-2014_mean.tif (mean=169.15056278936)
OK: /home/jovyan/common_data/nex-gddp-cimp6_hazards/Data/chirts_chirps_hist/maps/PTOT/PTOT_FMA_1995-2014_max.tif (mean=275.80936505225)
OK: /home/jovyan/common_data/nex-gddp-cimp6_hazards/Data/chirts_chirps_hist/maps/PTOT/PTOT_FMA_1995-2014_sd.tif (mean=49.098276187454)
OK: /home/jovyan/common_data/nex-gddp-cimp6_hazards/Data/chirts_chirps_hist/maps/PTOT/PTOT_MAM_1995-2014_max.tif (mean=256.24010283048)
OK: /home/jovyan/common_data/nex-gddp-cimp6_hazards/Data/chirts_chirps_hist/maps/PTOT/PTOT_MAM_1995-2014_mean.tif (mean=159.79542467447)
OK: /home/jovyan/common_data/nex-gddp-cimp6_hazards/Data/chirts_chirps_hist/maps/PTOT/PTOT_MAM_1995-2014_sd.tif (mean=44.802564162633)
OK: /home/jovyan/common_data/nex-gddp-cimp6_hazards/Data/chirts_chirps_hist/maps/PTOT/PTOT_MAM_1995-2014_min.tif (mean=89.114500555316)
OK: /home/jovyan/common_data/nex-gddp-cimp6_hazards/Data/chirts_chirps_hist/maps/PTOT/PTOT_AMJ_1995-2014_min.tif (mean=78.811579756079)
OK: /home/jovyan/common_data/nex-gddp-cimp6_hazards/Data/chirts_chirps_hist/maps/PTOT/PTOT_AMJ_1995-2014_mean.tif (mean=137.99966180189)
OK: /home/jovyan/common_data/nex-gddp-cimp6_hazards/Data/chirts_chirps_hist/maps/PTOT/PTOT_MJJ_1995-2014_min.tif (mean=83.564792103798)
OK: /home/jovyan/common_data/nex-gddp-cimp6_hazards/Data/chirts_chirps_hist/maps/PTOT/PTOT_MJJ_1995-2014_max.tif (mean=205.46956532751)
OK: /home/jovyan/common_data/nex-gddp-cimp6_hazards/Data/chirts_chirps_hist/maps/PTOT/PTOT_MJJ_1995-2014_sd.tif (mean=32.454291594136)
OK: /home/jovyan/common_data/nex-gddp-cimp6_hazards/Data/chirts_chirps_hist/maps/PTOT/PTOT_MJJ_1995-2014_mean.tif (mean=133.70557514268)
OK: /home/jovyan/common_data/nex-gddp-cimp6_hazards/Data/chirts_chirps_hist/maps/PTOT/PTOT_AMJ_1995-2014_max.tif (mean=223.77631721265)
OK: /home/jovyan/common_data/nex-gddp-cimp6_hazards/Data/chirts_chirps_hist/maps/PTOT/PTOT_AMJ_1995-2014_sd.tif (mean=38.650296280387)
OK: /home/jovyan/common_data/nex-gddp-cimp6_hazards/Data/chirts_chirps_hist/maps/PTOT/PTOT_JJA_1995-2014_mean.tif (mean=149.75186038215)
OK: /home/jovyan/common_data/nex-gddp-cimp6_hazards/Data/chirts_chirps_hist/maps/PTOT/PTOT_JJA_1995-2014_min.tif (mean=101.13776387429)
OK: /home/jovyan/common_data/nex-gddp-cimp6_hazards/Data/chirts_chirps_hist/maps/PTOT/PTOT_JAS_1995-2014_max.tif (mean=241.39635519506)
OK: /home/jovyan/common_data/nex-gddp-cimp6_hazards/Data/chirts_chirps_hist/maps/PTOT/PTOT_JJA_1995-2014_max.tif (mean=218.48828604166)
OK: /home/jovyan/common_data/nex-gddp-cimp6_hazards/Data/chirts_chirps_hist/maps/PTOT/PTOT_JAS_1995-2014_sd.tif (mean=34.71462490706)
OK: /home/jovyan/common_data/nex-gddp-cimp6_hazards/Data/chirts_chirps_hist/maps/PTOT/PTOT_JAS_1995-2014_min.tif (mean=110.69818742502)
OK: /home/jovyan/common_data/nex-gddp-cimp6_hazards/Data/chirts_chirps_hist/maps/PTOT/PTOT_JAS_1995-2014_mean.tif (mean=165.06899393037)
OK: /home/jovyan/common_data/nex-gddp-cimp6_hazards/Data/chirts_chirps_hist/maps/PTOT/PTOT_JJA_1995-2014_sd.tif (mean=31.283759931823)
OK: /home/jovyan/common_data/nex-gddp-cimp6_hazards/Data/chirts_chirps_hist/maps/PTOT/PTOT_ASO_1995-2014_min.tif (mean=108.37751808961)
OK: /home/jovyan/common_data/nex-gddp-cimp6_hazards/Data/chirts_chirps_hist/maps/PTOT/PTOT_ASO_1995-2014_mean.tif (mean=170.22476508019)
OK: /home/jovyan/common_data/nex-gddp-cimp6_hazards/Data/chirts_chirps_hist/maps/PTOT/PTOT_SON_1995-2014_mean.tif (mean=163.89250557501)
OK: /home/jovyan/common_data/nex-gddp-cimp6_hazards/Data/chirts_chirps_hist/maps/PTOT/PTOT_SON_1995-2014_max.tif (mean=272.33875668991)
OK: /home/jovyan/common_data/nex-gddp-cimp6_hazards/Data/chirts_chirps_hist/maps/PTOT/PTOT_ASO_1995-2014_max.tif (mean=262.99750908464)
OK: /home/jovyan/common_data/nex-gddp-cimp6_hazards/Data/chirts_chirps_hist/maps/PTOT/PTOT_SON_1995-2014_sd.tif (mean=46.165158727449)
OK: /home/jovyan/common_data/nex-gddp-cimp6_hazards/Data/chirts_chirps_hist/maps/PTOT/PTOT_SON_1995-2014_min.tif (mean=95.442813347513)
OK: /home/jovyan/common_data/nex-gddp-cimp6_hazards/Data/chirts_chirps_hist/maps/PTOT/PTOT_ASO_1995-2014_sd.tif (mean=40.885727218555)
OK: /home/jovyan/common_data/nex-gddp-cimp6_hazards/Data/chirts_chirps_hist/maps/PTOT/PTOT_OND_1995-2014_mean.tif (mean=167.30687444785)
OK: /home/jovyan/common_data/nex-gddp-cimp6_hazards/Data/chirts_chirps_hist/maps/PTOT/PTOT_OND_1995-2014_min.tif (mean=91.436624429692)
OK: /home/jovyan/common_data/nex-gddp-cimp6_hazards/Data/chirts_chirps_hist/maps/PTOT/PTOT_NDJ_1995-2014_mean.tif (mean=174.01256368376)
OK: /home/jovyan/common_data/nex-gddp-cimp6_hazards/Data/chirts_chirps_hist/maps/PTOT/PTOT_OND_1995-2014_max.tif (mean=284.47501156712)
OK: /home/jovyan/common_data/nex-gddp-cimp6_hazards/Data/chirts_chirps_hist/maps/PTOT/PTOT_NDJ_1995-2014_max.tif (mean=282.64990188333)
OK: /home/jovyan/common_data/nex-gddp-cimp6_hazards/Data/chirts_chirps_hist/maps/PTOT/PTOT_NDJ_1995-2014_min.tif (mean=98.14292652317)
OK: /home/jovyan/common_data/nex-gddp-cimp6_hazards/Data/chirts_chirps_hist/maps/PTOT/PTOT_OND_1995-2014_sd.tif (mean=50.400002995983)
OK: /home/jovyan/common_data/nex-gddp-cimp6_hazards/Data/chirts_chirps_hist/maps/PTOT/PTOT_NDJ_1995-2014_sd.tif (mean=48.710255741075)
OK: /home/jovyan/common_data/nex-gddp-cimp6_hazards/Data/chirts_chirps_hist/maps/PTOT/PTOT_DJF_1995-2014_min.tif (mean=96.142708454365)
OK: /home/jovyan/common_data/nex-gddp-cimp6_hazards/Data/chirts_chirps_hist/maps/PTOT/PTOT_DJF_1995-2014_mean.tif (mean=173.65367606309)
OK: /home/jovyan/common_data/nex-gddp-cimp6_hazards/Data/chirts_chirps_hist/maps/PTOT/PTOT_annual_1991-2020_max.tif (mean=897.06700205203)
OK: /home/jovyan/common_data/nex-gddp-cimp6_hazards/Data/chirts_chirps_hist/maps/PTOT/PTOT_annual_1991-2020_sd.tif (mean=106.28128154442)
OK: /home/jovyan/common_data/nex-gddp-cimp6_hazards/Data/chirts_chirps_hist/maps/PTOT/PTOT_DJF_1995-2014_sd.tif (mean=50.899025859291)
OK: /home/jovyan/common_data/nex-gddp-cimp6_hazards/Data/chirts_chirps_hist/maps/PTOT/PTOT_annual_1991-2020_min.tif (mean=454.22433334772)
OK: /home/jovyan/common_data/nex-gddp-cimp6_hazards/Data/chirts_chirps_hist/maps/PTOT/PTOT_DJF_1995-2014_max.tif (mean=287.89620371349)
OK: /home/jovyan/common_data/nex-gddp-cimp6_hazards/Data/chirts_chirps_hist/maps/PTOT/PTOT_JFM_1991-2020_mean.tif (mean=174.14083654646)
OK: /home/jovyan/common_data/nex-gddp-cimp6_hazards/Data/chirts_chirps_hist/maps/PTOT/PTOT_JFM_1991-2020_min.tif (mean=88.595437444548)
OK: /home/jovyan/common_data/nex-gddp-cimp6_hazards/Data/chirts_chirps_hist/maps/PTOT/PTOT_JFM_1991-2020_max.tif (mean=298.94930688615)
OK: /home/jovyan/common_data/nex-gddp-cimp6_hazards/Data/chirts_chirps_hist/maps/PTOT/PTOT_FMA_1991-2020_min.tif (mean=86.421992904616)
OK: /home/jovyan/common_data/nex-gddp-cimp6_hazards/Data/chirts_chirps_hist/maps/PTOT/PTOT_FMA_1991-2020_max.tif (mean=292.88185855409)
OK: /home/jovyan/common_data/nex-gddp-cimp6_hazards/Data/chirts_chirps_hist/maps/PTOT/PTOT_FMA_1991-2020_mean.tif (mean=170.09937162616)
OK: /home/jovyan/common_data/nex-gddp-cimp6_hazards/Data/chirts_chirps_hist/maps/PTOT/PTOT_JFM_1991-2020_sd.tif (mean=51.284691069736)
OK: /home/jovyan/common_data/nex-gddp-cimp6_hazards/Data/chirts_chirps_hist/maps/PTOT/PTOT_MAM_1991-2020_mean.tif (mean=162.00669138723)
OK: /home/jovyan/common_data/nex-gddp-cimp6_hazards/Data/chirts_chirps_hist/maps/PTOT/PTOT_FMA_1991-2020_sd.tif (mean=50.388708349941)
OK: /home/jovyan/common_data/nex-gddp-cimp6_hazards/Data/chirts_chirps_hist/maps/PTOT/PTOT_MAM_1991-2020_min.tif (mean=84.235653395629)
OK: /home/jovyan/common_data/nex-gddp-cimp6_hazards/Data/chirts_chirps_hist/maps/PTOT/PTOT_MAM_1991-2020_max.tif (mean=276.82198064054)
OK: /home/jovyan/common_data/nex-gddp-cimp6_hazards/Data/chirts_chirps_hist/maps/PTOT/PTOT_MAM_1991-2020_sd.tif (mean=46.654540242875)
OK: /home/jovyan/common_data/nex-gddp-cimp6_hazards/Data/chirts_chirps_hist/maps/PTOT/PTOT_AMJ_1991-2020_min.tif (mean=75.074741390557)
OK: /home/jovyan/common_data/nex-gddp-cimp6_hazards/Data/chirts_chirps_hist/maps/PTOT/PTOT_AMJ_1991-2020_max.tif (mean=238.93516249251)
OK: /home/jovyan/common_data/nex-gddp-cimp6_hazards/Data/chirts_chirps_hist/maps/PTOT/PTOT_AMJ_1991-2020_mean.tif (mean=139.76085038511)
OK: /home/jovyan/common_data/nex-gddp-cimp6_hazards/Data/chirts_chirps_hist/maps/PTOT/PTOT_MJJ_1991-2020_mean.tif (mean=134.63594602241)
OK: /home/jovyan/common_data/nex-gddp-cimp6_hazards/Data/chirts_chirps_hist/maps/PTOT/PTOT_AMJ_1991-2020_sd.tif (mean=40.089409841322)
OK: /home/jovyan/common_data/nex-gddp-cimp6_hazards/Data/chirts_chirps_hist/maps/PTOT/PTOT_MJJ_1991-2020_min.tif (mean=80.768673541401)
OK: /home/jovyan/common_data/nex-gddp-cimp6_hazards/Data/chirts_chirps_hist/maps/PTOT/PTOT_MJJ_1991-2020_max.tif (mean=216.26473560777)
OK: /home/jovyan/common_data/nex-gddp-cimp6_hazards/Data/chirts_chirps_hist/maps/PTOT/PTOT_MJJ_1991-2020_sd.tif (mean=32.750128956687)
OK: /home/jovyan/common_data/nex-gddp-cimp6_hazards/Data/chirts_chirps_hist/maps/PTOT/PTOT_JAS_1991-2020_mean.tif (mean=164.48356454021)
OK: /home/jovyan/common_data/nex-gddp-cimp6_hazards/Data/chirts_chirps_hist/maps/PTOT/PTOT_JJA_1991-2020_mean.tif (mean=148.97758978457)
OK: /home/jovyan/common_data/nex-gddp-cimp6_hazards/Data/chirts_chirps_hist/maps/PTOT/PTOT_JJA_1991-2020_sd.tif (mean=31.419841660691)
OK: /home/jovyan/common_data/nex-gddp-cimp6_hazards/Data/chirts_chirps_hist/maps/PTOT/PTOT_JJA_1991-2020_min.tif (mean=95.984425689178)
OK: /home/jovyan/common_data/nex-gddp-cimp6_hazards/Data/chirts_chirps_hist/maps/PTOT/PTOT_JJA_1991-2020_max.tif (mean=225.3530298395)
OK: /home/jovyan/common_data/nex-gddp-cimp6_hazards/Data/chirts_chirps_hist/maps/PTOT/PTOT_JAS_1991-2020_min.tif (mean=105.64236203475)
OK: /home/jovyan/common_data/nex-gddp-cimp6_hazards/Data/chirts_chirps_hist/maps/PTOT/PTOT_JAS_1991-2020_sd.tif (mean=35.165959754033)
OK: /home/jovyan/common_data/nex-gddp-cimp6_hazards/Data/chirts_chirps_hist/maps/PTOT/PTOT_JAS_1991-2020_max.tif (mean=249.66309389181)
OK: /home/jovyan/common_data/nex-gddp-cimp6_hazards/Data/chirts_chirps_hist/maps/PTOT/PTOT_ASO_1991-2020_mean.tif (mean=169.59192390774)
OK: /home/jovyan/common_data/nex-gddp-cimp6_hazards/Data/chirts_chirps_hist/maps/PTOT/PTOT_SON_1991-2020_mean.tif (mean=163.56584723066)
OK: /home/jovyan/common_data/nex-gddp-cimp6_hazards/Data/chirts_chirps_hist/maps/PTOT/PTOT_ASO_1991-2020_sd.tif (mean=42.989193196066)
OK: /home/jovyan/common_data/nex-gddp-cimp6_hazards/Data/chirts_chirps_hist/maps/PTOT/PTOT_ASO_1991-2020_min.tif (mean=101.54298525643)
OK: /home/jovyan/common_data/nex-gddp-cimp6_hazards/Data/chirts_chirps_hist/maps/PTOT/PTOT_ASO_1991-2020_max.tif (mean=278.70689861414)
OK: /home/jovyan/common_data/nex-gddp-cimp6_hazards/Data/chirts_chirps_hist/maps/PTOT/PTOT_SON_1991-2020_min.tif (mean=88.600682419391)
OK: /home/jovyan/common_data/nex-gddp-cimp6_hazards/Data/chirts_chirps_hist/maps/PTOT/PTOT_SON_1991-2020_sd.tif (mean=47.844909174419)
OK: /home/jovyan/common_data/nex-gddp-cimp6_hazards/Data/chirts_chirps_hist/maps/PTOT/PTOT_SON_1991-2020_max.tif (mean=288.51464254564)
OK: /home/jovyan/common_data/nex-gddp-cimp6_hazards/Data/chirts_chirps_hist/maps/PTOT/PTOT_OND_1991-2020_max.tif (mean=300.0558310821)
OK: /home/jovyan/common_data/nex-gddp-cimp6_hazards/Data/chirts_chirps_hist/maps/PTOT/PTOT_OND_1991-2020_min.tif (mean=84.413750801238)
OK: /home/jovyan/common_data/nex-gddp-cimp6_hazards/Data/chirts_chirps_hist/maps/PTOT/PTOT_OND_1991-2020_mean.tif (mean=165.92596285136)
OK: /home/jovyan/common_data/nex-gddp-cimp6_hazards/Data/chirts_chirps_hist/maps/PTOT/PTOT_OND_1991-2020_sd.tif (mean=51.674632291781)
OK: /home/jovyan/common_data/nex-gddp-cimp6_hazards/Data/chirts_chirps_hist/maps/PTOT/PTOT_NDJ_1991-2020_mean.tif (mean=170.06616940462)
OK: /home/jovyan/common_data/nex-gddp-cimp6_hazards/Data/chirts_chirps_hist/maps/PTOT/PTOT_NDJ_1991-2020_min.tif (mean=88.511071665187)
OK: /home/jovyan/common_data/nex-gddp-cimp6_hazards/Data/chirts_chirps_hist/maps/PTOT/PTOT_NDJ_1991-2020_max.tif (mean=291.3436381266)
OK: /home/jovyan/common_data/nex-gddp-cimp6_hazards/Data/chirts_chirps_hist/maps/PTOT/PTOT_NDJ_1991-2020_sd.tif (mean=49.181197420143)
OK: /home/jovyan/common_data/nex-gddp-cimp6_hazards/Data/chirts_chirps_hist/maps/PTOT/PTOT_DJF_1991-2020_min.tif (mean=83.150905909249)
OK: /home/jovyan/common_data/nex-gddp-cimp6_hazards/Data/chirts_chirps_hist/maps/PTOT/PTOT_DJF_1991-2020_max.tif (mean=297.89995127039)
OK: /home/jovyan/common_data/nex-gddp-cimp6_hazards/Data/chirts_chirps_hist/maps/PTOT/PTOT_DJF_1991-2020_sd.tif (mean=51.890751974859)
OK: /home/jovyan/common_data/nex-gddp-cimp6_hazards/Data/chirts_chirps_hist/maps/PTOT/PTOT_DJF_1991-2020_mean.tif (mean=169.84328255105)
OK: /home/jovyan/common_data/nex-gddp-cimp6_hazards/Data/chirts_chirps_hist/maps/PTOT/PTOT_annual_full_mean.tif (mean=642.72264555804)
OK: /home/jovyan/common_data/nex-gddp-cimp6_hazards/Data/chirts_chirps_hist/maps/PTOT/PTOT_annual_full_min.tif (mean=423.17660332624)
OK: /home/jovyan/common_data/nex-gddp-cimp6_hazards/Data/chirts_chirps_hist/maps/PTOT/PTOT_annual_full_sd.tif (mean=113.52602357161)
OK: /home/jovyan/common_data/nex-gddp-cimp6_hazards/Data/chirts_chirps_hist/maps/PTOT/PTOT_annual_full_max.tif (mean=945.46308813935)
OK: /home/jovyan/common_data/nex-gddp-cimp6_hazards/Data/chirts_chirps_hist/maps/PTOT/PTOT_JFM_full_min.tif (mean=81.459601898456)
OK: /home/jovyan/common_data/nex-gddp-cimp6_hazards/Data/chirts_chirps_hist/maps/PTOT/PTOT_FMA_full_mean.tif (mean=171.67440165821)
OK: /home/jovyan/common_data/nex-gddp-cimp6_hazards/Data/chirts_chirps_hist/maps/PTOT/PTOT_JFM_full_max.tif (mean=319.28023330184)
OK: /home/jovyan/common_data/nex-gddp-cimp6_hazards/Data/chirts_chirps_hist/maps/PTOT/PTOT_JFM_full_sd.tif (mean=53.191649752873)
OK: /home/jovyan/common_data/nex-gddp-cimp6_hazards/Data/chirts_chirps_hist/maps/PTOT/PTOT_JFM_full_mean.tif (mean=174.42530467541)
OK: /home/jovyan/common_data/nex-gddp-cimp6_hazards/Data/chirts_chirps_hist/maps/PTOT/PTOT_FMA_full_min.tif (mean=80.952103630625)
OK: /home/jovyan/common_data/nex-gddp-cimp6_hazards/Data/chirts_chirps_hist/maps/PTOT/PTOT_FMA_full_max.tif (mean=312.56484565164)
OK: /home/jovyan/common_data/nex-gddp-cimp6_hazards/Data/chirts_chirps_hist/maps/PTOT/PTOT_FMA_full_sd.tif (mean=51.822436238037)
OK: /home/jovyan/common_data/nex-gddp-cimp6_hazards/Data/chirts_chirps_hist/maps/PTOT/PTOT_MAM_full_mean.tif (mean=163.09037956893)
OK: /home/jovyan/common_data/nex-gddp-cimp6_hazards/Data/chirts_chirps_hist/maps/PTOT/PTOT_MAM_full_min.tif (mean=78.366514284452)
OK: /home/jovyan/common_data/nex-gddp-cimp6_hazards/Data/chirts_chirps_hist/maps/PTOT/PTOT_MAM_full_max.tif (mean=295.36223488853)
OK: /home/jovyan/common_data/nex-gddp-cimp6_hazards/Data/chirts_chirps_hist/maps/PTOT/PTOT_AMJ_full_mean.tif (mean=140.08407570039)
OK: /home/jovyan/common_data/nex-gddp-cimp6_hazards/Data/chirts_chirps_hist/maps/PTOT/PTOT_MAM_full_sd.tif (mean=48.409342120453)
OK: /home/jovyan/common_data/nex-gddp-cimp6_hazards/Data/chirts_chirps_hist/maps/PTOT/PTOT_AMJ_full_min.tif (mean=69.30446971527)
OK: /home/jovyan/common_data/nex-gddp-cimp6_hazards/Data/chirts_chirps_hist/maps/PTOT/PTOT_AMJ_full_max.tif (mean=253.28616834868)
OK: /home/jovyan/common_data/nex-gddp-cimp6_hazards/Data/chirts_chirps_hist/maps/PTOT/PTOT_AMJ_full_sd.tif (mean=41.452765020381)
OK: /home/jovyan/common_data/nex-gddp-cimp6_hazards/Data/chirts_chirps_hist/maps/PTOT/PTOT_MJJ_full_mean.tif (mean=134.26192194427)
OK: /home/jovyan/common_data/nex-gddp-cimp6_hazards/Data/chirts_chirps_hist/maps/PTOT/PTOT_MJJ_full_min.tif (mean=75.671150095742)
OK: /home/jovyan/common_data/nex-gddp-cimp6_hazards/Data/chirts_chirps_hist/maps/PTOT/PTOT_MJJ_full_max.tif (mean=231.10972064601)
OK: /home/jovyan/common_data/nex-gddp-cimp6_hazards/Data/chirts_chirps_hist/maps/PTOT/PTOT_MJJ_full_sd.tif (mean=34.256326440561)
OK: /home/jovyan/common_data/nex-gddp-cimp6_hazards/Data/chirts_chirps_hist/maps/PTOT/PTOT_JJA_full_mean.tif (mean=147.98831874384)
OK: /home/jovyan/common_data/nex-gddp-cimp6_hazards/Data/chirts_chirps_hist/maps/PTOT/PTOT_JJA_full_min.tif (mean=85.891583942504)
OK: /home/jovyan/common_data/nex-gddp-cimp6_hazards/Data/chirts_chirps_hist/maps/PTOT/PTOT_JJA_full_sd.tif (mean=33.925818752775)
OK: /home/jovyan/common_data/nex-gddp-cimp6_hazards/Data/chirts_chirps_hist/maps/PTOT/PTOT_JAS_full_mean.tif (mean=163.83509750412)
OK: /home/jovyan/common_data/nex-gddp-cimp6_hazards/Data/chirts_chirps_hist/maps/PTOT/PTOT_JJA_full_max.tif (mean=240.79468286056)
OK: /home/jovyan/common_data/nex-gddp-cimp6_hazards/Data/chirts_chirps_hist/maps/PTOT/PTOT_JAS_full_max.tif (mean=270.87516225901)
OK: /home/jovyan/common_data/nex-gddp-cimp6_hazards/Data/chirts_chirps_hist/maps/PTOT/PTOT_ASO_full_mean.tif (mean=168.31258568958)
OK: /home/jovyan/common_data/nex-gddp-cimp6_hazards/Data/chirts_chirps_hist/maps/PTOT/PTOT_JAS_full_min.tif (mean=96.26242808363)
OK: /home/jovyan/common_data/nex-gddp-cimp6_hazards/Data/chirts_chirps_hist/maps/PTOT/PTOT_JAS_full_sd.tif (mean=38.389627317456)
OK: /home/jovyan/common_data/nex-gddp-cimp6_hazards/Data/chirts_chirps_hist/maps/PTOT/PTOT_ASO_full_min.tif (mean=92.67775775992)
OK: /home/jovyan/common_data/nex-gddp-cimp6_hazards/Data/chirts_chirps_hist/maps/PTOT/PTOT_SON_full_mean.tif (mean=162.99713570956)
OK: /home/jovyan/common_data/nex-gddp-cimp6_hazards/Data/chirts_chirps_hist/maps/PTOT/PTOT_ASO_full_sd.tif (mean=45.245221458606)
OK: /home/jovyan/common_data/nex-gddp-cimp6_hazards/Data/chirts_chirps_hist/maps/PTOT/PTOT_ASO_full_max.tif (mean=298.4624369553)
OK: /home/jovyan/common_data/nex-gddp-cimp6_hazards/Data/chirts_chirps_hist/maps/PTOT/PTOT_SON_full_sd.tif (mean=48.796738183533)
OK: /home/jovyan/common_data/nex-gddp-cimp6_hazards/Data/chirts_chirps_hist/maps/PTOT/PTOT_SON_full_max.tif (mean=303.97994390714)
OK: /home/jovyan/common_data/nex-gddp-cimp6_hazards/Data/chirts_chirps_hist/maps/PTOT/PTOT_OND_full_mean.tif (mean=164.92185649732)
OK: /home/jovyan/common_data/nex-gddp-cimp6_hazards/Data/chirts_chirps_hist/maps/PTOT/PTOT_SON_full_min.tif (mean=83.017636461065)
OK: /home/jovyan/common_data/nex-gddp-cimp6_hazards/Data/chirts_chirps_hist/maps/PTOT/PTOT_OND_full_min.tif (mean=77.664992104045)
OK: /home/jovyan/common_data/nex-gddp-cimp6_hazards/Data/chirts_chirps_hist/maps/PTOT/PTOT_NDJ_full_mean.tif (mean=168.59391081385)
OK: /home/jovyan/common_data/nex-gddp-cimp6_hazards/Data/chirts_chirps_hist/maps/PTOT/PTOT_OND_full_sd.tif (mean=52.280204021062)
OK: /home/jovyan/common_data/nex-gddp-cimp6_hazards/Data/chirts_chirps_hist/maps/PTOT/PTOT_OND_full_max.tif (mean=314.55812744759)
OK: /home/jovyan/common_data/nex-gddp-cimp6_hazards/Data/chirts_chirps_hist/maps/PTOT/PTOT_NDJ_full_min.tif (mean=82.916495889349)
OK: /home/jovyan/common_data/nex-gddp-cimp6_hazards/Data/chirts_chirps_hist/maps/PTOT/PTOT_DJF_full_mean.tif (mean=168.56021448854)
OK: /home/jovyan/common_data/nex-gddp-cimp6_hazards/Data/chirts_chirps_hist/maps/PTOT/PTOT_NDJ_full_sd.tif (mean=49.22534018049)
OK: /home/jovyan/common_data/nex-gddp-cimp6_hazards/Data/chirts_chirps_hist/maps/PTOT/PTOT_NDJ_full_max.tif (mean=302.14425258216)
OK: /home/jovyan/common_data/nex-gddp-cimp6_hazards/Data/chirts_chirps_hist/maps/PTOT/PTOT_DJF_full_min.tif (mean=76.649850438767)
OK: /home/jovyan/common_data/nex-gddp-cimp6_hazards/Data/chirts_chirps_hist/maps/PTOT/PTOT_DJF_full_sd.tif (mean=52.180968720743)
OK: /home/jovyan/common_data/nex-gddp-cimp6_hazards/Data/chirts_chirps_hist/maps/PTOT/PTOT_DJF_full_max.tif (mean=311.69671489064)
OK: /home/jovyan/common_data/nex-gddp-cimp6_hazards/Data/chirts_chirps_hist/maps/PTOT/PTOT_annual_1991-2020_mean.tif (mean=644.31121432631)
OK: /home/jovyan/common_data/nex-gddp-cimp6_hazards/Data/chirts_chirps_hist/maps/TMAX/TMAX_annual_1995-2014_min.tif (mean=36.127292449977)
OK: /home/jovyan/common_data/nex-gddp-cimp6_hazards/Data/chirts_chirps_hist/maps/TMAX/TMAX_JFM_1995-2014_mean.tif (mean=30.416955355389)
OK: /home/jovyan/common_data/nex-gddp-cimp6_hazards/Data/chirts_chirps_hist/maps/TMAX/TMAX_annual_1995-2014_sd.tif (mean=0.63842080844268)
OK: /home/jovyan/common_data/nex-gddp-cimp6_hazards/Data/chirts_chirps_hist/maps/TMAX/TMAX_annual_1995-2014_max.tif (mean=38.55689196265)
OK: /home/jovyan/common_data/nex-gddp-cimp6_hazards/Data/chirts_chirps_hist/maps/TMAX/TMAX_annual_1995-2014_mean.tif (mean=37.339635369818)
OK: /home/jovyan/common_data/nex-gddp-cimp6_hazards/Data/chirts_chirps_hist/maps/TMAX/TMAX_JFM_1995-2014_max.tif (mean=32.641874838528)
OK: /home/jovyan/common_data/nex-gddp-cimp6_hazards/Data/chirts_chirps_hist/maps/TMAX/TMAX_JFM_1995-2014_min.tif (mean=28.308396596237)
OK: /home/jovyan/common_data/nex-gddp-cimp6_hazards/Data/chirts_chirps_hist/maps/TMAX/TMAX_JFM_1995-2014_sd.tif (mean=1.1450860938102)
OK: /home/jovyan/common_data/nex-gddp-cimp6_hazards/Data/chirts_chirps_hist/maps/TMAX/TMAX_FMA_1995-2014_min.tif (mean=31.143695226231)
OK: /home/jovyan/common_data/nex-gddp-cimp6_hazards/Data/chirts_chirps_hist/maps/TMAX/TMAX_MAM_1995-2014_mean.tif (mean=34.383340410387)
OK: /home/jovyan/common_data/nex-gddp-cimp6_hazards/Data/chirts_chirps_hist/maps/TMAX/TMAX_FMA_1995-2014_mean.tif (mean=32.836638889951)
OK: /home/jovyan/common_data/nex-gddp-cimp6_hazards/Data/chirts_chirps_hist/maps/TMAX/TMAX_FMA_1995-2014_max.tif (mean=34.543657291354)
OK: /home/jovyan/common_data/nex-gddp-cimp6_hazards/Data/chirts_chirps_hist/maps/TMAX/TMAX_FMA_1995-2014_sd.tif (mean=0.93499719692364)
OK: /home/jovyan/common_data/nex-gddp-cimp6_hazards/Data/chirts_chirps_hist/maps/TMAX/TMAX_MAM_1995-2014_max.tif (mean=35.97882715349)
OK: /home/jovyan/common_data/nex-gddp-cimp6_hazards/Data/chirts_chirps_hist/maps/TMAX/TMAX_MAM_1995-2014_min.tif (mean=32.805239722507)
OK: /home/jovyan/common_data/nex-gddp-cimp6_hazards/Data/chirts_chirps_hist/maps/TMAX/TMAX_MAM_1995-2014_sd.tif (mean=0.84912921163952)
OK: /home/jovyan/common_data/nex-gddp-cimp6_hazards/Data/chirts_chirps_hist/maps/TMAX/TMAX_AMJ_1995-2014_min.tif (mean=33.955846782489)
OK: /home/jovyan/common_data/nex-gddp-cimp6_hazards/Data/chirts_chirps_hist/maps/TMAX/TMAX_AMJ_1995-2014_max.tif (mean=36.950085579836)
OK: /home/jovyan/common_data/nex-gddp-cimp6_hazards/Data/chirts_chirps_hist/maps/TMAX/TMAX_AMJ_1995-2014_sd.tif (mean=0.7980838849502)
OK: /home/jovyan/common_data/nex-gddp-cimp6_hazards/Data/chirts_chirps_hist/maps/TMAX/TMAX_MJJ_1995-2014_mean.tif (mean=35.409808519852)
OK: /home/jovyan/common_data/nex-gddp-cimp6_hazards/Data/chirts_chirps_hist/maps/TMAX/TMAX_AMJ_1995-2014_mean.tif (mean=35.410836177613)
OK: /home/jovyan/common_data/nex-gddp-cimp6_hazards/Data/chirts_chirps_hist/maps/TMAX/TMAX_MJJ_1995-2014_max.tif (mean=36.697815986392)
OK: /home/jovyan/common_data/nex-gddp-cimp6_hazards/Data/chirts_chirps_hist/maps/TMAX/TMAX_MJJ_1995-2014_min.tif (mean=34.083672717262)
OK: /home/jovyan/common_data/nex-gddp-cimp6_hazards/Data/chirts_chirps_hist/maps/TMAX/TMAX_MJJ_1995-2014_sd.tif (mean=0.68638606149742)
OK: /home/jovyan/common_data/nex-gddp-cimp6_hazards/Data/chirts_chirps_hist/maps/TMAX/TMAX_JAS_1995-2014_mean.tif (mean=35.031610045891)
OK: /home/jovyan/common_data/nex-gddp-cimp6_hazards/Data/chirts_chirps_hist/maps/TMAX/TMAX_JJA_1995-2014_mean.tif (mean=35.029623293605)
OK: /home/jovyan/common_data/nex-gddp-cimp6_hazards/Data/chirts_chirps_hist/maps/TMAX/TMAX_JJA_1995-2014_max.tif (mean=36.254511323989)
OK: /home/jovyan/common_data/nex-gddp-cimp6_hazards/Data/chirts_chirps_hist/maps/TMAX/TMAX_JJA_1995-2014_min.tif (mean=33.807187747629)
OK: /home/jovyan/common_data/nex-gddp-cimp6_hazards/Data/chirts_chirps_hist/maps/TMAX/TMAX_JJA_1995-2014_sd.tif (mean=0.64447154359352)
OK: /home/jovyan/common_data/nex-gddp-cimp6_hazards/Data/chirts_chirps_hist/maps/TMAX/TMAX_JAS_1995-2014_min.tif (mean=33.867341663615)
OK: /home/jovyan/common_data/nex-gddp-cimp6_hazards/Data/chirts_chirps_hist/maps/TMAX/TMAX_JAS_1995-2014_sd.tif (mean=0.6227300763634)
OK: /home/jovyan/common_data/nex-gddp-cimp6_hazards/Data/chirts_chirps_hist/maps/TMAX/TMAX_JAS_1995-2014_max.tif (mean=36.203182568225)
OK: /home/jovyan/common_data/nex-gddp-cimp6_hazards/Data/chirts_chirps_hist/maps/TMAX/TMAX_ASO_1995-2014_min.tif (mean=34.064970108202)
OK: /home/jovyan/common_data/nex-gddp-cimp6_hazards/Data/chirts_chirps_hist/maps/TMAX/TMAX_ASO_1995-2014_max.tif (mean=36.601382941642)
OK: /home/jovyan/common_data/nex-gddp-cimp6_hazards/Data/chirts_chirps_hist/maps/TMAX/TMAX_ASO_1995-2014_sd.tif (mean=0.6588711693775)
OK: /home/jovyan/common_data/nex-gddp-cimp6_hazards/Data/chirts_chirps_hist/maps/TMAX/TMAX_SON_1995-2014_mean.tif (mean=34.665380086186)
OK: /home/jovyan/common_data/nex-gddp-cimp6_hazards/Data/chirts_chirps_hist/maps/TMAX/TMAX_ASO_1995-2014_mean.tif (mean=35.423870066854)
OK: /home/jovyan/common_data/nex-gddp-cimp6_hazards/Data/chirts_chirps_hist/maps/TMAX/TMAX_SON_1995-2014_sd.tif (mean=0.69127739260622)
OK: /home/jovyan/common_data/nex-gddp-cimp6_hazards/Data/chirts_chirps_hist/maps/TMAX/TMAX_SON_1995-2014_max.tif (mean=35.928707707207)
OK: /home/jovyan/common_data/nex-gddp-cimp6_hazards/Data/chirts_chirps_hist/maps/TMAX/TMAX_SON_1995-2014_min.tif (mean=33.303211053358)
OK: /home/jovyan/common_data/nex-gddp-cimp6_hazards/Data/chirts_chirps_hist/maps/TMAX/TMAX_OND_1995-2014_max.tif (mean=34.24901287528)
OK: /home/jovyan/common_data/nex-gddp-cimp6_hazards/Data/chirts_chirps_hist/maps/TMAX/TMAX_OND_1995-2014_sd.tif (mean=0.83638037355604)
OK: /home/jovyan/common_data/nex-gddp-cimp6_hazards/Data/chirts_chirps_hist/maps/TMAX/TMAX_OND_1995-2014_mean.tif (mean=32.70450484764)
OK: /home/jovyan/common_data/nex-gddp-cimp6_hazards/Data/chirts_chirps_hist/maps/TMAX/TMAX_OND_1995-2014_min.tif (mean=31.100052878394)
OK: /home/jovyan/common_data/nex-gddp-cimp6_hazards/Data/chirts_chirps_hist/maps/TMAX/TMAX_NDJ_1995-2014_mean.tif (mean=29.787200080279)
OK: /home/jovyan/common_data/nex-gddp-cimp6_hazards/Data/chirts_chirps_hist/maps/TMAX/TMAX_NDJ_1995-2014_sd.tif (mean=0.89104059150311)
OK: /home/jovyan/common_data/nex-gddp-cimp6_hazards/Data/chirts_chirps_hist/maps/TMAX/TMAX_NDJ_1995-2014_min.tif (mean=28.070916617815)
OK: /home/jovyan/common_data/nex-gddp-cimp6_hazards/Data/chirts_chirps_hist/maps/TMAX/TMAX_NDJ_1995-2014_max.tif (mean=31.495752220992)
OK: /home/jovyan/common_data/nex-gddp-cimp6_hazards/Data/chirts_chirps_hist/maps/TMAX/TMAX_DJF_1995-2014_sd.tif (mean=1.1172866889866)
OK: /home/jovyan/common_data/nex-gddp-cimp6_hazards/Data/chirts_chirps_hist/maps/TMAX/TMAX_DJF_1995-2014_mean.tif (mean=28.414612524307)
OK: /home/jovyan/common_data/nex-gddp-cimp6_hazards/Data/chirts_chirps_hist/maps/TMAX/TMAX_DJF_1995-2014_max.tif (mean=30.718457445233)
OK: /home/jovyan/common_data/nex-gddp-cimp6_hazards/Data/chirts_chirps_hist/maps/TMAX/TMAX_annual_1991-2020_mean.tif (mean=37.362290739961)
OK: /home/jovyan/common_data/nex-gddp-cimp6_hazards/Data/chirts_chirps_hist/maps/TMAX/TMAX_DJF_1995-2014_min.tif (mean=26.472560611036)
OK: /home/jovyan/common_data/nex-gddp-cimp6_hazards/Data/chirts_chirps_hist/maps/TMAX/TMAX_annual_1991-2020_min.tif (mean=35.87378310613)
OK: /home/jovyan/common_data/nex-gddp-cimp6_hazards/Data/chirts_chirps_hist/maps/TMAX/TMAX_annual_1991-2020_sd.tif (mean=0.71316851594413)
OK: /home/jovyan/common_data/nex-gddp-cimp6_hazards/Data/chirts_chirps_hist/maps/TMAX/TMAX_annual_1991-2020_max.tif (mean=38.8091325905)
OK: /home/jovyan/common_data/nex-gddp-cimp6_hazards/Data/chirts_chirps_hist/maps/TMAX/TMAX_FMA_1991-2020_mean.tif (mean=32.858078681101)
OK: /home/jovyan/common_data/nex-gddp-cimp6_hazards/Data/chirts_chirps_hist/maps/TMAX/TMAX_JFM_1991-2020_sd.tif (mean=1.1827385917721)
OK: /home/jovyan/common_data/nex-gddp-cimp6_hazards/Data/chirts_chirps_hist/maps/TMAX/TMAX_JFM_1991-2020_mean.tif (mean=30.441031246944)
OK: /home/jovyan/common_data/nex-gddp-cimp6_hazards/Data/chirts_chirps_hist/maps/TMAX/TMAX_JFM_1991-2020_min.tif (mean=28.100336403008)
OK: /home/jovyan/common_data/nex-gddp-cimp6_hazards/Data/chirts_chirps_hist/maps/TMAX/TMAX_JFM_1991-2020_max.tif (mean=32.982901409423)
OK: /home/jovyan/common_data/nex-gddp-cimp6_hazards/Data/chirts_chirps_hist/maps/TMAX/TMAX_FMA_1991-2020_sd.tif (mean=0.9998865100547)
OK: /home/jovyan/common_data/nex-gddp-cimp6_hazards/Data/chirts_chirps_hist/maps/TMAX/TMAX_FMA_1991-2020_max.tif (mean=34.918924692653)
OK: /home/jovyan/common_data/nex-gddp-cimp6_hazards/Data/chirts_chirps_hist/maps/TMAX/TMAX_MAM_1991-2020_mean.tif (mean=34.402208219145)
OK: /home/jovyan/common_data/nex-gddp-cimp6_hazards/Data/chirts_chirps_hist/maps/TMAX/TMAX_FMA_1991-2020_min.tif (mean=30.907950612686)
OK: /home/jovyan/common_data/nex-gddp-cimp6_hazards/Data/chirts_chirps_hist/maps/TMAX/TMAX_MAM_1991-2020_min.tif (mean=32.474169552186)
OK: /home/jovyan/common_data/nex-gddp-cimp6_hazards/Data/chirts_chirps_hist/maps/TMAX/TMAX_MAM_1991-2020_sd.tif (mean=0.93274511893214)
OK: /home/jovyan/common_data/nex-gddp-cimp6_hazards/Data/chirts_chirps_hist/maps/TMAX/TMAX_MAM_1991-2020_max.tif (mean=36.257282143016)
OK: /home/jovyan/common_data/nex-gddp-cimp6_hazards/Data/chirts_chirps_hist/maps/TMAX/TMAX_AMJ_1991-2020_mean.tif (mean=35.453541890535)
OK: /home/jovyan/common_data/nex-gddp-cimp6_hazards/Data/chirts_chirps_hist/maps/TMAX/TMAX_AMJ_1991-2020_min.tif (mean=33.697402966202)
OK: /home/jovyan/common_data/nex-gddp-cimp6_hazards/Data/chirts_chirps_hist/maps/TMAX/TMAX_MJJ_1991-2020_min.tif (mean=33.79912282728)
OK: /home/jovyan/common_data/nex-gddp-cimp6_hazards/Data/chirts_chirps_hist/maps/TMAX/TMAX_AMJ_1991-2020_sd.tif (mean=0.84062588688833)
OK: /home/jovyan/common_data/nex-gddp-cimp6_hazards/Data/chirts_chirps_hist/maps/TMAX/TMAX_AMJ_1991-2020_max.tif (mean=37.137280714354)
OK: /home/jovyan/common_data/nex-gddp-cimp6_hazards/Data/chirts_chirps_hist/maps/TMAX/TMAX_MJJ_1991-2020_mean.tif (mean=35.434618136426)
OK: /home/jovyan/common_data/nex-gddp-cimp6_hazards/Data/chirts_chirps_hist/maps/TMAX/TMAX_MJJ_1991-2020_max.tif (mean=36.949258435823)
OK: /home/jovyan/common_data/nex-gddp-cimp6_hazards/Data/chirts_chirps_hist/maps/TMAX/TMAX_JJA_1991-2020_mean.tif (mean=35.035445932242)
OK: /home/jovyan/common_data/nex-gddp-cimp6_hazards/Data/chirts_chirps_hist/maps/TMAX/TMAX_MJJ_1991-2020_sd.tif (mean=0.75180568571342)
OK: /home/jovyan/common_data/nex-gddp-cimp6_hazards/Data/chirts_chirps_hist/maps/TMAX/TMAX_JAS_1991-2020_mean.tif (mean=35.034751377607)
OK: /home/jovyan/common_data/nex-gddp-cimp6_hazards/Data/chirts_chirps_hist/maps/TMAX/TMAX_JAS_1991-2020_min.tif (mean=33.616369480321)
OK: /home/jovyan/common_data/nex-gddp-cimp6_hazards/Data/chirts_chirps_hist/maps/TMAX/TMAX_JAS_1991-2020_max.tif (mean=36.446766175498)
OK: /home/jovyan/common_data/nex-gddp-cimp6_hazards/Data/chirts_chirps_hist/maps/TMAX/TMAX_JJA_1991-2020_max.tif (mean=36.484694690567)
OK: /home/jovyan/common_data/nex-gddp-cimp6_hazards/Data/chirts_chirps_hist/maps/TMAX/TMAX_JJA_1991-2020_min.tif (mean=33.579630817056)
OK: /home/jovyan/common_data/nex-gddp-cimp6_hazards/Data/chirts_chirps_hist/maps/TMAX/TMAX_JJA_1991-2020_sd.tif (mean=0.71399057518758)
OK: /home/jovyan/common_data/nex-gddp-cimp6_hazards/Data/chirts_chirps_hist/maps/TMAX/TMAX_ASO_1991-2020_mean.tif (mean=35.428647048321)
OK: /home/jovyan/common_data/nex-gddp-cimp6_hazards/Data/chirts_chirps_hist/maps/TMAX/TMAX_JAS_1991-2020_sd.tif (mean=0.68554270703868)
OK: /home/jovyan/common_data/nex-gddp-cimp6_hazards/Data/chirts_chirps_hist/maps/TMAX/TMAX_ASO_1991-2020_min.tif (mean=33.845306324353)
OK: /home/jovyan/common_data/nex-gddp-cimp6_hazards/Data/chirts_chirps_hist/maps/TMAX/TMAX_ASO_1991-2020_max.tif (mean=36.879529325591)
OK: /home/jovyan/common_data/nex-gddp-cimp6_hazards/Data/chirts_chirps_hist/maps/TMAX/TMAX_SON_1991-2020_min.tif (mean=32.983325098913)
OK: /home/jovyan/common_data/nex-gddp-cimp6_hazards/Data/chirts_chirps_hist/maps/TMAX/TMAX_SON_1991-2020_max.tif (mean=36.265157278347)
OK: /home/jovyan/common_data/nex-gddp-cimp6_hazards/Data/chirts_chirps_hist/maps/TMAX/TMAX_SON_1991-2020_mean.tif (mean=34.700640948349)
OK: /home/jovyan/common_data/nex-gddp-cimp6_hazards/Data/chirts_chirps_hist/maps/TMAX/TMAX_ASO_1991-2020_sd.tif (mean=0.73180535042076)
OK: /home/jovyan/common_data/nex-gddp-cimp6_hazards/Data/chirts_chirps_hist/maps/TMAX/TMAX_OND_1991-2020_mean.tif (mean=32.769385164552)
OK: /home/jovyan/common_data/nex-gddp-cimp6_hazards/Data/chirts_chirps_hist/maps/TMAX/TMAX_SON_1991-2020_sd.tif (mean=0.78172653500816)
OK: /home/jovyan/common_data/nex-gddp-cimp6_hazards/Data/chirts_chirps_hist/maps/TMAX/TMAX_OND_1991-2020_min.tif (mean=30.910281877535)
OK: /home/jovyan/common_data/nex-gddp-cimp6_hazards/Data/chirts_chirps_hist/maps/TMAX/TMAX_OND_1991-2020_max.tif (mean=34.549838595729)
OK: /home/jovyan/common_data/nex-gddp-cimp6_hazards/Data/chirts_chirps_hist/maps/TMAX/TMAX_OND_1991-2020_sd.tif (mean=0.89989295932595)
OK: /home/jovyan/common_data/nex-gddp-cimp6_hazards/Data/chirts_chirps_hist/maps/TMAX/TMAX_NDJ_1991-2020_sd.tif (mean=0.9482315549202)
OK: /home/jovyan/common_data/nex-gddp-cimp6_hazards/Data/chirts_chirps_hist/maps/TMAX/TMAX_NDJ_1991-2020_mean.tif (mean=29.802164794845)
OK: /home/jovyan/common_data/nex-gddp-cimp6_hazards/Data/chirts_chirps_hist/maps/TMAX/TMAX_NDJ_1991-2020_max.tif (mean=31.777712189415)
OK: /home/jovyan/common_data/nex-gddp-cimp6_hazards/Data/chirts_chirps_hist/maps/TMAX/TMAX_NDJ_1991-2020_min.tif (mean=27.848017723487)
OK: /home/jovyan/common_data/nex-gddp-cimp6_hazards/Data/chirts_chirps_hist/maps/TMAX/TMAX_DJF_1991-2020_mean.tif (mean=28.402565990966)
OK: /home/jovyan/common_data/nex-gddp-cimp6_hazards/Data/chirts_chirps_hist/maps/TMAX/TMAX_DJF_1991-2020_min.tif (mean=25.993104720442)
OK: /home/jovyan/common_data/nex-gddp-cimp6_hazards/Data/chirts_chirps_hist/maps/TMAX/TMAX_annual_full_sd.tif (mean=0.77754866480151)
OK: /home/jovyan/common_data/nex-gddp-cimp6_hazards/Data/chirts_chirps_hist/maps/TMAX/TMAX_annual_full_max.tif (mean=39.084359501467)
OK: /home/jovyan/common_data/nex-gddp-cimp6_hazards/Data/chirts_chirps_hist/maps/TMAX/TMAX_DJF_1991-2020_max.tif (mean=30.950403700811)
OK: /home/jovyan/common_data/nex-gddp-cimp6_hazards/Data/chirts_chirps_hist/maps/TMAX/TMAX_annual_full_min.tif (mean=35.648784000123)
OK: /home/jovyan/common_data/nex-gddp-cimp6_hazards/Data/chirts_chirps_hist/maps/TMAX/TMAX_DJF_1991-2020_sd.tif (mean=1.1834064623512)
OK: /home/jovyan/common_data/nex-gddp-cimp6_hazards/Data/chirts_chirps_hist/maps/TMAX/TMAX_annual_full_mean.tif (mean=37.30388585511)
OK: /home/jovyan/common_data/nex-gddp-cimp6_hazards/Data/chirts_chirps_hist/maps/TMAX/TMAX_JFM_full_mean.tif (mean=30.358520418706)
OK: /home/jovyan/common_data/nex-gddp-cimp6_hazards/Data/chirts_chirps_hist/maps/TMAX/TMAX_JFM_full_min.tif (mean=27.833108663167)
OK: /home/jovyan/common_data/nex-gddp-cimp6_hazards/Data/chirts_chirps_hist/maps/TMAX/TMAX_JFM_full_max.tif (mean=33.19566033463)
OK: /home/jovyan/common_data/nex-gddp-cimp6_hazards/Data/chirts_chirps_hist/maps/TMAX/TMAX_JFM_full_sd.tif (mean=1.205654008487)
OK: /home/jovyan/common_data/nex-gddp-cimp6_hazards/Data/chirts_chirps_hist/maps/TMAX/TMAX_FMA_full_mean.tif (mean=32.816070692211)
OK: /home/jovyan/common_data/nex-gddp-cimp6_hazards/Data/chirts_chirps_hist/maps/TMAX/TMAX_FMA_full_max.tif (mean=35.233867249686)
OK: /home/jovyan/common_data/nex-gddp-cimp6_hazards/Data/chirts_chirps_hist/maps/TMAX/TMAX_FMA_full_sd.tif (mean=1.0638291207293)
OK: /home/jovyan/common_data/nex-gddp-cimp6_hazards/Data/chirts_chirps_hist/maps/TMAX/TMAX_FMA_full_min.tif (mean=30.534425827241)
OK: /home/jovyan/common_data/nex-gddp-cimp6_hazards/Data/chirts_chirps_hist/maps/TMAX/TMAX_MAM_full_mean.tif (mean=34.353134488731)
OK: /home/jovyan/common_data/nex-gddp-cimp6_hazards/Data/chirts_chirps_hist/maps/TMAX/TMAX_MAM_full_min.tif (mean=32.210007837926)
OK: /home/jovyan/common_data/nex-gddp-cimp6_hazards/Data/chirts_chirps_hist/maps/TMAX/TMAX_MAM_full_sd.tif (mean=0.98491521254253)
OK: /home/jovyan/common_data/nex-gddp-cimp6_hazards/Data/chirts_chirps_hist/maps/TMAX/TMAX_MAM_full_max.tif (mean=36.601198380902)
OK: /home/jovyan/common_data/nex-gddp-cimp6_hazards/Data/chirts_chirps_hist/maps/TMAX/TMAX_AMJ_full_mean.tif (mean=35.42764386633)
OK: /home/jovyan/common_data/nex-gddp-cimp6_hazards/Data/chirts_chirps_hist/maps/TMAX/TMAX_AMJ_full_min.tif (mean=33.522218466235)
OK: /home/jovyan/common_data/nex-gddp-cimp6_hazards/Data/chirts_chirps_hist/maps/TMAX/TMAX_AMJ_full_max.tif (mean=37.55346465026)
OK: /home/jovyan/common_data/nex-gddp-cimp6_hazards/Data/chirts_chirps_hist/maps/TMAX/TMAX_MJJ_full_mean.tif (mean=35.39752170456)
OK: /home/jovyan/common_data/nex-gddp-cimp6_hazards/Data/chirts_chirps_hist/maps/TMAX/TMAX_AMJ_full_sd.tif (mean=0.88836417914465)
OK: /home/jovyan/common_data/nex-gddp-cimp6_hazards/Data/chirts_chirps_hist/maps/TMAX/TMAX_MJJ_full_min.tif (mean=33.612732901845)
OK: /home/jovyan/common_data/nex-gddp-cimp6_hazards/Data/chirts_chirps_hist/maps/TMAX/TMAX_MJJ_full_max.tif (mean=37.405338736295)
OK: /home/jovyan/common_data/nex-gddp-cimp6_hazards/Data/chirts_chirps_hist/maps/TMAX/TMAX_MJJ_full_sd.tif (mean=0.83097940213895)
OK: /home/jovyan/common_data/nex-gddp-cimp6_hazards/Data/chirts_chirps_hist/maps/TMAX/TMAX_JJA_full_min.tif (mean=33.280212695317)
OK: /home/jovyan/common_data/nex-gddp-cimp6_hazards/Data/chirts_chirps_hist/maps/TMAX/TMAX_JJA_full_max.tif (mean=36.752469899216)
OK: /home/jovyan/common_data/nex-gddp-cimp6_hazards/Data/chirts_chirps_hist/maps/TMAX/TMAX_JJA_full_mean.tif (mean=34.979555402787)
OK: /home/jovyan/common_data/nex-gddp-cimp6_hazards/Data/chirts_chirps_hist/maps/TMAX/TMAX_JAS_full_mean.tif (mean=34.950379524257)
OK: /home/jovyan/common_data/nex-gddp-cimp6_hazards/Data/chirts_chirps_hist/maps/TMAX/TMAX_JJA_full_sd.tif (mean=0.78282678561194)
OK: /home/jovyan/common_data/nex-gddp-cimp6_hazards/Data/chirts_chirps_hist/maps/TMAX/TMAX_JAS_full_min.tif (mean=33.250946408415)
OK: /home/jovyan/common_data/nex-gddp-cimp6_hazards/Data/chirts_chirps_hist/maps/TMAX/TMAX_JAS_full_max.tif (mean=36.679820068739)
OK: /home/jovyan/common_data/nex-gddp-cimp6_hazards/Data/chirts_chirps_hist/maps/TMAX/TMAX_JAS_full_sd.tif (mean=0.77520057463675)
OK: /home/jovyan/common_data/nex-gddp-cimp6_hazards/Data/chirts_chirps_hist/maps/TMAX/TMAX_ASO_full_sd.tif (mean=0.80337779782391)
OK: /home/jovyan/common_data/nex-gddp-cimp6_hazards/Data/chirts_chirps_hist/maps/TMAX/TMAX_ASO_full_max.tif (mean=37.062190482047)
OK: /home/jovyan/common_data/nex-gddp-cimp6_hazards/Data/chirts_chirps_hist/maps/TMAX/TMAX_SON_full_mean.tif (mean=34.623131141751)
OK: /home/jovyan/common_data/nex-gddp-cimp6_hazards/Data/chirts_chirps_hist/maps/TMAX/TMAX_ASO_full_mean.tif (mean=35.331646685018)
OK: /home/jovyan/common_data/nex-gddp-cimp6_hazards/Data/chirts_chirps_hist/maps/TMAX/TMAX_ASO_full_min.tif (mean=33.506224690594)
OK: /home/jovyan/common_data/nex-gddp-cimp6_hazards/Data/chirts_chirps_hist/maps/TMAX/TMAX_SON_full_min.tif (mean=32.794064674339)
OK: /home/jovyan/common_data/nex-gddp-cimp6_hazards/Data/chirts_chirps_hist/maps/TMAX/TMAX_SON_full_sd.tif (mean=0.83442854770874)
OK: /home/jovyan/common_data/nex-gddp-cimp6_hazards/Data/chirts_chirps_hist/maps/TMAX/TMAX_SON_full_max.tif (mean=36.437906966684)
OK: /home/jovyan/common_data/nex-gddp-cimp6_hazards/Data/chirts_chirps_hist/maps/TMAX/TMAX_OND_full_mean.tif (mean=32.667122041511)
OK: /home/jovyan/common_data/nex-gddp-cimp6_hazards/Data/chirts_chirps_hist/maps/TMAX/TMAX_OND_full_sd.tif (mean=0.97201093729881)
OK: /home/jovyan/common_data/nex-gddp-cimp6_hazards/Data/chirts_chirps_hist/maps/TMAX/TMAX_OND_full_max.tif (mean=34.708365632721)
OK: /home/jovyan/common_data/nex-gddp-cimp6_hazards/Data/chirts_chirps_hist/maps/TMAX/TMAX_NDJ_full_mean.tif (mean=29.788495469552)
OK: /home/jovyan/common_data/nex-gddp-cimp6_hazards/Data/chirts_chirps_hist/maps/TMAX/TMAX_OND_full_min.tif (mean=30.462318232715)
OK: /home/jovyan/common_data/nex-gddp-cimp6_hazards/Data/chirts_chirps_hist/maps/TMAX/TMAX_NDJ_full_min.tif (mean=27.44539966627)
OK: /home/jovyan/common_data/nex-gddp-cimp6_hazards/Data/chirts_chirps_hist/maps/TMAX/TMAX_NDJ_full_sd.tif (mean=1.0401511963556)
OK: /home/jovyan/common_data/nex-gddp-cimp6_hazards/Data/chirts_chirps_hist/maps/TMAX/TMAX_NDJ_full_max.tif (mean=32.065303809233)
OK: /home/jovyan/common_data/nex-gddp-cimp6_hazards/Data/chirts_chirps_hist/maps/TMIN/TMIN_annual_1995-2014_mean.tif (mean=12.476769012606)
OK: /home/jovyan/common_data/nex-gddp-cimp6_hazards/Data/chirts_chirps_hist/maps/TMAX/TMAX_DJF_full_max.tif (mean=31.142763419247)
OK: /home/jovyan/common_data/nex-gddp-cimp6_hazards/Data/chirts_chirps_hist/maps/TMAX/TMAX_DJF_full_sd.tif (mean=1.1865284540177)
OK: /home/jovyan/common_data/nex-gddp-cimp6_hazards/Data/chirts_chirps_hist/maps/TMAX/TMAX_DJF_full_min.tif (mean=25.811541445382)
OK: /home/jovyan/common_data/nex-gddp-cimp6_hazards/Data/chirts_chirps_hist/maps/TMAX/TMAX_DJF_full_mean.tif (mean=28.37088121099)
OK: /home/jovyan/common_data/nex-gddp-cimp6_hazards/Data/chirts_chirps_hist/maps/TMIN/TMIN_annual_1995-2014_min.tif (mean=10.649760520579)
OK: /home/jovyan/common_data/nex-gddp-cimp6_hazards/Data/chirts_chirps_hist/maps/TMIN/TMIN_annual_1995-2014_sd.tif (mean=0.89716259261598)
OK: /home/jovyan/common_data/nex-gddp-cimp6_hazards/Data/chirts_chirps_hist/maps/TMIN/TMIN_annual_1995-2014_max.tif (mean=14.032829038952)
OK: /home/jovyan/common_data/nex-gddp-cimp6_hazards/Data/chirts_chirps_hist/maps/TMIN/TMIN_JFM_1995-2014_sd.tif (mean=0.966515193425)
OK: /home/jovyan/common_data/nex-gddp-cimp6_hazards/Data/chirts_chirps_hist/maps/TMIN/TMIN_JFM_1995-2014_mean.tif (mean=14.577763984034)
OK: /home/jovyan/common_data/nex-gddp-cimp6_hazards/Data/chirts_chirps_hist/maps/TMIN/TMIN_FMA_1995-2014_mean.tif (mean=15.511970331309)
OK: /home/jovyan/common_data/nex-gddp-cimp6_hazards/Data/chirts_chirps_hist/maps/TMIN/TMIN_JFM_1995-2014_max.tif (mean=16.31973153029)
OK: /home/jovyan/common_data/nex-gddp-cimp6_hazards/Data/chirts_chirps_hist/maps/TMIN/TMIN_JFM_1995-2014_min.tif (mean=12.634958321543)
OK: /home/jovyan/common_data/nex-gddp-cimp6_hazards/Data/chirts_chirps_hist/maps/TMIN/TMIN_FMA_1995-2014_min.tif (mean=13.221734496044)
OK: /home/jovyan/common_data/nex-gddp-cimp6_hazards/Data/chirts_chirps_hist/maps/TMIN/TMIN_FMA_1995-2014_sd.tif (mean=1.1872635065444)
OK: /home/jovyan/common_data/nex-gddp-cimp6_hazards/Data/chirts_chirps_hist/maps/TMIN/TMIN_FMA_1995-2014_max.tif (mean=17.71918167352)
OK: /home/jovyan/common_data/nex-gddp-cimp6_hazards/Data/chirts_chirps_hist/maps/TMIN/TMIN_MAM_1995-2014_mean.tif (mean=16.941860572061)
OK: /home/jovyan/common_data/nex-gddp-cimp6_hazards/Data/chirts_chirps_hist/maps/TMIN/TMIN_MAM_1995-2014_max.tif (mean=18.717784487167)
OK: /home/jovyan/common_data/nex-gddp-cimp6_hazards/Data/chirts_chirps_hist/maps/TMIN/TMIN_AMJ_1995-2014_mean.tif (mean=18.628427416407)
OK: /home/jovyan/common_data/nex-gddp-cimp6_hazards/Data/chirts_chirps_hist/maps/TMIN/TMIN_MAM_1995-2014_sd.tif (mean=0.95830538672986)
OK: /home/jovyan/common_data/nex-gddp-cimp6_hazards/Data/chirts_chirps_hist/maps/TMIN/TMIN_MAM_1995-2014_min.tif (mean=15.067219057883)
OK: /home/jovyan/common_data/nex-gddp-cimp6_hazards/Data/chirts_chirps_hist/maps/TMIN/TMIN_AMJ_1995-2014_min.tif (mean=17.147798967966)
OK: /home/jovyan/common_data/nex-gddp-cimp6_hazards/Data/chirts_chirps_hist/maps/TMIN/TMIN_MJJ_1995-2014_mean.tif (mean=19.959840487164)
OK: /home/jovyan/common_data/nex-gddp-cimp6_hazards/Data/chirts_chirps_hist/maps/TMIN/TMIN_AMJ_1995-2014_max.tif (mean=20.082006970087)
OK: /home/jovyan/common_data/nex-gddp-cimp6_hazards/Data/chirts_chirps_hist/maps/TMIN/TMIN_AMJ_1995-2014_sd.tif (mean=0.77880871729984)
OK: /home/jovyan/common_data/nex-gddp-cimp6_hazards/Data/chirts_chirps_hist/maps/TMIN/TMIN_MJJ_1995-2014_min.tif (mean=18.753083787698)
OK: /home/jovyan/common_data/nex-gddp-cimp6_hazards/Data/chirts_chirps_hist/maps/TMIN/TMIN_JJA_1995-2014_mean.tif (mean=21.155975708268)
OK: /home/jovyan/common_data/nex-gddp-cimp6_hazards/Data/chirts_chirps_hist/maps/TMIN/TMIN_MJJ_1995-2014_max.tif (mean=21.190680461611)
OK: /home/jovyan/common_data/nex-gddp-cimp6_hazards/Data/chirts_chirps_hist/maps/TMIN/TMIN_MJJ_1995-2014_sd.tif (mean=0.65851009064016)
OK: /home/jovyan/common_data/nex-gddp-cimp6_hazards/Data/chirts_chirps_hist/maps/TMIN/TMIN_JJA_1995-2014_min.tif (mean=20.04606338714)
OK: /home/jovyan/common_data/nex-gddp-cimp6_hazards/Data/chirts_chirps_hist/maps/TMIN/TMIN_JJA_1995-2014_sd.tif (mean=0.58217781192183)
OK: /home/jovyan/common_data/nex-gddp-cimp6_hazards/Data/chirts_chirps_hist/maps/TMIN/TMIN_JAS_1995-2014_min.tif (mean=19.624562838523)
OK: /home/jovyan/common_data/nex-gddp-cimp6_hazards/Data/chirts_chirps_hist/maps/TMIN/TMIN_JAS_1995-2014_mean.tif (mean=20.803047556282)
OK: /home/jovyan/common_data/nex-gddp-cimp6_hazards/Data/chirts_chirps_hist/maps/TMIN/TMIN_JJA_1995-2014_max.tif (mean=22.246513483898)
OK: /home/jovyan/common_data/nex-gddp-cimp6_hazards/Data/chirts_chirps_hist/maps/TMIN/TMIN_ASO_1995-2014_mean.tif (mean=19.315916623541)
OK: /home/jovyan/common_data/nex-gddp-cimp6_hazards/Data/chirts_chirps_hist/maps/TMIN/TMIN_JAS_1995-2014_sd.tif (mean=0.61260834654418)
OK: /home/jovyan/common_data/nex-gddp-cimp6_hazards/Data/chirts_chirps_hist/maps/TMIN/TMIN_JAS_1995-2014_max.tif (mean=21.90506419909)
OK: /home/jovyan/common_data/nex-gddp-cimp6_hazards/Data/chirts_chirps_hist/maps/TMIN/TMIN_ASO_1995-2014_min.tif (mean=17.83859186665)
OK: /home/jovyan/common_data/nex-gddp-cimp6_hazards/Data/chirts_chirps_hist/maps/TMIN/TMIN_SON_1995-2014_mean.tif (mean=16.872898530453)
OK: /home/jovyan/common_data/nex-gddp-cimp6_hazards/Data/chirts_chirps_hist/maps/TMIN/TMIN_SON_1995-2014_min.tif (mean=15.192253518154)
OK: /home/jovyan/common_data/nex-gddp-cimp6_hazards/Data/chirts_chirps_hist/maps/TMIN/TMIN_ASO_1995-2014_max.tif (mean=20.653430186641)
OK: /home/jovyan/common_data/nex-gddp-cimp6_hazards/Data/chirts_chirps_hist/maps/TMIN/TMIN_ASO_1995-2014_sd.tif (mean=0.75139805919881)
OK: /home/jovyan/common_data/nex-gddp-cimp6_hazards/Data/chirts_chirps_hist/maps/TMIN/TMIN_OND_1995-2014_mean.tif (mean=15.247742357143)
OK: /home/jovyan/common_data/nex-gddp-cimp6_hazards/Data/chirts_chirps_hist/maps/TMIN/TMIN_SON_1995-2014_max.tif (mean=18.417682095884)
OK: /home/jovyan/common_data/nex-gddp-cimp6_hazards/Data/chirts_chirps_hist/maps/TMIN/TMIN_SON_1995-2014_sd.tif (mean=0.84684210368383)
OK: /home/jovyan/common_data/nex-gddp-cimp6_hazards/Data/chirts_chirps_hist/maps/TMIN/TMIN_OND_1995-2014_min.tif (mean=13.529704868134)
OK: /home/jovyan/common_data/nex-gddp-cimp6_hazards/Data/chirts_chirps_hist/maps/TMIN/TMIN_OND_1995-2014_max.tif (mean=16.877255249889)
OK: /home/jovyan/common_data/nex-gddp-cimp6_hazards/Data/chirts_chirps_hist/maps/TMIN/TMIN_OND_1995-2014_sd.tif (mean=0.90644185628154)
OK: /home/jovyan/common_data/nex-gddp-cimp6_hazards/Data/chirts_chirps_hist/maps/TMIN/TMIN_NDJ_1995-2014_mean.tif (mean=14.459521326474)
OK: /home/jovyan/common_data/nex-gddp-cimp6_hazards/Data/chirts_chirps_hist/maps/TMIN/TMIN_NDJ_1995-2014_min.tif (mean=12.543279325624)
OK: /home/jovyan/common_data/nex-gddp-cimp6_hazards/Data/chirts_chirps_hist/maps/TMIN/TMIN_DJF_1995-2014_mean.tif (mean=14.522156857414)
OK: /home/jovyan/common_data/nex-gddp-cimp6_hazards/Data/chirts_chirps_hist/maps/TMIN/TMIN_NDJ_1995-2014_max.tif (mean=16.162184474177)
OK: /home/jovyan/common_data/nex-gddp-cimp6_hazards/Data/chirts_chirps_hist/maps/TMIN/TMIN_NDJ_1995-2014_sd.tif (mean=0.94513369839419)
OK: /home/jovyan/common_data/nex-gddp-cimp6_hazards/Data/chirts_chirps_hist/maps/TMIN/TMIN_DJF_1995-2014_min.tif (mean=12.65610118633)
OK: /home/jovyan/common_data/nex-gddp-cimp6_hazards/Data/chirts_chirps_hist/maps/TMIN/TMIN_DJF_1995-2014_max.tif (mean=16.214096715031)
OK: /home/jovyan/common_data/nex-gddp-cimp6_hazards/Data/chirts_chirps_hist/maps/TMIN/TMIN_annual_1991-2020_min.tif (mean=10.45706826481)
OK: /home/jovyan/common_data/nex-gddp-cimp6_hazards/Data/chirts_chirps_hist/maps/TMIN/TMIN_annual_1991-2020_mean.tif (mean=12.445219108898)
OK: /home/jovyan/common_data/nex-gddp-cimp6_hazards/Data/chirts_chirps_hist/maps/TMIN/TMIN_DJF_1995-2014_sd.tif (mean=0.93603638910422)
OK: /home/jovyan/common_data/nex-gddp-cimp6_hazards/Data/chirts_chirps_hist/maps/TMIN/TMIN_annual_1991-2020_max.tif (mean=14.252154031756)
OK: /home/jovyan/common_data/nex-gddp-cimp6_hazards/Data/chirts_chirps_hist/maps/TMIN/TMIN_JFM_1991-2020_mean.tif (mean=14.515855777005)
OK: /home/jovyan/common_data/nex-gddp-cimp6_hazards/Data/chirts_chirps_hist/maps/TMIN/TMIN_annual_1991-2020_sd.tif (mean=0.92606447621019)
OK: /home/jovyan/common_data/nex-gddp-cimp6_hazards/Data/chirts_chirps_hist/maps/TMIN/TMIN_JFM_1991-2020_min.tif (mean=12.452211818101)
OK: /home/jovyan/common_data/nex-gddp-cimp6_hazards/Data/chirts_chirps_hist/maps/TMIN/TMIN_JFM_1991-2020_max.tif (mean=16.49549729396)
OK: /home/jovyan/common_data/nex-gddp-cimp6_hazards/Data/chirts_chirps_hist/maps/TMIN/TMIN_JFM_1991-2020_sd.tif (mean=0.98393926801036)
OK: /home/jovyan/common_data/nex-gddp-cimp6_hazards/Data/chirts_chirps_hist/maps/TMIN/TMIN_FMA_1991-2020_min.tif (mean=13.046529195828)
OK: /home/jovyan/common_data/nex-gddp-cimp6_hazards/Data/chirts_chirps_hist/maps/TMIN/TMIN_FMA_1991-2020_mean.tif (mean=15.496338418716)
OK: /home/jovyan/common_data/nex-gddp-cimp6_hazards/Data/chirts_chirps_hist/maps/TMIN/TMIN_FMA_1991-2020_max.tif (mean=17.835514684579)
OK: /home/jovyan/common_data/nex-gddp-cimp6_hazards/Data/chirts_chirps_hist/maps/TMIN/TMIN_MAM_1991-2020_mean.tif (mean=17.008471585097)
OK: /home/jovyan/common_data/nex-gddp-cimp6_hazards/Data/chirts_chirps_hist/maps/TMIN/TMIN_FMA_1991-2020_sd.tif (mean=1.187127899627)
OK: /home/jovyan/common_data/nex-gddp-cimp6_hazards/Data/chirts_chirps_hist/maps/TMIN/TMIN_MAM_1991-2020_min.tif (mean=14.950688504098)
OK: /home/jovyan/common_data/nex-gddp-cimp6_hazards/Data/chirts_chirps_hist/maps/TMIN/TMIN_MAM_1991-2020_max.tif (mean=19.072925981221)
OK: /home/jovyan/common_data/nex-gddp-cimp6_hazards/Data/chirts_chirps_hist/maps/TMIN/TMIN_MAM_1991-2020_sd.tif (mean=0.9885503982914)
OK: /home/jovyan/common_data/nex-gddp-cimp6_hazards/Data/chirts_chirps_hist/maps/TMIN/TMIN_AMJ_1991-2020_mean.tif (mean=18.630935819309)
OK: /home/jovyan/common_data/nex-gddp-cimp6_hazards/Data/chirts_chirps_hist/maps/TMIN/TMIN_AMJ_1991-2020_min.tif (mean=16.978000189258)
OK: /home/jovyan/common_data/nex-gddp-cimp6_hazards/Data/chirts_chirps_hist/maps/TMIN/TMIN_AMJ_1991-2020_sd.tif (mean=0.81685046150891)
OK: /home/jovyan/common_data/nex-gddp-cimp6_hazards/Data/chirts_chirps_hist/maps/TMIN/TMIN_AMJ_1991-2020_max.tif (mean=20.267064339582)
OK: /home/jovyan/common_data/nex-gddp-cimp6_hazards/Data/chirts_chirps_hist/maps/TMIN/TMIN_MJJ_1991-2020_mean.tif (mean=19.98921017318)
OK: /home/jovyan/common_data/nex-gddp-cimp6_hazards/Data/chirts_chirps_hist/maps/TMIN/TMIN_MJJ_1991-2020_min.tif (mean=18.508313636192)
OK: /home/jovyan/common_data/nex-gddp-cimp6_hazards/Data/chirts_chirps_hist/maps/TMIN/TMIN_MJJ_1991-2020_max.tif (mean=21.437354125413)
OK: /home/jovyan/common_data/nex-gddp-cimp6_hazards/Data/chirts_chirps_hist/maps/TMIN/TMIN_MJJ_1991-2020_sd.tif (mean=0.72305715176249)
OK: /home/jovyan/common_data/nex-gddp-cimp6_hazards/Data/chirts_chirps_hist/maps/TMIN/TMIN_JJA_1991-2020_mean.tif (mean=21.180284909911)
OK: /home/jovyan/common_data/nex-gddp-cimp6_hazards/Data/chirts_chirps_hist/maps/TMIN/TMIN_JJA_1991-2020_sd.tif (mean=0.65417902065642)
OK: /home/jovyan/common_data/nex-gddp-cimp6_hazards/Data/chirts_chirps_hist/maps/TMIN/TMIN_JJA_1991-2020_min.tif (mean=19.823370705485)
OK: /home/jovyan/common_data/nex-gddp-cimp6_hazards/Data/chirts_chirps_hist/maps/TMIN/TMIN_JJA_1991-2020_max.tif (mean=22.491068332357)
OK: /home/jovyan/common_data/nex-gddp-cimp6_hazards/Data/chirts_chirps_hist/maps/TMIN/TMIN_JAS_1991-2020_mean.tif (mean=20.831145856605)
OK: /home/jovyan/common_data/nex-gddp-cimp6_hazards/Data/chirts_chirps_hist/maps/TMIN/TMIN_JAS_1991-2020_min.tif (mean=19.388176804893)
OK: /home/jovyan/common_data/nex-gddp-cimp6_hazards/Data/chirts_chirps_hist/maps/TMIN/TMIN_JAS_1991-2020_max.tif (mean=22.172409466459)
OK: /home/jovyan/common_data/nex-gddp-cimp6_hazards/Data/chirts_chirps_hist/maps/TMIN/TMIN_JAS_1991-2020_sd.tif (mean=0.69355059080743)
OK: /home/jovyan/common_data/nex-gddp-cimp6_hazards/Data/chirts_chirps_hist/maps/TMIN/TMIN_ASO_1991-2020_mean.tif (mean=19.353965521983)
OK: /home/jovyan/common_data/nex-gddp-cimp6_hazards/Data/chirts_chirps_hist/maps/TMIN/TMIN_ASO_1991-2020_sd.tif (mean=0.82908019752131)
OK: /home/jovyan/common_data/nex-gddp-cimp6_hazards/Data/chirts_chirps_hist/maps/TMIN/TMIN_ASO_1991-2020_max.tif (mean=20.977126254392)
OK: /home/jovyan/common_data/nex-gddp-cimp6_hazards/Data/chirts_chirps_hist/maps/TMIN/TMIN_ASO_1991-2020_min.tif (mean=17.65422653028)
OK: /home/jovyan/common_data/nex-gddp-cimp6_hazards/Data/chirts_chirps_hist/maps/TMIN/TMIN_SON_1991-2020_mean.tif (mean=16.926136791163)
OK: /home/jovyan/common_data/nex-gddp-cimp6_hazards/Data/chirts_chirps_hist/maps/TMIN/TMIN_SON_1991-2020_min.tif (mean=15.062460652197)
OK: /home/jovyan/common_data/nex-gddp-cimp6_hazards/Data/chirts_chirps_hist/maps/TMIN/TMIN_SON_1991-2020_max.tif (mean=18.650443202038)
OK: /home/jovyan/common_data/nex-gddp-cimp6_hazards/Data/chirts_chirps_hist/maps/TMIN/TMIN_SON_1991-2020_sd.tif (mean=0.87880799829023)
OK: /home/jovyan/common_data/nex-gddp-cimp6_hazards/Data/chirts_chirps_hist/maps/TMIN/TMIN_OND_1991-2020_mean.tif (mean=15.259140648374)
OK: /home/jovyan/common_data/nex-gddp-cimp6_hazards/Data/chirts_chirps_hist/maps/TMIN/TMIN_OND_1991-2020_max.tif (mean=17.109564386977)
OK: /home/jovyan/common_data/nex-gddp-cimp6_hazards/Data/chirts_chirps_hist/maps/TMIN/TMIN_NDJ_1991-2020_mean.tif (mean=14.417073829129)
OK: /home/jovyan/common_data/nex-gddp-cimp6_hazards/Data/chirts_chirps_hist/maps/TMIN/TMIN_OND_1991-2020_min.tif (mean=13.319836712518)
OK: /home/jovyan/common_data/nex-gddp-cimp6_hazards/Data/chirts_chirps_hist/maps/TMIN/TMIN_OND_1991-2020_sd.tif (mean=0.9648682774688)
OK: /home/jovyan/common_data/nex-gddp-cimp6_hazards/Data/chirts_chirps_hist/maps/TMIN/TMIN_NDJ_1991-2020_min.tif (mean=12.397858999312)
OK: /home/jovyan/common_data/nex-gddp-cimp6_hazards/Data/chirts_chirps_hist/maps/TMIN/TMIN_NDJ_1991-2020_max.tif (mean=16.353633997206)
OK: /home/jovyan/common_data/nex-gddp-cimp6_hazards/Data/chirts_chirps_hist/maps/TMIN/TMIN_NDJ_1991-2020_sd.tif (mean=0.96710429078325)
OK: /home/jovyan/common_data/nex-gddp-cimp6_hazards/Data/chirts_chirps_hist/maps/TMIN/TMIN_DJF_1991-2020_mean.tif (mean=14.488103617581)
OK: /home/jovyan/common_data/nex-gddp-cimp6_hazards/Data/chirts_chirps_hist/maps/TMIN/TMIN_DJF_1991-2020_max.tif (mean=16.397251359054)
OK: /home/jovyan/common_data/nex-gddp-cimp6_hazards/Data/chirts_chirps_hist/maps/TMIN/TMIN_DJF_1991-2020_sd.tif (mean=0.95109486209506)
OK: /home/jovyan/common_data/nex-gddp-cimp6_hazards/Data/chirts_chirps_hist/maps/TMIN/TMIN_annual_full_mean.tif (mean=12.373725788975)
OK: /home/jovyan/common_data/nex-gddp-cimp6_hazards/Data/chirts_chirps_hist/maps/TMIN/TMIN_DJF_1991-2020_min.tif (mean=12.491026964957)
OK: /home/jovyan/common_data/nex-gddp-cimp6_hazards/Data/chirts_chirps_hist/maps/TMIN/TMIN_annual_full_min.tif (mean=10.055038268304)
OK: /home/jovyan/common_data/nex-gddp-cimp6_hazards/Data/chirts_chirps_hist/maps/TMIN/TMIN_annual_full_max.tif (mean=14.388345824151)
OK: /home/jovyan/common_data/nex-gddp-cimp6_hazards/Data/chirts_chirps_hist/maps/TMIN/TMIN_annual_full_sd.tif (mean=0.99001516709082)
OK: /home/jovyan/common_data/nex-gddp-cimp6_hazards/Data/chirts_chirps_hist/maps/TMIN/TMIN_JFM_full_mean.tif (mean=14.469559980289)
OK: /home/jovyan/common_data/nex-gddp-cimp6_hazards/Data/chirts_chirps_hist/maps/TMIN/TMIN_JFM_full_sd.tif (mean=1.0434969141995)
OK: /home/jovyan/common_data/nex-gddp-cimp6_hazards/Data/chirts_chirps_hist/maps/TMIN/TMIN_JFM_full_max.tif (mean=16.685245802063)
OK: /home/jovyan/common_data/nex-gddp-cimp6_hazards/Data/chirts_chirps_hist/maps/TMIN/TMIN_FMA_full_min.tif (mean=12.847015845461)
OK: /home/jovyan/common_data/nex-gddp-cimp6_hazards/Data/chirts_chirps_hist/maps/TMIN/TMIN_JFM_full_min.tif (mean=12.077048977778)
OK: /home/jovyan/common_data/nex-gddp-cimp6_hazards/Data/chirts_chirps_hist/maps/TMIN/TMIN_FMA_full_mean.tif (mean=15.43874112372)
OK: /home/jovyan/common_data/nex-gddp-cimp6_hazards/Data/chirts_chirps_hist/maps/TMIN/TMIN_FMA_full_sd.tif (mean=1.1721064852045)
OK: /home/jovyan/common_data/nex-gddp-cimp6_hazards/Data/chirts_chirps_hist/maps/TMIN/TMIN_FMA_full_max.tif (mean=17.955463337194)
OK: /home/jovyan/common_data/nex-gddp-cimp6_hazards/Data/chirts_chirps_hist/maps/TMIN/TMIN_MAM_full_mean.tif (mean=16.960675237612)
OK: /home/jovyan/common_data/nex-gddp-cimp6_hazards/Data/chirts_chirps_hist/maps/TMIN/TMIN_MAM_full_min.tif (mean=14.655779284448)
OK: /home/jovyan/common_data/nex-gddp-cimp6_hazards/Data/chirts_chirps_hist/maps/TMIN/TMIN_MAM_full_max.tif (mean=19.284946869867)
OK: /home/jovyan/common_data/nex-gddp-cimp6_hazards/Data/chirts_chirps_hist/maps/TMIN/TMIN_MAM_full_sd.tif (mean=1.0253087017353)
OK: /home/jovyan/common_data/nex-gddp-cimp6_hazards/Data/chirts_chirps_hist/maps/TMIN/TMIN_AMJ_full_mean.tif (mean=18.562827211938)
OK: /home/jovyan/common_data/nex-gddp-cimp6_hazards/Data/chirts_chirps_hist/maps/TMIN/TMIN_AMJ_full_min.tif (mean=16.623193899843)
OK: /home/jovyan/common_data/nex-gddp-cimp6_hazards/Data/chirts_chirps_hist/maps/TMIN/TMIN_AMJ_full_sd.tif (mean=0.88647196842521)
OK: /home/jovyan/common_data/nex-gddp-cimp6_hazards/Data/chirts_chirps_hist/maps/TMIN/TMIN_AMJ_full_max.tif (mean=20.481370619089)
OK: /home/jovyan/common_data/nex-gddp-cimp6_hazards/Data/chirts_chirps_hist/maps/TMIN/TMIN_MJJ_full_mean.tif (mean=19.896910130234)
OK: /home/jovyan/common_data/nex-gddp-cimp6_hazards/Data/chirts_chirps_hist/maps/TMIN/TMIN_MJJ_full_min.tif (mean=18.086718668014)
OK: /home/jovyan/common_data/nex-gddp-cimp6_hazards/Data/chirts_chirps_hist/maps/TMIN/TMIN_MJJ_full_sd.tif (mean=0.8018066687021)
OK: /home/jovyan/common_data/nex-gddp-cimp6_hazards/Data/chirts_chirps_hist/maps/TMIN/TMIN_JJA_full_min.tif (mean=19.455281881184)
OK: /home/jovyan/common_data/nex-gddp-cimp6_hazards/Data/chirts_chirps_hist/maps/TMIN/TMIN_JJA_full_mean.tif (mean=21.104944496852)
OK: /home/jovyan/common_data/nex-gddp-cimp6_hazards/Data/chirts_chirps_hist/maps/TMIN/TMIN_MJJ_full_max.tif (mean=21.630562310068)
OK: /home/jovyan/common_data/nex-gddp-cimp6_hazards/Data/chirts_chirps_hist/maps/TMIN/TMIN_JJA_full_max.tif (mean=22.805536724052)
OK: /home/jovyan/common_data/nex-gddp-cimp6_hazards/Data/chirts_chirps_hist/maps/TMIN/TMIN_JJA_full_sd.tif (mean=0.74929862900425)
OK: /home/jovyan/common_data/nex-gddp-cimp6_hazards/Data/chirts_chirps_hist/maps/TMIN/TMIN_JAS_full_mean.tif (mean=20.748957396218)
OK: /home/jovyan/common_data/nex-gddp-cimp6_hazards/Data/chirts_chirps_hist/maps/TMIN/TMIN_JAS_full_min.tif (mean=19.073757882838)
OK: /home/jovyan/common_data/nex-gddp-cimp6_hazards/Data/chirts_chirps_hist/maps/TMIN/TMIN_JAS_full_sd.tif (mean=0.78256553757185)
OK: /home/jovyan/common_data/nex-gddp-cimp6_hazards/Data/chirts_chirps_hist/maps/TMIN/TMIN_ASO_full_max.tif (mean=21.166610815009)
OK: /home/jovyan/common_data/nex-gddp-cimp6_hazards/Data/chirts_chirps_hist/maps/TMIN/TMIN_JAS_full_max.tif (mean=22.477090203736)
OK: /home/jovyan/common_data/nex-gddp-cimp6_hazards/Data/chirts_chirps_hist/maps/TMIN/TMIN_ASO_full_mean.tif (mean=19.241849980773)
OK: /home/jovyan/common_data/nex-gddp-cimp6_hazards/Data/chirts_chirps_hist/maps/TMIN/TMIN_ASO_full_min.tif (mean=17.260766297761)
OK: /home/jovyan/common_data/nex-gddp-cimp6_hazards/Data/chirts_chirps_hist/maps/TMIN/TMIN_ASO_full_sd.tif (mean=0.89170136817683)
OK: /home/jovyan/common_data/nex-gddp-cimp6_hazards/Data/chirts_chirps_hist/maps/TMIN/TMIN_SON_full_mean.tif (mean=16.905387847057)
OK: /home/jovyan/common_data/nex-gddp-cimp6_hazards/Data/chirts_chirps_hist/maps/TMIN/TMIN_SON_full_min.tif (mean=14.737456317264)
OK: /home/jovyan/common_data/nex-gddp-cimp6_hazards/Data/chirts_chirps_hist/maps/TMIN/TMIN_OND_full_max.tif (mean=17.47207176393)
OK: /home/jovyan/common_data/nex-gddp-cimp6_hazards/Data/chirts_chirps_hist/maps/TMIN/TMIN_OND_full_min.tif (mean=12.972426161455)
OK: /home/jovyan/common_data/nex-gddp-cimp6_hazards/Data/chirts_chirps_hist/maps/TMIN/TMIN_OND_full_mean.tif (mean=15.209564814725)
OK: /home/jovyan/common_data/nex-gddp-cimp6_hazards/Data/chirts_chirps_hist/maps/TMIN/TMIN_OND_full_sd.tif (mean=1.0348043887893)
OK: /home/jovyan/common_data/nex-gddp-cimp6_hazards/Data/chirts_chirps_hist/maps/TMIN/TMIN_SON_full_sd.tif (mean=0.96415004982973)
OK: /home/jovyan/common_data/nex-gddp-cimp6_hazards/Data/chirts_chirps_hist/maps/TMIN/TMIN_SON_full_max.tif (mean=19.039327952748)
OK: /home/jovyan/common_data/nex-gddp-cimp6_hazards/Data/chirts_chirps_hist/maps/TMIN/TMIN_NDJ_full_mean.tif (mean=14.36254278851)
OK: /home/jovyan/common_data/nex-gddp-cimp6_hazards/Data/chirts_chirps_hist/maps/TMIN/TMIN_NDJ_full_min.tif (mean=12.020845083119)
OK: /home/jovyan/common_data/nex-gddp-cimp6_hazards/Data/chirts_chirps_hist/maps/TMIN/TMIN_DJF_full_mean.tif (mean=14.443728580893)
OK: /home/jovyan/common_data/nex-gddp-cimp6_hazards/Data/chirts_chirps_hist/maps/TMIN/TMIN_NDJ_full_sd.tif (mean=1.0209343345914)
OK: /home/jovyan/common_data/nex-gddp-cimp6_hazards/Data/chirts_chirps_hist/maps/TMIN/TMIN_DJF_full_max.tif (mean=16.569722977913)
OK: /home/jovyan/common_data/nex-gddp-cimp6_hazards/Data/chirts_chirps_hist/maps/TMIN/TMIN_NDJ_full_max.tif (mean=16.467292196681)
OK: /home/jovyan/common_data/nex-gddp-cimp6_hazards/Data/chirts_chirps_hist/maps/TMIN/TMIN_DJF_full_min.tif (mean=12.134111345727)
OK: /home/jovyan/common_data/nex-gddp-cimp6_hazards/Data/chirts_chirps_hist/maps/TMIN/TMIN_DJF_full_sd.tif (mean=1.0089991373107)
OK: /home/jovyan/common_data/nex-gddp-cimp6_hazards/Data/chirts_chirps_hist/maps/TAVG/TAVG_annual_1995-2014_mean.tif (mean=25.264119923992)
OK: /home/jovyan/common_data/nex-gddp-cimp6_hazards/Data/chirts_chirps_hist/maps/TAVG/TAVG_annual_1995-2014_min.tif (mean=24.635062779881)
OK: /home/jovyan/common_data/nex-gddp-cimp6_hazards/Data/chirts_chirps_hist/maps/TAVG/TAVG_annual_1995-2014_max.tif (mean=26.049307961502)
OK: /home/jovyan/common_data/nex-gddp-cimp6_hazards/Data/chirts_chirps_hist/maps/TAVG/TAVG_JFM_1995-2014_mean.tif (mean=22.254868745004)
OK: /home/jovyan/common_data/nex-gddp-cimp6_hazards/Data/chirts_chirps_hist/maps/TAVG/TAVG_annual_1995-2014_sd.tif (mean=0.34855078777325)
OK: /home/jovyan/common_data/nex-gddp-cimp6_hazards/Data/chirts_chirps_hist/maps/TAVG/TAVG_JFM_1995-2014_min.tif (mean=20.986744089798)
OK: /home/jovyan/common_data/nex-gddp-cimp6_hazards/Data/chirts_chirps_hist/maps/TAVG/TAVG_JFM_1995-2014_sd.tif (mean=0.72768735423716)
OK: /home/jovyan/common_data/nex-gddp-cimp6_hazards/Data/chirts_chirps_hist/maps/TAVG/TAVG_FMA_1995-2014_mean.tif (mean=24.108441175326)
OK: /home/jovyan/common_data/nex-gddp-cimp6_hazards/Data/chirts_chirps_hist/maps/TAVG/TAVG_JFM_1995-2014_max.tif (mean=23.731365225732)
OK: /home/jovyan/common_data/nex-gddp-cimp6_hazards/Data/chirts_chirps_hist/maps/TAVG/TAVG_FMA_1995-2014_min.tif (mean=22.744916898811)
OK: /home/jovyan/common_data/nex-gddp-cimp6_hazards/Data/chirts_chirps_hist/maps/TAVG/TAVG_FMA_1995-2014_max.tif (mean=25.554673593624)
OK: /home/jovyan/common_data/nex-gddp-cimp6_hazards/Data/chirts_chirps_hist/maps/TAVG/TAVG_FMA_1995-2014_sd.tif (mean=0.70281970909591)
OK: /home/jovyan/common_data/nex-gddp-cimp6_hazards/Data/chirts_chirps_hist/maps/TAVG/TAVG_MAM_1995-2014_sd.tif (mean=0.56491902579675)
OK: /home/jovyan/common_data/nex-gddp-cimp6_hazards/Data/chirts_chirps_hist/maps/TAVG/TAVG_MAM_1995-2014_max.tif (mean=26.930490690094)
OK: /home/jovyan/common_data/nex-gddp-cimp6_hazards/Data/chirts_chirps_hist/maps/TAVG/TAVG_MAM_1995-2014_min.tif (mean=24.752833813718)
OK: /home/jovyan/common_data/nex-gddp-cimp6_hazards/Data/chirts_chirps_hist/maps/TAVG/TAVG_AMJ_1995-2014_mean.tif (mean=27.082393913097)
OK: /home/jovyan/common_data/nex-gddp-cimp6_hazards/Data/chirts_chirps_hist/maps/TAVG/TAVG_MAM_1995-2014_mean.tif (mean=25.834621363436)
OK: /home/jovyan/common_data/nex-gddp-cimp6_hazards/Data/chirts_chirps_hist/maps/TAVG/TAVG_AMJ_1995-2014_min.tif (mean=26.179387529179)
OK: /home/jovyan/common_data/nex-gddp-cimp6_hazards/Data/chirts_chirps_hist/maps/TAVG/TAVG_AMJ_1995-2014_max.tif (mean=28.026512304674)
OK: /home/jovyan/common_data/nex-gddp-cimp6_hazards/Data/chirts_chirps_hist/maps/TAVG/TAVG_AMJ_1995-2014_sd.tif (mean=0.49258874266133)
OK: /home/jovyan/common_data/nex-gddp-cimp6_hazards/Data/chirts_chirps_hist/maps/TAVG/TAVG_JJA_1995-2014_min.tif (mean=27.089947284035)
OK: /home/jovyan/common_data/nex-gddp-cimp6_hazards/Data/chirts_chirps_hist/maps/TAVG/TAVG_MJJ_1995-2014_max.tif (mean=28.456965557483)
OK: /home/jovyan/common_data/nex-gddp-cimp6_hazards/Data/chirts_chirps_hist/maps/TAVG/TAVG_MJJ_1995-2014_sd.tif (mean=0.4379976163089)
OK: /home/jovyan/common_data/nex-gddp-cimp6_hazards/Data/chirts_chirps_hist/maps/TAVG/TAVG_MJJ_1995-2014_min.tif (mean=26.826993446362)
OK: /home/jovyan/common_data/nex-gddp-cimp6_hazards/Data/chirts_chirps_hist/maps/TAVG/TAVG_JJA_1995-2014_mean.tif (mean=27.936434845596)
OK: /home/jovyan/common_data/nex-gddp-cimp6_hazards/Data/chirts_chirps_hist/maps/TAVG/TAVG_MJJ_1995-2014_mean.tif (mean=27.657736728825)
OK: /home/jovyan/common_data/nex-gddp-cimp6_hazards/Data/chirts_chirps_hist/maps/TAVG/TAVG_JJA_1995-2014_max.tif (mean=28.747796681322)
OK: /home/jovyan/common_data/nex-gddp-cimp6_hazards/Data/chirts_chirps_hist/maps/TAVG/TAVG_JJA_1995-2014_sd.tif (mean=0.42998365577942)
OK: /home/jovyan/common_data/nex-gddp-cimp6_hazards/Data/chirts_chirps_hist/maps/TAVG/TAVG_ASO_1995-2014_mean.tif (mean=27.411965824171)
OK: /home/jovyan/common_data/nex-gddp-cimp6_hazards/Data/chirts_chirps_hist/maps/TAVG/TAVG_ASO_1995-2014_min.tif (mean=26.544266881338)
OK: /home/jovyan/common_data/nex-gddp-cimp6_hazards/Data/chirts_chirps_hist/maps/TAVG/TAVG_JAS_1995-2014_min.tif (mean=27.063243588336)
OK: /home/jovyan/common_data/nex-gddp-cimp6_hazards/Data/chirts_chirps_hist/maps/TAVG/TAVG_JAS_1995-2014_mean.tif (mean=27.905767763293)
OK: /home/jovyan/common_data/nex-gddp-cimp6_hazards/Data/chirts_chirps_hist/maps/TAVG/TAVG_JAS_1995-2014_max.tif (mean=28.697667038496)
OK: /home/jovyan/common_data/nex-gddp-cimp6_hazards/Data/chirts_chirps_hist/maps/TAVG/TAVG_JAS_1995-2014_sd.tif (mean=0.4208657506345)
OK: /home/jovyan/common_data/nex-gddp-cimp6_hazards/Data/chirts_chirps_hist/maps/TAVG/TAVG_ASO_1995-2014_max.tif (mean=28.235084015826)
OK: /home/jovyan/common_data/nex-gddp-cimp6_hazards/Data/chirts_chirps_hist/maps/TAVG/TAVG_ASO_1995-2014_sd.tif (mean=0.42770529572229)
OK: /home/jovyan/common_data/nex-gddp-cimp6_hazards/Data/chirts_chirps_hist/maps/TAVG/TAVG_SON_1995-2014_mean.tif (mean=25.924909230889)
OK: /home/jovyan/common_data/nex-gddp-cimp6_hazards/Data/chirts_chirps_hist/maps/TAVG/TAVG_OND_1995-2014_mean.tif (mean=23.813449277374)
OK: /home/jovyan/common_data/nex-gddp-cimp6_hazards/Data/chirts_chirps_hist/maps/TAVG/TAVG_SON_1995-2014_max.tif (mean=26.81918267431)
OK: /home/jovyan/common_data/nex-gddp-cimp6_hazards/Data/chirts_chirps_hist/maps/TAVG/TAVG_SON_1995-2014_min.tif (mean=25.005127622624)
OK: /home/jovyan/common_data/nex-gddp-cimp6_hazards/Data/chirts_chirps_hist/maps/TAVG/TAVG_SON_1995-2014_sd.tif (mean=0.4654026229872)
OK: /home/jovyan/common_data/nex-gddp-cimp6_hazards/Data/chirts_chirps_hist/maps/TAVG/TAVG_OND_1995-2014_min.tif (mean=22.780610118421)
OK: /home/jovyan/common_data/nex-gddp-cimp6_hazards/Data/chirts_chirps_hist/maps/TAVG/TAVG_OND_1995-2014_max.tif (mean=24.817209849611)
OK: /home/jovyan/common_data/nex-gddp-cimp6_hazards/Data/chirts_chirps_hist/maps/TAVG/TAVG_OND_1995-2014_sd.tif (mean=0.53034724348574)
OK: /home/jovyan/common_data/nex-gddp-cimp6_hazards/Data/chirts_chirps_hist/maps/TAVG/TAVG_NDJ_1995-2014_mean.tif (mean=21.859841145035)
OK: /home/jovyan/common_data/nex-gddp-cimp6_hazards/Data/chirts_chirps_hist/maps/TAVG/TAVG_NDJ_1995-2014_min.tif (mean=20.731965665255)
OK: /home/jovyan/common_data/nex-gddp-cimp6_hazards/Data/chirts_chirps_hist/maps/TAVG/TAVG_DJF_1995-2014_mean.tif (mean=21.342019432407)
OK: /home/jovyan/common_data/nex-gddp-cimp6_hazards/Data/chirts_chirps_hist/maps/TAVG/TAVG_NDJ_1995-2014_max.tif (mean=22.97501339849)
OK: /home/jovyan/common_data/nex-gddp-cimp6_hazards/Data/chirts_chirps_hist/maps/TAVG/TAVG_NDJ_1995-2014_sd.tif (mean=0.57556300599759)
OK: /home/jovyan/common_data/nex-gddp-cimp6_hazards/Data/chirts_chirps_hist/maps/TAVG/TAVG_DJF_1995-2014_min.tif (mean=20.029168215062)
OK: /home/jovyan/common_data/nex-gddp-cimp6_hazards/Data/chirts_chirps_hist/maps/TAVG/TAVG_DJF_1995-2014_max.tif (mean=22.77834143762)
OK: /home/jovyan/common_data/nex-gddp-cimp6_hazards/Data/chirts_chirps_hist/maps/TAVG/TAVG_DJF_1995-2014_sd.tif (mean=0.73154713378294)
OK: /home/jovyan/common_data/nex-gddp-cimp6_hazards/Data/chirts_chirps_hist/maps/TAVG/TAVG_annual_1991-2020_mean.tif (mean=25.275602240828)
OK: /home/jovyan/common_data/nex-gddp-cimp6_hazards/Data/chirts_chirps_hist/maps/TAVG/TAVG_annual_1991-2020_min.tif (mean=24.330686125024)
OK: /home/jovyan/common_data/nex-gddp-cimp6_hazards/Data/chirts_chirps_hist/maps/TAVG/TAVG_JFM_1991-2020_min.tif (mean=20.667178919158)
OK: /home/jovyan/common_data/nex-gddp-cimp6_hazards/Data/chirts_chirps_hist/maps/TAVG/TAVG_annual_1991-2020_max.tif (mean=26.189120823961)
OK: /home/jovyan/common_data/nex-gddp-cimp6_hazards/Data/chirts_chirps_hist/maps/TAVG/TAVG_annual_1991-2020_sd.tif (mean=0.43593077722323)
OK: /home/jovyan/common_data/nex-gddp-cimp6_hazards/Data/chirts_chirps_hist/maps/TAVG/TAVG_JFM_1991-2020_mean.tif (mean=22.238798062815)
OK: /home/jovyan/common_data/nex-gddp-cimp6_hazards/Data/chirts_chirps_hist/maps/TAVG/TAVG_JFM_1991-2020_max.tif (mean=23.888189932288)
OK: /home/jovyan/common_data/nex-gddp-cimp6_hazards/Data/chirts_chirps_hist/maps/TAVG/TAVG_JFM_1991-2020_sd.tif (mean=0.77398120081485)
OK: /home/jovyan/common_data/nex-gddp-cimp6_hazards/Data/chirts_chirps_hist/maps/TAVG/TAVG_FMA_1991-2020_mean.tif (mean=24.117083291309)
OK: /home/jovyan/common_data/nex-gddp-cimp6_hazards/Data/chirts_chirps_hist/maps/TAVG/TAVG_FMA_1991-2020_sd.tif (mean=0.75264013871576)
OK: /home/jovyan/common_data/nex-gddp-cimp6_hazards/Data/chirts_chirps_hist/maps/TAVG/TAVG_MAM_1991-2020_mean.tif (mean=25.861858802826)
OK: /home/jovyan/common_data/nex-gddp-cimp6_hazards/Data/chirts_chirps_hist/maps/TAVG/TAVG_FMA_1991-2020_max.tif (mean=25.730550219215)
OK: /home/jovyan/common_data/nex-gddp-cimp6_hazards/Data/chirts_chirps_hist/maps/TAVG/TAVG_FMA_1991-2020_min.tif (mean=22.611596707921)
OK: /home/jovyan/common_data/nex-gddp-cimp6_hazards/Data/chirts_chirps_hist/maps/TAVG/TAVG_MAM_1991-2020_min.tif (mean=24.567410399452)
OK: /home/jovyan/common_data/nex-gddp-cimp6_hazards/Data/chirts_chirps_hist/maps/TAVG/TAVG_MAM_1991-2020_max.tif (mean=27.189849116999)
OK: /home/jovyan/common_data/nex-gddp-cimp6_hazards/Data/chirts_chirps_hist/maps/TAVG/TAVG_AMJ_1991-2020_mean.tif (mean=27.104523139776)
OK: /home/jovyan/common_data/nex-gddp-cimp6_hazards/Data/chirts_chirps_hist/maps/TAVG/TAVG_MAM_1991-2020_sd.tif (mean=0.63600351074581)
OK: /home/jovyan/common_data/nex-gddp-cimp6_hazards/Data/chirts_chirps_hist/maps/TAVG/TAVG_AMJ_1991-2020_min.tif (mean=25.949275114153)
OK: /home/jovyan/common_data/nex-gddp-cimp6_hazards/Data/chirts_chirps_hist/maps/TAVG/TAVG_AMJ_1991-2020_max.tif (mean=28.262283485511)
OK: /home/jovyan/common_data/nex-gddp-cimp6_hazards/Data/chirts_chirps_hist/maps/TAVG/TAVG_MJJ_1991-2020_mean.tif (mean=27.678086613841)
OK: /home/jovyan/common_data/nex-gddp-cimp6_hazards/Data/chirts_chirps_hist/maps/TAVG/TAVG_MJJ_1991-2020_min.tif (mean=26.575987306925)
OK: /home/jovyan/common_data/nex-gddp-cimp6_hazards/Data/chirts_chirps_hist/maps/TAVG/TAVG_AMJ_1991-2020_sd.tif (mean=0.56257095217226)
OK: /home/jovyan/common_data/nex-gddp-cimp6_hazards/Data/chirts_chirps_hist/maps/TAVG/TAVG_MJJ_1991-2020_max.tif (mean=28.679070901033)
OK: /home/jovyan/common_data/nex-gddp-cimp6_hazards/Data/chirts_chirps_hist/maps/TAVG/TAVG_JJA_1991-2020_mean.tif (mean=27.947522253111)
OK: /home/jovyan/common_data/nex-gddp-cimp6_hazards/Data/chirts_chirps_hist/maps/TAVG/TAVG_MJJ_1991-2020_sd.tif (mean=0.51905618331492)
OK: /home/jovyan/common_data/nex-gddp-cimp6_hazards/Data/chirts_chirps_hist/maps/TAVG/TAVG_JJA_1991-2020_max.tif (mean=28.933866369894)
OK: /home/jovyan/common_data/nex-gddp-cimp6_hazards/Data/chirts_chirps_hist/maps/TAVG/TAVG_JJA_1991-2020_min.tif (mean=26.863592902724)
OK: /home/jovyan/common_data/nex-gddp-cimp6_hazards/Data/chirts_chirps_hist/maps/TAVG/TAVG_JJA_1991-2020_sd.tif (mean=0.50101092412359)
OK: /home/jovyan/common_data/nex-gddp-cimp6_hazards/Data/chirts_chirps_hist/maps/TAVG/TAVG_JAS_1991-2020_min.tif (mean=26.837718070395)
OK: /home/jovyan/common_data/nex-gddp-cimp6_hazards/Data/chirts_chirps_hist/maps/TAVG/TAVG_JAS_1991-2020_mean.tif (mean=27.919252550839)
OK: /home/jovyan/common_data/nex-gddp-cimp6_hazards/Data/chirts_chirps_hist/maps/TAVG/TAVG_JAS_1991-2020_max.tif (mean=28.922374840598)
OK: /home/jovyan/common_data/nex-gddp-cimp6_hazards/Data/chirts_chirps_hist/maps/TAVG/TAVG_ASO_1991-2020_min.tif (mean=26.35421829109)
OK: /home/jovyan/common_data/nex-gddp-cimp6_hazards/Data/chirts_chirps_hist/maps/TAVG/TAVG_JAS_1991-2020_sd.tif (mean=0.50320425962998)
OK: /home/jovyan/common_data/nex-gddp-cimp6_hazards/Data/chirts_chirps_hist/maps/TAVG/TAVG_ASO_1991-2020_mean.tif (mean=27.438218099164)
OK: /home/jovyan/common_data/nex-gddp-cimp6_hazards/Data/chirts_chirps_hist/maps/TAVG/TAVG_ASO_1991-2020_max.tif (mean=28.468826606584)
OK: /home/jovyan/common_data/nex-gddp-cimp6_hazards/Data/chirts_chirps_hist/maps/TAVG/TAVG_ASO_1991-2020_sd.tif (mean=0.51138254365664)
OK: /home/jovyan/common_data/nex-gddp-cimp6_hazards/Data/chirts_chirps_hist/maps/TAVG/TAVG_SON_1991-2020_mean.tif (mean=25.96223924497)
OK: /home/jovyan/common_data/nex-gddp-cimp6_hazards/Data/chirts_chirps_hist/maps/TAVG/TAVG_SON_1991-2020_min.tif (mean=24.833985506948)
OK: /home/jovyan/common_data/nex-gddp-cimp6_hazards/Data/chirts_chirps_hist/maps/TAVG/TAVG_SON_1991-2020_max.tif (mean=27.054091443002)
OK: /home/jovyan/common_data/nex-gddp-cimp6_hazards/Data/chirts_chirps_hist/maps/TAVG/TAVG_OND_1991-2020_mean.tif (mean=23.839835211895)
OK: /home/jovyan/common_data/nex-gddp-cimp6_hazards/Data/chirts_chirps_hist/maps/TAVG/TAVG_OND_1991-2020_max.tif (mean=25.053880838674)
OK: /home/jovyan/common_data/nex-gddp-cimp6_hazards/Data/chirts_chirps_hist/maps/TAVG/TAVG_SON_1991-2020_sd.tif (mean=0.53896595711294)
OK: /home/jovyan/common_data/nex-gddp-cimp6_hazards/Data/chirts_chirps_hist/maps/TAVG/TAVG_OND_1991-2020_min.tif (mean=22.661526885897)
OK: /home/jovyan/common_data/nex-gddp-cimp6_hazards/Data/chirts_chirps_hist/maps/TAVG/TAVG_OND_1991-2020_sd.tif (mean=0.59108204088437)
OK: /home/jovyan/common_data/nex-gddp-cimp6_hazards/Data/chirts_chirps_hist/maps/TAVG/TAVG_NDJ_1991-2020_mean.tif (mean=21.864216544392)
OK: /home/jovyan/common_data/nex-gddp-cimp6_hazards/Data/chirts_chirps_hist/maps/TAVG/TAVG_NDJ_1991-2020_min.tif (mean=20.587187185622)
OK: /home/jovyan/common_data/nex-gddp-cimp6_hazards/Data/chirts_chirps_hist/maps/TAVG/TAVG_NDJ_1991-2020_max.tif (mean=23.153203479351)
OK: /home/jovyan/common_data/nex-gddp-cimp6_hazards/Data/chirts_chirps_hist/maps/TAVG/TAVG_DJF_1991-2020_max.tif (mean=22.923268425309)
OK: /home/jovyan/common_data/nex-gddp-cimp6_hazards/Data/chirts_chirps_hist/maps/TAVG/TAVG_DJF_1991-2020_min.tif (mean=19.71829252546)
OK: /home/jovyan/common_data/nex-gddp-cimp6_hazards/Data/chirts_chirps_hist/maps/TAVG/TAVG_NDJ_1991-2020_sd.tif (mean=0.6173279721652)
OK: /home/jovyan/common_data/nex-gddp-cimp6_hazards/Data/chirts_chirps_hist/maps/TAVG/TAVG_DJF_1991-2020_mean.tif (mean=21.325984248417)
OK: /home/jovyan/common_data/nex-gddp-cimp6_hazards/Data/chirts_chirps_hist/maps/TAVG/TAVG_annual_full_mean.tif (mean=25.21104948796)
OK: /home/jovyan/common_data/nex-gddp-cimp6_hazards/Data/chirts_chirps_hist/maps/TAVG/TAVG_DJF_1991-2020_sd.tif (mean=0.77652928783727)
OK: /home/jovyan/common_data/nex-gddp-cimp6_hazards/Data/chirts_chirps_hist/maps/TAVG/TAVG_annual_full_min.tif (mean=24.135891265788)
OK: /home/jovyan/common_data/nex-gddp-cimp6_hazards/Data/chirts_chirps_hist/maps/TAVG/TAVG_annual_full_max.tif (mean=26.386766099776)
OK: /home/jovyan/common_data/nex-gddp-cimp6_hazards/Data/chirts_chirps_hist/maps/TAVG/TAVG_JFM_full_max.tif (mean=24.024701779435)
OK: /home/jovyan/common_data/nex-gddp-cimp6_hazards/Data/chirts_chirps_hist/maps/TAVG/TAVG_JFM_full_min.tif (mean=20.378397141148)
OK: /home/jovyan/common_data/nex-gddp-cimp6_hazards/Data/chirts_chirps_hist/maps/TAVG/TAVG_annual_full_sd.tif (mean=0.525034311845)
OK: /home/jovyan/common_data/nex-gddp-cimp6_hazards/Data/chirts_chirps_hist/maps/TAVG/TAVG_JFM_full_mean.tif (mean=22.18185589525)
OK: /home/jovyan/common_data/nex-gddp-cimp6_hazards/Data/chirts_chirps_hist/maps/TAVG/TAVG_FMA_full_mean.tif (mean=24.056985275534)
OK: /home/jovyan/common_data/nex-gddp-cimp6_hazards/Data/chirts_chirps_hist/maps/TAVG/TAVG_FMA_full_min.tif (mean=22.431879072683)
OK: /home/jovyan/common_data/nex-gddp-cimp6_hazards/Data/chirts_chirps_hist/maps/TAVG/TAVG_JFM_full_sd.tif (mean=0.8195204063275)
OK: /home/jovyan/common_data/nex-gddp-cimp6_hazards/Data/chirts_chirps_hist/maps/TAVG/TAVG_FMA_full_max.tif (mean=25.862200861011)
OK: /home/jovyan/common_data/nex-gddp-cimp6_hazards/Data/chirts_chirps_hist/maps/TAVG/TAVG_MAM_full_sd.tif (mean=0.69705730286875)
OK: /home/jovyan/common_data/nex-gddp-cimp6_hazards/Data/chirts_chirps_hist/maps/TAVG/TAVG_FMA_full_sd.tif (mean=0.77891997238924)
OK: /home/jovyan/common_data/nex-gddp-cimp6_hazards/Data/chirts_chirps_hist/maps/TAVG/TAVG_MAM_full_mean.tif (mean=25.804917380956)
OK: /home/jovyan/common_data/nex-gddp-cimp6_hazards/Data/chirts_chirps_hist/maps/TAVG/TAVG_MAM_full_max.tif (mean=27.45620879916)
OK: /home/jovyan/common_data/nex-gddp-cimp6_hazards/Data/chirts_chirps_hist/maps/TAVG/TAVG_MAM_full_min.tif (mean=24.333627312461)
OK: /home/jovyan/common_data/nex-gddp-cimp6_hazards/Data/chirts_chirps_hist/maps/TAVG/TAVG_AMJ_full_mean.tif (mean=27.0512496228)
OK: /home/jovyan/common_data/nex-gddp-cimp6_hazards/Data/chirts_chirps_hist/maps/TAVG/TAVG_AMJ_full_max.tif (mean=28.591485693114)
OK: /home/jovyan/common_data/nex-gddp-cimp6_hazards/Data/chirts_chirps_hist/maps/TAVG/TAVG_AMJ_full_min.tif (mean=25.693223767208)
OK: /home/jovyan/common_data/nex-gddp-cimp6_hazards/Data/chirts_chirps_hist/maps/TAVG/TAVG_AMJ_full_sd.tif (mean=0.64086665806855)
OK: /home/jovyan/common_data/nex-gddp-cimp6_hazards/Data/chirts_chirps_hist/maps/TAVG/TAVG_MJJ_full_max.tif (mean=29.033780790975)
OK: /home/jovyan/common_data/nex-gddp-cimp6_hazards/Data/chirts_chirps_hist/maps/TAVG/TAVG_JJA_full_mean.tif (mean=27.881456298022)
OK: /home/jovyan/common_data/nex-gddp-cimp6_hazards/Data/chirts_chirps_hist/maps/TAVG/TAVG_MJJ_full_mean.tif (mean=27.616723463376)
OK: /home/jovyan/common_data/nex-gddp-cimp6_hazards/Data/chirts_chirps_hist/maps/TAVG/TAVG_MJJ_full_min.tif (mean=26.344746646019)
OK: /home/jovyan/common_data/nex-gddp-cimp6_hazards/Data/chirts_chirps_hist/maps/TAVG/TAVG_MJJ_full_sd.tif (mean=0.60348263739737)
OK: /home/jovyan/common_data/nex-gddp-cimp6_hazards/Data/chirts_chirps_hist/maps/TAVG/TAVG_JJA_full_max.tif (mean=29.216385480341)
OK: /home/jovyan/common_data/nex-gddp-cimp6_hazards/Data/chirts_chirps_hist/maps/TAVG/TAVG_JJA_full_min.tif (mean=26.571241918233)
OK: /home/jovyan/common_data/nex-gddp-cimp6_hazards/Data/chirts_chirps_hist/maps/TAVG/TAVG_JAS_full_max.tif (mean=29.188485013327)
OK: /home/jovyan/common_data/nex-gddp-cimp6_hazards/Data/chirts_chirps_hist/maps/TAVG/TAVG_ASO_full_mean.tif (mean=27.349512543503)
OK: /home/jovyan/common_data/nex-gddp-cimp6_hazards/Data/chirts_chirps_hist/maps/TAVG/TAVG_JAS_full_min.tif (mean=26.593062175228)
OK: /home/jovyan/common_data/nex-gddp-cimp6_hazards/Data/chirts_chirps_hist/maps/TAVG/TAVG_JAS_full_mean.tif (mean=27.846289742887)
OK: /home/jovyan/common_data/nex-gddp-cimp6_hazards/Data/chirts_chirps_hist/maps/TAVG/TAVG_JAS_full_sd.tif (mean=0.59249315922819)
OK: /home/jovyan/common_data/nex-gddp-cimp6_hazards/Data/chirts_chirps_hist/maps/TAVG/TAVG_JJA_full_sd.tif (mean=0.58692410253779)
OK: /home/jovyan/common_data/nex-gddp-cimp6_hazards/Data/chirts_chirps_hist/maps/TAVG/TAVG_ASO_full_min.tif (mean=26.029588307993)
OK: /home/jovyan/common_data/nex-gddp-cimp6_hazards/Data/chirts_chirps_hist/maps/TAVG/TAVG_ASO_full_max.tif (mean=28.69109115462)
OK: /home/jovyan/common_data/nex-gddp-cimp6_hazards/Data/chirts_chirps_hist/maps/TAVG/TAVG_ASO_full_sd.tif (mean=0.60636036171484)
OK: /home/jovyan/common_data/nex-gddp-cimp6_hazards/Data/chirts_chirps_hist/maps/TAVG/TAVG_SON_full_mean.tif (mean=25.891856039795)
OK: /home/jovyan/common_data/nex-gddp-cimp6_hazards/Data/chirts_chirps_hist/maps/TAVG/TAVG_SON_full_max.tif (mean=27.29849266733)
OK: /home/jovyan/common_data/nex-gddp-cimp6_hazards/Data/chirts_chirps_hist/maps/TAVG/TAVG_SON_full_min.tif (mean=24.558158682907)
OK: /home/jovyan/common_data/nex-gddp-cimp6_hazards/Data/chirts_chirps_hist/maps/TAVG/TAVG_OND_full_mean.tif (mean=23.779038415523)
OK: /home/jovyan/common_data/nex-gddp-cimp6_hazards/Data/chirts_chirps_hist/maps/TAVG/TAVG_OND_full_min.tif (mean=22.289939392179)
OK: /home/jovyan/common_data/nex-gddp-cimp6_hazards/Data/chirts_chirps_hist/maps/TAVG/TAVG_OND_full_max.tif (mean=25.308513000848)
OK: /home/jovyan/common_data/nex-gddp-cimp6_hazards/Data/chirts_chirps_hist/maps/TAVG/TAVG_SON_full_sd.tif (mean=0.6298634314035)
OK: /home/jovyan/common_data/nex-gddp-cimp6_hazards/Data/chirts_chirps_hist/maps/TAVG/TAVG_OND_full_sd.tif (mean=0.69158108827544)
OK: /home/jovyan/common_data/nex-gddp-cimp6_hazards/Data/chirts_chirps_hist/maps/TAVG/TAVG_NDJ_full_min.tif (mean=20.287860382427)
OK: /home/jovyan/common_data/nex-gddp-cimp6_hazards/Data/chirts_chirps_hist/maps/TAVG/TAVG_NDJ_full_mean.tif (mean=21.827217385777)
OK: /home/jovyan/common_data/nex-gddp-cimp6_hazards/Data/chirts_chirps_hist/maps/TAVG/TAVG_NDJ_full_max.tif (mean=23.421156106776)
OK: /home/jovyan/common_data/nex-gddp-cimp6_hazards/Data/chirts_chirps_hist/maps/TAVG/TAVG_DJF_full_min.tif (mean=19.505061326755)
OK: /home/jovyan/common_data/nex-gddp-cimp6_hazards/Data/chirts_chirps_hist/maps/TAVG/TAVG_DJF_full_max.tif (mean=23.06675468222)
OK: /home/jovyan/common_data/nex-gddp-cimp6_hazards/Data/chirts_chirps_hist/maps/TAVG/TAVG_NDJ_full_sd.tif (mean=0.70711962343624)
OK: /home/jovyan/common_data/nex-gddp-cimp6_hazards/Data/chirts_chirps_hist/maps/TAVG/TAVG_DJF_full_mean.tif (mean=21.282490462429)
OK: /home/jovyan/common_data/nex-gddp-cimp6_hazards/Data/chirts_chirps_hist/maps/TAVG/TAVG_DJF_full_sd.tif (mean=0.8276589817764)
OK: /home/jovyan/common_data/nex-gddp-cimp6_hazards/Data/chirts_chirps_hist/maps/SPEI-01/SPEI-01_annual_1995-2014_mean.tif (mean=-0.0036847484916631)
OK: /home/jovyan/common_data/nex-gddp-cimp6_hazards/Data/chirts_chirps_hist/maps/SPEI-01/SPEI-01_annual_1995-2014_max.tif (mean=0.61186321200298)
OK: /home/jovyan/common_data/nex-gddp-cimp6_hazards/Data/chirts_chirps_hist/maps/SPEI-01/SPEI-01_annual_1995-2014_min.tif (mean=-0.66648002769795)
OK: /home/jovyan/common_data/nex-gddp-cimp6_hazards/Data/chirts_chirps_hist/maps/SPEI-01/SPEI-01_JFM_1995-2014_mean.tif (mean=0.0055064013016477)
OK: /home/jovyan/common_data/nex-gddp-cimp6_hazards/Data/chirts_chirps_hist/maps/SPEI-01/SPEI-01_JFM_1995-2014_min.tif (mean=-1.2571964200894)
OK: /home/jovyan/common_data/nex-gddp-cimp6_hazards/Data/chirts_chirps_hist/maps/SPEI-01/SPEI-01_JFM_1995-2014_max.tif (mean=1.143359837473)
OK: /home/jovyan/common_data/nex-gddp-cimp6_hazards/Data/chirts_chirps_hist/maps/SPEI-01/SPEI-01_annual_1995-2014_sd.tif (mean=0.3355178094429)
OK: /home/jovyan/common_data/nex-gddp-cimp6_hazards/Data/chirts_chirps_hist/maps/SPEI-01/SPEI-01_JFM_1995-2014_sd.tif (mean=0.64177548549414)
OK: /home/jovyan/common_data/nex-gddp-cimp6_hazards/Data/chirts_chirps_hist/maps/SPEI-01/SPEI-01_FMA_1995-2014_min.tif (mean=-1.1792145887214)
OK: /home/jovyan/common_data/nex-gddp-cimp6_hazards/Data/chirts_chirps_hist/maps/SPEI-01/SPEI-01_FMA_1995-2014_max.tif (mean=1.1897358915106)
OK: /home/jovyan/common_data/nex-gddp-cimp6_hazards/Data/chirts_chirps_hist/maps/SPEI-01/SPEI-01_FMA_1995-2014_mean.tif (mean=-0.0067072920181964)
OK: /home/jovyan/common_data/nex-gddp-cimp6_hazards/Data/chirts_chirps_hist/maps/SPEI-01/SPEI-01_MAM_1995-2014_mean.tif (mean=-0.01222078085083)
OK: /home/jovyan/common_data/nex-gddp-cimp6_hazards/Data/chirts_chirps_hist/maps/SPEI-01/SPEI-01_FMA_1995-2014_sd.tif (mean=0.62214172335797)
OK: /home/jovyan/common_data/nex-gddp-cimp6_hazards/Data/chirts_chirps_hist/maps/SPEI-01/SPEI-01_MAM_1995-2014_max.tif (mean=1.14329929749)
OK: /home/jovyan/common_data/nex-gddp-cimp6_hazards/Data/chirts_chirps_hist/maps/SPEI-01/SPEI-01_MAM_1995-2014_min.tif (mean=-1.0979859535002)
OK: /home/jovyan/common_data/nex-gddp-cimp6_hazards/Data/chirts_chirps_hist/maps/SPEI-01/SPEI-01_MAM_1995-2014_sd.tif (mean=0.60566261556117)
OK: /home/jovyan/common_data/nex-gddp-cimp6_hazards/Data/chirts_chirps_hist/maps/SPEI-01/SPEI-01_AMJ_1995-2014_max.tif (mean=1.121824793805)
OK: /home/jovyan/common_data/nex-gddp-cimp6_hazards/Data/chirts_chirps_hist/maps/SPEI-01/SPEI-01_AMJ_1995-2014_min.tif (mean=-1.1760188646459)
OK: /home/jovyan/common_data/nex-gddp-cimp6_hazards/Data/chirts_chirps_hist/maps/SPEI-01/SPEI-01_AMJ_1995-2014_mean.tif (mean=-0.0053642102118866)
OK: /home/jovyan/common_data/nex-gddp-cimp6_hazards/Data/chirts_chirps_hist/maps/SPEI-01/SPEI-01_AMJ_1995-2014_sd.tif (mean=0.61205732856118)
OK: /home/jovyan/common_data/nex-gddp-cimp6_hazards/Data/chirts_chirps_hist/maps/SPEI-01/SPEI-01_MJJ_1995-2014_max.tif (mean=1.1340728392534)
OK: /home/jovyan/common_data/nex-gddp-cimp6_hazards/Data/chirts_chirps_hist/maps/SPEI-01/SPEI-01_MJJ_1995-2014_mean.tif (mean=-0.016775468173022)
OK: /home/jovyan/common_data/nex-gddp-cimp6_hazards/Data/chirts_chirps_hist/maps/SPEI-01/SPEI-01_MJJ_1995-2014_min.tif (mean=-1.1653078433969)
OK: /home/jovyan/common_data/nex-gddp-cimp6_hazards/Data/chirts_chirps_hist/maps/SPEI-01/SPEI-01_MJJ_1995-2014_sd.tif (mean=0.62217672636399)
OK: /home/jovyan/common_data/nex-gddp-cimp6_hazards/Data/chirts_chirps_hist/maps/SPEI-01/SPEI-01_JJA_1995-2014_mean.tif (mean=-0.018146468160096)
OK: /home/jovyan/common_data/nex-gddp-cimp6_hazards/Data/chirts_chirps_hist/maps/SPEI-01/SPEI-01_JJA_1995-2014_min.tif (mean=-1.1901478057903)
OK: /home/jovyan/common_data/nex-gddp-cimp6_hazards/Data/chirts_chirps_hist/maps/SPEI-01/SPEI-01_JJA_1995-2014_sd.tif (mean=0.63183528499161)
OK: /home/jovyan/common_data/nex-gddp-cimp6_hazards/Data/chirts_chirps_hist/maps/SPEI-01/SPEI-01_JJA_1995-2014_max.tif (mean=1.1973936183572)
OK: /home/jovyan/common_data/nex-gddp-cimp6_hazards/Data/chirts_chirps_hist/maps/SPEI-01/SPEI-01_JAS_1995-2014_max.tif (mean=1.2041904769722)
OK: /home/jovyan/common_data/nex-gddp-cimp6_hazards/Data/chirts_chirps_hist/maps/SPEI-01/SPEI-01_JAS_1995-2014_min.tif (mean=-1.1946615236149)
OK: /home/jovyan/common_data/nex-gddp-cimp6_hazards/Data/chirts_chirps_hist/maps/SPEI-01/SPEI-01_JAS_1995-2014_mean.tif (mean=-0.01862049971239)
OK: /home/jovyan/common_data/nex-gddp-cimp6_hazards/Data/chirts_chirps_hist/maps/SPEI-01/SPEI-01_ASO_1995-2014_mean.tif (mean=0.0038333441071709)
OK: /home/jovyan/common_data/nex-gddp-cimp6_hazards/Data/chirts_chirps_hist/maps/SPEI-01/SPEI-01_JAS_1995-2014_sd.tif (mean=0.6381383677963)
OK: /home/jovyan/common_data/nex-gddp-cimp6_hazards/Data/chirts_chirps_hist/maps/SPEI-01/SPEI-01_ASO_1995-2014_min.tif (mean=-1.1233403155117)
OK: /home/jovyan/common_data/nex-gddp-cimp6_hazards/Data/chirts_chirps_hist/maps/SPEI-01/SPEI-01_ASO_1995-2014_sd.tif (mean=0.6077112919059)
OK: /home/jovyan/common_data/nex-gddp-cimp6_hazards/Data/chirts_chirps_hist/maps/SPEI-01/SPEI-01_ASO_1995-2014_max.tif (mean=1.1715314154918)
OK: /home/jovyan/common_data/nex-gddp-cimp6_hazards/Data/chirts_chirps_hist/maps/SPEI-01/SPEI-01_SON_1995-2014_mean.tif (mean=0.0086409026343954)
OK: /home/jovyan/common_data/nex-gddp-cimp6_hazards/Data/chirts_chirps_hist/maps/SPEI-01/SPEI-01_SON_1995-2014_min.tif (mean=-1.115734957117)
OK: /home/jovyan/common_data/nex-gddp-cimp6_hazards/Data/chirts_chirps_hist/maps/SPEI-01/SPEI-01_SON_1995-2014_max.tif (mean=1.1336278362805)
OK: /home/jovyan/common_data/nex-gddp-cimp6_hazards/Data/chirts_chirps_hist/maps/SPEI-01/SPEI-01_OND_1995-2014_mean.tif (mean=0.0018522400914766)
OK: /home/jovyan/common_data/nex-gddp-cimp6_hazards/Data/chirts_chirps_hist/maps/SPEI-01/SPEI-01_OND_1995-2014_min.tif (mean=-1.1430401513399)
OK: /home/jovyan/common_data/nex-gddp-cimp6_hazards/Data/chirts_chirps_hist/maps/SPEI-01/SPEI-01_SON_1995-2014_sd.tif (mean=0.60036998285601)
OK: /home/jovyan/common_data/nex-gddp-cimp6_hazards/Data/chirts_chirps_hist/maps/SPEI-01/SPEI-01_OND_1995-2014_max.tif (mean=1.1588538710865)
OK: /home/jovyan/common_data/nex-gddp-cimp6_hazards/Data/chirts_chirps_hist/maps/SPEI-01/SPEI-01_NDJ_1995-2014_min.tif (mean=-1.1504825927376)
OK: /home/jovyan/common_data/nex-gddp-cimp6_hazards/Data/chirts_chirps_hist/maps/SPEI-01/SPEI-01_NDJ_1995-2014_mean.tif (mean=0.010528600827315)
OK: /home/jovyan/common_data/nex-gddp-cimp6_hazards/Data/chirts_chirps_hist/maps/SPEI-01/SPEI-01_OND_1995-2014_sd.tif (mean=0.60371878597763)
OK: /home/jovyan/common_data/nex-gddp-cimp6_hazards/Data/chirts_chirps_hist/maps/SPEI-01/SPEI-01_NDJ_1995-2014_max.tif (mean=1.154324997466)
OK: /home/jovyan/common_data/nex-gddp-cimp6_hazards/Data/chirts_chirps_hist/maps/SPEI-01/SPEI-01_DJF_1995-2014_min.tif (mean=-1.2243286772655)
OK: /home/jovyan/common_data/nex-gddp-cimp6_hazards/Data/chirts_chirps_hist/maps/SPEI-01/SPEI-01_NDJ_1995-2014_sd.tif (mean=0.59828980597269)
OK: /home/jovyan/common_data/nex-gddp-cimp6_hazards/Data/chirts_chirps_hist/maps/SPEI-01/SPEI-01_DJF_1995-2014_mean.tif (mean=0.012505212894902)
OK: /home/jovyan/common_data/nex-gddp-cimp6_hazards/Data/chirts_chirps_hist/maps/SPEI-01/SPEI-01_annual_1991-2020_max.tif (mean=0.74487055139445)
OK: /home/jovyan/common_data/nex-gddp-cimp6_hazards/Data/chirts_chirps_hist/maps/SPEI-01/SPEI-01_annual_1991-2020_min.tif (mean=-0.75221421243297)
OK: /home/jovyan/common_data/nex-gddp-cimp6_hazards/Data/chirts_chirps_hist/maps/SPEI-01/SPEI-01_annual_1991-2020_mean.tif (mean=0.010333013443942)
OK: /home/jovyan/common_data/nex-gddp-cimp6_hazards/Data/chirts_chirps_hist/maps/SPEI-01/SPEI-01_DJF_1995-2014_sd.tif (mean=0.64680608523371)
OK: /home/jovyan/common_data/nex-gddp-cimp6_hazards/Data/chirts_chirps_hist/maps/SPEI-01/SPEI-01_DJF_1995-2014_max.tif (mean=1.2183811356228)
OK: /home/jovyan/common_data/nex-gddp-cimp6_hazards/Data/chirts_chirps_hist/maps/SPEI-01/SPEI-01_JFM_1991-2020_mean.tif (mean=0.0088650301461536)
OK: /home/jovyan/common_data/nex-gddp-cimp6_hazards/Data/chirts_chirps_hist/maps/SPEI-01/SPEI-01_JFM_1991-2020_min.tif (mean=-1.3555565650008)
OK: /home/jovyan/common_data/nex-gddp-cimp6_hazards/Data/chirts_chirps_hist/maps/SPEI-01/SPEI-01_annual_1991-2020_sd.tif (mean=0.36159142122297)
OK: /home/jovyan/common_data/nex-gddp-cimp6_hazards/Data/chirts_chirps_hist/maps/SPEI-01/SPEI-01_JFM_1991-2020_max.tif (mean=1.2923113396946)
OK: /home/jovyan/common_data/nex-gddp-cimp6_hazards/Data/chirts_chirps_hist/maps/SPEI-01/SPEI-01_FMA_1991-2020_max.tif (mean=1.3075179444757)
OK: /home/jovyan/common_data/nex-gddp-cimp6_hazards/Data/chirts_chirps_hist/maps/SPEI-01/SPEI-01_FMA_1991-2020_min.tif (mean=-1.2932835463516)
OK: /home/jovyan/common_data/nex-gddp-cimp6_hazards/Data/chirts_chirps_hist/maps/SPEI-01/SPEI-01_JFM_1991-2020_sd.tif (mean=0.65178827828413)
OK: /home/jovyan/common_data/nex-gddp-cimp6_hazards/Data/chirts_chirps_hist/maps/SPEI-01/SPEI-01_FMA_1991-2020_mean.tif (mean=0.0089041527446584)
OK: /home/jovyan/common_data/nex-gddp-cimp6_hazards/Data/chirts_chirps_hist/maps/SPEI-01/SPEI-01_MAM_1991-2020_min.tif (mean=-1.2550802466037)
OK: /home/jovyan/common_data/nex-gddp-cimp6_hazards/Data/chirts_chirps_hist/maps/SPEI-01/SPEI-01_MAM_1991-2020_mean.tif (mean=0.0091567634110178)
OK: /home/jovyan/common_data/nex-gddp-cimp6_hazards/Data/chirts_chirps_hist/maps/SPEI-01/SPEI-01_FMA_1991-2020_sd.tif (mean=0.63772211221524)
OK: /home/jovyan/common_data/nex-gddp-cimp6_hazards/Data/chirts_chirps_hist/maps/SPEI-01/SPEI-01_MAM_1991-2020_sd.tif (mean=0.63332971074644)
OK: /home/jovyan/common_data/nex-gddp-cimp6_hazards/Data/chirts_chirps_hist/maps/SPEI-01/SPEI-01_AMJ_1991-2020_mean.tif (mean=0.0092213769897183)
OK: /home/jovyan/common_data/nex-gddp-cimp6_hazards/Data/chirts_chirps_hist/maps/SPEI-01/SPEI-01_AMJ_1991-2020_min.tif (mean=-1.3341042459873)
OK: /home/jovyan/common_data/nex-gddp-cimp6_hazards/Data/chirts_chirps_hist/maps/SPEI-01/SPEI-01_MAM_1991-2020_max.tif (mean=1.3197671716792)
OK: /home/jovyan/common_data/nex-gddp-cimp6_hazards/Data/chirts_chirps_hist/maps/SPEI-01/SPEI-01_AMJ_1991-2020_max.tif (mean=1.2634675040299)
OK: /home/jovyan/common_data/nex-gddp-cimp6_hazards/Data/chirts_chirps_hist/maps/SPEI-01/SPEI-01_AMJ_1991-2020_sd.tif (mean=0.63446159308371)
OK: /home/jovyan/common_data/nex-gddp-cimp6_hazards/Data/chirts_chirps_hist/maps/SPEI-01/SPEI-01_MJJ_1991-2020_mean.tif (mean=0.0081322640419202)
OK: /home/jovyan/common_data/nex-gddp-cimp6_hazards/Data/chirts_chirps_hist/maps/SPEI-01/SPEI-01_MJJ_1991-2020_min.tif (mean=-1.292000960312)
OK: /home/jovyan/common_data/nex-gddp-cimp6_hazards/Data/chirts_chirps_hist/maps/SPEI-01/SPEI-01_JJA_1991-2020_mean.tif (mean=0.0071958124421469)
OK: /home/jovyan/common_data/nex-gddp-cimp6_hazards/Data/chirts_chirps_hist/maps/SPEI-01/SPEI-01_JJA_1991-2020_min.tif (mean=-1.3154838036641)
OK: /home/jovyan/common_data/nex-gddp-cimp6_hazards/Data/chirts_chirps_hist/maps/SPEI-01/SPEI-01_MJJ_1991-2020_max.tif (mean=1.3224164170349)
OK: /home/jovyan/common_data/nex-gddp-cimp6_hazards/Data/chirts_chirps_hist/maps/SPEI-01/SPEI-01_MJJ_1991-2020_sd.tif (mean=0.64670115302823)
OK: /home/jovyan/common_data/nex-gddp-cimp6_hazards/Data/chirts_chirps_hist/maps/SPEI-01/SPEI-01_JJA_1991-2020_max.tif (mean=1.3512944088571)
OK: /home/jovyan/common_data/nex-gddp-cimp6_hazards/Data/chirts_chirps_hist/maps/SPEI-01/SPEI-01_JAS_1991-2020_mean.tif (mean=0.0080624945747885)
OK: /home/jovyan/common_data/nex-gddp-cimp6_hazards/Data/chirts_chirps_hist/maps/SPEI-01/SPEI-01_JJA_1991-2020_sd.tif (mean=0.65603651859758)
OK: /home/jovyan/common_data/nex-gddp-cimp6_hazards/Data/chirts_chirps_hist/maps/SPEI-01/SPEI-01_JAS_1991-2020_min.tif (mean=-1.351179321974)
OK: /home/jovyan/common_data/nex-gddp-cimp6_hazards/Data/chirts_chirps_hist/maps/SPEI-01/SPEI-01_JAS_1991-2020_max.tif (mean=1.374041685723)
OK: /home/jovyan/common_data/nex-gddp-cimp6_hazards/Data/chirts_chirps_hist/maps/SPEI-01/SPEI-01_ASO_1991-2020_mean.tif (mean=0.010671785572226)
OK: /home/jovyan/common_data/nex-gddp-cimp6_hazards/Data/chirts_chirps_hist/maps/SPEI-01/SPEI-01_ASO_1991-2020_min.tif (mean=-1.2742479358193)
OK: /home/jovyan/common_data/nex-gddp-cimp6_hazards/Data/chirts_chirps_hist/maps/SPEI-01/SPEI-01_JAS_1991-2020_sd.tif (mean=0.67291109979578)
OK: /home/jovyan/common_data/nex-gddp-cimp6_hazards/Data/chirts_chirps_hist/maps/SPEI-01/SPEI-01_ASO_1991-2020_max.tif (mean=1.3199571325273)
OK: /home/jovyan/common_data/nex-gddp-cimp6_hazards/Data/chirts_chirps_hist/maps/SPEI-01/SPEI-01_SON_1991-2020_mean.tif (mean=0.012394447747279)
OK: /home/jovyan/common_data/nex-gddp-cimp6_hazards/Data/chirts_chirps_hist/maps/SPEI-01/SPEI-01_SON_1991-2020_min.tif (mean=-1.247875547282)
OK: /home/jovyan/common_data/nex-gddp-cimp6_hazards/Data/chirts_chirps_hist/maps/SPEI-01/SPEI-01_ASO_1991-2020_sd.tif (mean=0.64413620292967)
OK: /home/jovyan/common_data/nex-gddp-cimp6_hazards/Data/chirts_chirps_hist/maps/SPEI-01/SPEI-01_SON_1991-2020_sd.tif (mean=0.62743250259081)
OK: /home/jovyan/common_data/nex-gddp-cimp6_hazards/Data/chirts_chirps_hist/maps/SPEI-01/SPEI-01_SON_1991-2020_max.tif (mean=1.3163611754529)
OK: /home/jovyan/common_data/nex-gddp-cimp6_hazards/Data/chirts_chirps_hist/maps/SPEI-01/SPEI-01_OND_1991-2020_min.tif (mean=-1.263454818264)
OK: /home/jovyan/common_data/nex-gddp-cimp6_hazards/Data/chirts_chirps_hist/maps/SPEI-01/SPEI-01_OND_1991-2020_mean.tif (mean=0.012458192366351)
OK: /home/jovyan/common_data/nex-gddp-cimp6_hazards/Data/chirts_chirps_hist/maps/SPEI-01/SPEI-01_OND_1991-2020_max.tif (mean=1.3052483886575)
OK: /home/jovyan/common_data/nex-gddp-cimp6_hazards/Data/chirts_chirps_hist/maps/SPEI-01/SPEI-01_NDJ_1991-2020_mean.tif (mean=0.015330999618588)
OK: /home/jovyan/common_data/nex-gddp-cimp6_hazards/Data/chirts_chirps_hist/maps/SPEI-01/SPEI-01_NDJ_1991-2020_min.tif (mean=-1.2831340469778)
OK: /home/jovyan/common_data/nex-gddp-cimp6_hazards/Data/chirts_chirps_hist/maps/SPEI-01/SPEI-01_OND_1991-2020_sd.tif (mean=0.62994058676218)
OK: /home/jovyan/common_data/nex-gddp-cimp6_hazards/Data/chirts_chirps_hist/maps/SPEI-01/SPEI-01_NDJ_1991-2020_max.tif (mean=1.3165106881027)
OK: /home/jovyan/common_data/nex-gddp-cimp6_hazards/Data/chirts_chirps_hist/maps/SPEI-01/SPEI-01_DJF_1991-2020_max.tif (mean=1.3692452678741)
OK: /home/jovyan/common_data/nex-gddp-cimp6_hazards/Data/chirts_chirps_hist/maps/SPEI-01/SPEI-01_DJF_1991-2020_min.tif (mean=-1.3728747664808)
OK: /home/jovyan/common_data/nex-gddp-cimp6_hazards/Data/chirts_chirps_hist/maps/SPEI-01/SPEI-01_NDJ_1991-2020_sd.tif (mean=0.62118757549148)
OK: /home/jovyan/common_data/nex-gddp-cimp6_hazards/Data/chirts_chirps_hist/maps/SPEI-01/SPEI-01_DJF_1991-2020_mean.tif (mean=0.014214330545426)
OK: /home/jovyan/common_data/nex-gddp-cimp6_hazards/Data/chirts_chirps_hist/maps/SPEI-01/SPEI-01_annual_full_mean.tif (mean=0.025808162836595)
OK: /home/jovyan/common_data/nex-gddp-cimp6_hazards/Data/chirts_chirps_hist/maps/SPEI-01/SPEI-01_DJF_1991-2020_sd.tif (mean=0.6667176616998)
OK: /home/jovyan/common_data/nex-gddp-cimp6_hazards/Data/chirts_chirps_hist/maps/SPEI-01/SPEI-01_annual_full_min.tif (mean=-0.90333916731358)
OK: /home/jovyan/common_data/nex-gddp-cimp6_hazards/Data/chirts_chirps_hist/maps/SPEI-01/SPEI-01_annual_full_sd.tif (mean=0.39653533735989)
OK: /home/jovyan/common_data/nex-gddp-cimp6_hazards/Data/chirts_chirps_hist/maps/SPEI-01/SPEI-01_annual_full_max.tif (mean=0.88476433166228)
OK: /home/jovyan/common_data/nex-gddp-cimp6_hazards/Data/chirts_chirps_hist/maps/SPEI-01/SPEI-01_JFM_full_min.tif (mean=-1.4641572632659)
OK: /home/jovyan/common_data/nex-gddp-cimp6_hazards/Data/chirts_chirps_hist/maps/SPEI-01/SPEI-01_JFM_full_max.tif (mean=1.5193348242416)
OK: /home/jovyan/common_data/nex-gddp-cimp6_hazards/Data/chirts_chirps_hist/maps/SPEI-01/SPEI-01_JFM_full_mean.tif (mean=0.032846367745954)
OK: /home/jovyan/common_data/nex-gddp-cimp6_hazards/Data/chirts_chirps_hist/maps/SPEI-01/SPEI-01_FMA_full_min.tif (mean=-1.3907041929151)
OK: /home/jovyan/common_data/nex-gddp-cimp6_hazards/Data/chirts_chirps_hist/maps/SPEI-01/SPEI-01_FMA_full_mean.tif (mean=0.040308005264776)
OK: /home/jovyan/common_data/nex-gddp-cimp6_hazards/Data/chirts_chirps_hist/maps/SPEI-01/SPEI-01_JFM_full_sd.tif (mean=0.67804762935449)
OK: /home/jovyan/common_data/nex-gddp-cimp6_hazards/Data/chirts_chirps_hist/maps/SPEI-01/SPEI-01_MAM_full_min.tif (mean=-1.4296651132629)
OK: /home/jovyan/common_data/nex-gddp-cimp6_hazards/Data/chirts_chirps_hist/maps/SPEI-01/SPEI-01_MAM_full_max.tif (mean=1.4717819328756)
OK: /home/jovyan/common_data/nex-gddp-cimp6_hazards/Data/chirts_chirps_hist/maps/SPEI-01/SPEI-01_FMA_full_sd.tif (mean=0.65318389829884)
OK: /home/jovyan/common_data/nex-gddp-cimp6_hazards/Data/chirts_chirps_hist/maps/SPEI-01/SPEI-01_FMA_full_max.tif (mean=1.4883107979291)
OK: /home/jovyan/common_data/nex-gddp-cimp6_hazards/Data/chirts_chirps_hist/maps/SPEI-01/SPEI-01_MAM_full_mean.tif (mean=0.022359197977381)
OK: /home/jovyan/common_data/nex-gddp-cimp6_hazards/Data/chirts_chirps_hist/maps/SPEI-01/SPEI-01_AMJ_full_min.tif (mean=-1.5428681572347)
OK: /home/jovyan/common_data/nex-gddp-cimp6_hazards/Data/chirts_chirps_hist/maps/SPEI-01/SPEI-01_AMJ_full_mean.tif (mean=0.01260165799116)
OK: /home/jovyan/common_data/nex-gddp-cimp6_hazards/Data/chirts_chirps_hist/maps/SPEI-01/SPEI-01_MAM_full_sd.tif (mean=0.66354012803728)
OK: /home/jovyan/common_data/nex-gddp-cimp6_hazards/Data/chirts_chirps_hist/maps/SPEI-01/SPEI-01_AMJ_full_max.tif (mean=1.4060153641376)
OK: /home/jovyan/common_data/nex-gddp-cimp6_hazards/Data/chirts_chirps_hist/maps/SPEI-01/SPEI-01_AMJ_full_sd.tif (mean=0.670810974837)
OK: /home/jovyan/common_data/nex-gddp-cimp6_hazards/Data/chirts_chirps_hist/maps/SPEI-01/SPEI-01_MJJ_full_mean.tif (mean=0.021555831433979)
OK: /home/jovyan/common_data/nex-gddp-cimp6_hazards/Data/chirts_chirps_hist/maps/SPEI-01/SPEI-01_MJJ_full_min.tif (mean=-1.5025791031766)
OK: /home/jovyan/common_data/nex-gddp-cimp6_hazards/Data/chirts_chirps_hist/maps/SPEI-01/SPEI-01_MJJ_full_max.tif (mean=1.4913544947502)
OK: /home/jovyan/common_data/nex-gddp-cimp6_hazards/Data/chirts_chirps_hist/maps/SPEI-01/SPEI-01_MJJ_full_sd.tif (mean=0.67982774281838)
OK: /home/jovyan/common_data/nex-gddp-cimp6_hazards/Data/chirts_chirps_hist/maps/SPEI-01/SPEI-01_JJA_full_mean.tif (mean=0.024596423877377)
OK: /home/jovyan/common_data/nex-gddp-cimp6_hazards/Data/chirts_chirps_hist/maps/SPEI-01/SPEI-01_JJA_full_min.tif (mean=-1.5691541620108)
OK: /home/jovyan/common_data/nex-gddp-cimp6_hazards/Data/chirts_chirps_hist/maps/SPEI-01/SPEI-01_JJA_full_max.tif (mean=1.5675601548112)
OK: /home/jovyan/common_data/nex-gddp-cimp6_hazards/Data/chirts_chirps_hist/maps/SPEI-01/SPEI-01_JAS_full_max.tif (mean=1.6279247336904)
OK: /home/jovyan/common_data/nex-gddp-cimp6_hazards/Data/chirts_chirps_hist/maps/SPEI-01/SPEI-01_JJA_full_sd.tif (mean=0.70593265570813)
OK: /home/jovyan/common_data/nex-gddp-cimp6_hazards/Data/chirts_chirps_hist/maps/SPEI-01/SPEI-01_JAS_full_mean.tif (mean=0.032935494232155)
OK: /home/jovyan/common_data/nex-gddp-cimp6_hazards/Data/chirts_chirps_hist/maps/SPEI-01/SPEI-01_JAS_full_min.tif (mean=-1.6297370202346)
OK: /home/jovyan/common_data/nex-gddp-cimp6_hazards/Data/chirts_chirps_hist/maps/SPEI-01/SPEI-01_ASO_full_mean.tif (mean=0.030780516037056)
OK: /home/jovyan/common_data/nex-gddp-cimp6_hazards/Data/chirts_chirps_hist/maps/SPEI-01/SPEI-01_ASO_full_min.tif (mean=-1.4805896550229)
OK: /home/jovyan/common_data/nex-gddp-cimp6_hazards/Data/chirts_chirps_hist/maps/SPEI-01/SPEI-01_JAS_full_sd.tif (mean=0.7310446316357)
OK: /home/jovyan/common_data/nex-gddp-cimp6_hazards/Data/chirts_chirps_hist/maps/SPEI-01/SPEI-01_ASO_full_sd.tif (mean=0.6912375003694)
OK: /home/jovyan/common_data/nex-gddp-cimp6_hazards/Data/chirts_chirps_hist/maps/SPEI-01/SPEI-01_ASO_full_max.tif (mean=1.5561420021581)
OK: /home/jovyan/common_data/nex-gddp-cimp6_hazards/Data/chirts_chirps_hist/maps/SPEI-01/SPEI-01_SON_full_min.tif (mean=-1.4105367076349)
OK: /home/jovyan/common_data/nex-gddp-cimp6_hazards/Data/chirts_chirps_hist/maps/SPEI-01/SPEI-01_SON_full_mean.tif (mean=0.026104842387018)
OK: /home/jovyan/common_data/nex-gddp-cimp6_hazards/Data/chirts_chirps_hist/maps/SPEI-01/SPEI-01_SON_full_max.tif (mean=1.4978544545051)
OK: /home/jovyan/common_data/nex-gddp-cimp6_hazards/Data/chirts_chirps_hist/maps/SPEI-01/SPEI-01_SON_full_sd.tif (mean=0.65643020136266)
OK: /home/jovyan/common_data/nex-gddp-cimp6_hazards/Data/chirts_chirps_hist/maps/SPEI-01/SPEI-01_OND_full_mean.tif (mean=0.018715529534518)
OK: /home/jovyan/common_data/nex-gddp-cimp6_hazards/Data/chirts_chirps_hist/maps/SPEI-01/SPEI-01_OND_full_min.tif (mean=-1.4207411206604)
OK: /home/jovyan/common_data/nex-gddp-cimp6_hazards/Data/chirts_chirps_hist/maps/SPEI-01/SPEI-01_OND_full_sd.tif (mean=0.65988468301473)
OK: /home/jovyan/common_data/nex-gddp-cimp6_hazards/Data/chirts_chirps_hist/maps/SPEI-01/SPEI-01_OND_full_max.tif (mean=1.474072342473)
OK: /home/jovyan/common_data/nex-gddp-cimp6_hazards/Data/chirts_chirps_hist/maps/SPEI-01/SPEI-01_NDJ_full_max.tif (mean=1.4202336432989)
OK: /home/jovyan/common_data/nex-gddp-cimp6_hazards/Data/chirts_chirps_hist/maps/SPEI-01/SPEI-01_NDJ_full_min.tif (mean=-1.4735087638989)
OK: /home/jovyan/common_data/nex-gddp-cimp6_hazards/Data/chirts_chirps_hist/maps/SPEI-01/SPEI-01_NDJ_full_mean.tif (mean=0.0034167318598392)
OK: /home/jovyan/common_data/nex-gddp-cimp6_hazards/Data/chirts_chirps_hist/maps/SPEI-01/SPEI-01_NDJ_full_sd.tif (mean=0.64946770652991)
OK: /home/jovyan/common_data/nex-gddp-cimp6_hazards/Data/chirts_chirps_hist/maps/SPEI-01/SPEI-01_DJF_full_mean.tif (mean=0.011739001804762)
OK: /home/jovyan/common_data/nex-gddp-cimp6_hazards/Data/chirts_chirps_hist/maps/SPEI-01/SPEI-01_DJF_full_min.tif (mean=-1.4812935820898)
OK: /home/jovyan/common_data/nex-gddp-cimp6_hazards/Data/chirts_chirps_hist/maps/SPEI-01/SPEI-01_DJF_full_max.tif (mean=1.5379460594005)
OK: /home/jovyan/common_data/nex-gddp-cimp6_hazards/Data/chirts_chirps_hist/maps/SPEI-03/SPEI-03_annual_1995-2014_max.tif (mean=0.87865656620976)
OK: /home/jovyan/common_data/nex-gddp-cimp6_hazards/Data/chirts_chirps_hist/maps/SPEI-01/SPEI-01_DJF_full_sd.tif (mean=0.68859759464838)
OK: /home/jovyan/common_data/nex-gddp-cimp6_hazards/Data/chirts_chirps_hist/maps/SPEI-03/SPEI-03_annual_1995-2014_mean.tif (mean=-0.0098173474587964)
OK: /home/jovyan/common_data/nex-gddp-cimp6_hazards/Data/chirts_chirps_hist/maps/SPEI-03/SPEI-03_annual_1995-2014_min.tif (mean=-0.96874878275663)
OK: /home/jovyan/common_data/nex-gddp-cimp6_hazards/Data/chirts_chirps_hist/maps/SPEI-03/SPEI-03_annual_1995-2014_sd.tif (mean=0.48803167301512)
OK: /home/jovyan/common_data/nex-gddp-cimp6_hazards/Data/chirts_chirps_hist/maps/SPEI-03/SPEI-03_JFM_1995-2014_mean.tif (mean=0.010500994245342)
OK: /home/jovyan/common_data/nex-gddp-cimp6_hazards/Data/chirts_chirps_hist/maps/SPEI-03/SPEI-03_JFM_1995-2014_min.tif (mean=-1.5361011229901)
OK: /home/jovyan/common_data/nex-gddp-cimp6_hazards/Data/chirts_chirps_hist/maps/SPEI-03/SPEI-03_FMA_1995-2014_mean.tif (mean=-0.0025466915047714)
OK: /home/jovyan/common_data/nex-gddp-cimp6_hazards/Data/chirts_chirps_hist/maps/SPEI-03/SPEI-03_FMA_1995-2014_max.tif (mean=1.5200291955044)
OK: /home/jovyan/common_data/nex-gddp-cimp6_hazards/Data/chirts_chirps_hist/maps/SPEI-03/SPEI-03_JFM_1995-2014_sd.tif (mean=0.84247882698958)
OK: /home/jovyan/common_data/nex-gddp-cimp6_hazards/Data/chirts_chirps_hist/maps/SPEI-03/SPEI-03_JFM_1995-2014_max.tif (mean=1.536163572)
OK: /home/jovyan/common_data/nex-gddp-cimp6_hazards/Data/chirts_chirps_hist/maps/SPEI-03/SPEI-03_FMA_1995-2014_min.tif (mean=-1.5712149501723)
OK: /home/jovyan/common_data/nex-gddp-cimp6_hazards/Data/chirts_chirps_hist/maps/SPEI-03/SPEI-03_FMA_1995-2014_sd.tif (mean=0.83529662263129)
OK: /home/jovyan/common_data/nex-gddp-cimp6_hazards/Data/chirts_chirps_hist/maps/SPEI-03/SPEI-03_MAM_1995-2014_mean.tif (mean=-0.017295353944735)
OK: /home/jovyan/common_data/nex-gddp-cimp6_hazards/Data/chirts_chirps_hist/maps/SPEI-03/SPEI-03_MAM_1995-2014_min.tif (mean=-1.5566426462709)
OK: /home/jovyan/common_data/nex-gddp-cimp6_hazards/Data/chirts_chirps_hist/maps/SPEI-03/SPEI-03_MAM_1995-2014_max.tif (mean=1.5625440135505)
OK: /home/jovyan/common_data/nex-gddp-cimp6_hazards/Data/chirts_chirps_hist/maps/SPEI-03/SPEI-03_AMJ_1995-2014_max.tif (mean=1.5269238044536)
OK: /home/jovyan/common_data/nex-gddp-cimp6_hazards/Data/chirts_chirps_hist/maps/SPEI-03/SPEI-03_AMJ_1995-2014_mean.tif (mean=-0.026289946223923)
OK: /home/jovyan/common_data/nex-gddp-cimp6_hazards/Data/chirts_chirps_hist/maps/SPEI-03/SPEI-03_MAM_1995-2014_sd.tif (mean=0.84149990230854)
OK: /home/jovyan/common_data/nex-gddp-cimp6_hazards/Data/chirts_chirps_hist/maps/SPEI-03/SPEI-03_AMJ_1995-2014_min.tif (mean=-1.5126122818227)
OK: /home/jovyan/common_data/nex-gddp-cimp6_hazards/Data/chirts_chirps_hist/maps/SPEI-03/SPEI-03_MJJ_1995-2014_mean.tif (mean=-0.029924792502897)
OK: /home/jovyan/common_data/nex-gddp-cimp6_hazards/Data/chirts_chirps_hist/maps/SPEI-03/SPEI-03_AMJ_1995-2014_sd.tif (mean=0.83183236677578)
OK: /home/jovyan/common_data/nex-gddp-cimp6_hazards/Data/chirts_chirps_hist/maps/SPEI-03/SPEI-03_MJJ_1995-2014_max.tif (mean=1.4460681768856)
OK: /home/jovyan/common_data/nex-gddp-cimp6_hazards/Data/chirts_chirps_hist/maps/SPEI-03/SPEI-03_MJJ_1995-2014_min.tif (mean=-1.4848900600211)
OK: /home/jovyan/common_data/nex-gddp-cimp6_hazards/Data/chirts_chirps_hist/maps/SPEI-03/SPEI-03_MJJ_1995-2014_sd.tif (mean=0.80681505997978)
OK: /home/jovyan/common_data/nex-gddp-cimp6_hazards/Data/chirts_chirps_hist/maps/SPEI-03/SPEI-03_JJA_1995-2014_max.tif (mean=1.4397259868743)
OK: /home/jovyan/common_data/nex-gddp-cimp6_hazards/Data/chirts_chirps_hist/maps/SPEI-03/SPEI-03_JJA_1995-2014_min.tif (mean=-1.4655511313087)
OK: /home/jovyan/common_data/nex-gddp-cimp6_hazards/Data/chirts_chirps_hist/maps/SPEI-03/SPEI-03_JJA_1995-2014_mean.tif (mean=-0.027625778840678)
OK: /home/jovyan/common_data/nex-gddp-cimp6_hazards/Data/chirts_chirps_hist/maps/SPEI-03/SPEI-03_JAS_1995-2014_max.tif (mean=1.4823317886522)
OK: /home/jovyan/common_data/nex-gddp-cimp6_hazards/Data/chirts_chirps_hist/maps/SPEI-03/SPEI-03_JAS_1995-2014_mean.tif (mean=-0.026607959592994)
OK: /home/jovyan/common_data/nex-gddp-cimp6_hazards/Data/chirts_chirps_hist/maps/SPEI-03/SPEI-03_JJA_1995-2014_sd.tif (mean=0.7968785743452)
OK: /home/jovyan/common_data/nex-gddp-cimp6_hazards/Data/chirts_chirps_hist/maps/SPEI-03/SPEI-03_JAS_1995-2014_min.tif (mean=-1.5069629016567)
OK: /home/jovyan/common_data/nex-gddp-cimp6_hazards/Data/chirts_chirps_hist/maps/SPEI-03/SPEI-03_JAS_1995-2014_sd.tif (mean=0.81091444137784)
OK: /home/jovyan/common_data/nex-gddp-cimp6_hazards/Data/chirts_chirps_hist/maps/SPEI-03/SPEI-03_ASO_1995-2014_min.tif (mean=-1.4899490139136)
OK: /home/jovyan/common_data/nex-gddp-cimp6_hazards/Data/chirts_chirps_hist/maps/SPEI-03/SPEI-03_ASO_1995-2014_mean.tif (mean=-0.017788555045229)
OK: /home/jovyan/common_data/nex-gddp-cimp6_hazards/Data/chirts_chirps_hist/maps/SPEI-03/SPEI-03_ASO_1995-2014_max.tif (mean=1.509642599802)
OK: /home/jovyan/common_data/nex-gddp-cimp6_hazards/Data/chirts_chirps_hist/maps/SPEI-03/SPEI-03_ASO_1995-2014_sd.tif (mean=0.81004448451278)
OK: /home/jovyan/common_data/nex-gddp-cimp6_hazards/Data/chirts_chirps_hist/maps/SPEI-03/SPEI-03_SON_1995-2014_mean.tif (mean=-0.0058716693964967)
OK: /home/jovyan/common_data/nex-gddp-cimp6_hazards/Data/chirts_chirps_hist/maps/SPEI-03/SPEI-03_SON_1995-2014_min.tif (mean=-1.4278730599465)
OK: /home/jovyan/common_data/nex-gddp-cimp6_hazards/Data/chirts_chirps_hist/maps/SPEI-03/SPEI-03_SON_1995-2014_max.tif (mean=1.498177642633)
OK: /home/jovyan/common_data/nex-gddp-cimp6_hazards/Data/chirts_chirps_hist/maps/SPEI-03/SPEI-03_SON_1995-2014_sd.tif (mean=0.78993450654042)
OK: /home/jovyan/common_data/nex-gddp-cimp6_hazards/Data/chirts_chirps_hist/maps/SPEI-03/SPEI-03_OND_1995-2014_mean.tif (mean=0.0025357889056072)
OK: /home/jovyan/common_data/nex-gddp-cimp6_hazards/Data/chirts_chirps_hist/maps/SPEI-03/SPEI-03_OND_1995-2014_max.tif (mean=1.5389892482281)
OK: /home/jovyan/common_data/nex-gddp-cimp6_hazards/Data/chirts_chirps_hist/maps/SPEI-03/SPEI-03_OND_1995-2014_min.tif (mean=-1.473871344333)
OK: /home/jovyan/common_data/nex-gddp-cimp6_hazards/Data/chirts_chirps_hist/maps/SPEI-03/SPEI-03_NDJ_1995-2014_min.tif (mean=-1.1968227409838)
OK: /home/jovyan/common_data/nex-gddp-cimp6_hazards/Data/chirts_chirps_hist/maps/SPEI-03/SPEI-03_NDJ_1995-2014_mean.tif (mean=0.022080819254534)
OK: /home/jovyan/common_data/nex-gddp-cimp6_hazards/Data/chirts_chirps_hist/maps/SPEI-03/SPEI-03_OND_1995-2014_sd.tif (mean=0.80427043745842)
OK: /home/jovyan/common_data/nex-gddp-cimp6_hazards/Data/chirts_chirps_hist/maps/SPEI-03/SPEI-03_NDJ_1995-2014_max.tif (mean=1.2491250724754)
OK: /home/jovyan/common_data/nex-gddp-cimp6_hazards/Data/chirts_chirps_hist/maps/SPEI-03/SPEI-03_NDJ_1995-2014_sd.tif (mean=0.65511340196741)
OK: /home/jovyan/common_data/nex-gddp-cimp6_hazards/Data/chirts_chirps_hist/maps/SPEI-03/SPEI-03_DJF_1995-2014_min.tif (mean=-1.4778365090859)
OK: /home/jovyan/common_data/nex-gddp-cimp6_hazards/Data/chirts_chirps_hist/maps/SPEI-03/SPEI-03_DJF_1995-2014_mean.tif (mean=0.022691568551249)
OK: /home/jovyan/common_data/nex-gddp-cimp6_hazards/Data/chirts_chirps_hist/maps/SPEI-03/SPEI-03_DJF_1995-2014_max.tif (mean=1.5971764799399)
OK: /home/jovyan/common_data/nex-gddp-cimp6_hazards/Data/chirts_chirps_hist/maps/SPEI-03/SPEI-03_annual_1991-2020_mean.tif (mean=0.0070528749481969)
OK: /home/jovyan/common_data/nex-gddp-cimp6_hazards/Data/chirts_chirps_hist/maps/SPEI-03/SPEI-03_annual_1991-2020_min.tif (mean=-1.0748426345798)
OK: /home/jovyan/common_data/nex-gddp-cimp6_hazards/Data/chirts_chirps_hist/maps/SPEI-03/SPEI-03_DJF_1995-2014_sd.tif (mean=0.8308136619358)
OK: /home/jovyan/common_data/nex-gddp-cimp6_hazards/Data/chirts_chirps_hist/maps/SPEI-03/SPEI-03_annual_1991-2020_max.tif (mean=1.0485024104902)
OK: /home/jovyan/common_data/nex-gddp-cimp6_hazards/Data/chirts_chirps_hist/maps/SPEI-03/SPEI-03_annual_1991-2020_sd.tif (mean=0.51942219662312)
OK: /home/jovyan/common_data/nex-gddp-cimp6_hazards/Data/chirts_chirps_hist/maps/SPEI-03/SPEI-03_JFM_1991-2020_min.tif (mean=-1.6902532801168)
OK: /home/jovyan/common_data/nex-gddp-cimp6_hazards/Data/chirts_chirps_hist/maps/SPEI-03/SPEI-03_JFM_1991-2020_mean.tif (mean=0.0061067316012076)
OK: /home/jovyan/common_data/nex-gddp-cimp6_hazards/Data/chirts_chirps_hist/maps/SPEI-03/SPEI-03_JFM_1991-2020_max.tif (mean=1.726822286085)
OK: /home/jovyan/common_data/nex-gddp-cimp6_hazards/Data/chirts_chirps_hist/maps/SPEI-03/SPEI-03_JFM_1991-2020_sd.tif (mean=0.86200902527423)
OK: /home/jovyan/common_data/nex-gddp-cimp6_hazards/Data/chirts_chirps_hist/maps/SPEI-03/SPEI-03_FMA_1991-2020_min.tif (mean=-1.7043869793177)
OK: /home/jovyan/common_data/nex-gddp-cimp6_hazards/Data/chirts_chirps_hist/maps/SPEI-03/SPEI-03_FMA_1991-2020_mean.tif (mean=0.004994900237581)
OK: /home/jovyan/common_data/nex-gddp-cimp6_hazards/Data/chirts_chirps_hist/maps/SPEI-03/SPEI-03_FMA_1991-2020_max.tif (mean=1.7192698267227)
OK: /home/jovyan/common_data/nex-gddp-cimp6_hazards/Data/chirts_chirps_hist/maps/SPEI-03/SPEI-03_FMA_1991-2020_sd.tif (mean=0.85651564406553)
OK: /home/jovyan/common_data/nex-gddp-cimp6_hazards/Data/chirts_chirps_hist/maps/SPEI-03/SPEI-03_MAM_1991-2020_mean.tif (mean=0.0048350154160247)
OK: /home/jovyan/common_data/nex-gddp-cimp6_hazards/Data/chirts_chirps_hist/maps/SPEI-03/SPEI-03_MAM_1991-2020_min.tif (mean=-1.6953232470027)
OK: /home/jovyan/common_data/nex-gddp-cimp6_hazards/Data/chirts_chirps_hist/maps/SPEI-03/SPEI-03_MAM_1991-2020_max.tif (mean=1.7521245266593)
OK: /home/jovyan/common_data/nex-gddp-cimp6_hazards/Data/chirts_chirps_hist/maps/SPEI-03/SPEI-03_AMJ_1991-2020_min.tif (mean=-1.6818727714499)
OK: /home/jovyan/common_data/nex-gddp-cimp6_hazards/Data/chirts_chirps_hist/maps/SPEI-03/SPEI-03_AMJ_1991-2020_mean.tif (mean=0.0054510334591177)
OK: /home/jovyan/common_data/nex-gddp-cimp6_hazards/Data/chirts_chirps_hist/maps/SPEI-03/SPEI-03_MAM_1991-2020_sd.tif (mean=0.86708634564861)
OK: /home/jovyan/common_data/nex-gddp-cimp6_hazards/Data/chirts_chirps_hist/maps/SPEI-03/SPEI-03_AMJ_1991-2020_max.tif (mean=1.7330698103015)
OK: /home/jovyan/common_data/nex-gddp-cimp6_hazards/Data/chirts_chirps_hist/maps/SPEI-03/SPEI-03_AMJ_1991-2020_sd.tif (mean=0.86471902207648)
OK: /home/jovyan/common_data/nex-gddp-cimp6_hazards/Data/chirts_chirps_hist/maps/SPEI-03/SPEI-03_MJJ_1991-2020_min.tif (mean=-1.6408670074519)
OK: /home/jovyan/common_data/nex-gddp-cimp6_hazards/Data/chirts_chirps_hist/maps/SPEI-03/SPEI-03_MJJ_1991-2020_mean.tif (mean=0.0062313668331783)
OK: /home/jovyan/common_data/nex-gddp-cimp6_hazards/Data/chirts_chirps_hist/maps/SPEI-03/SPEI-03_MJJ_1991-2020_max.tif (mean=1.6968462759433)
OK: /home/jovyan/common_data/nex-gddp-cimp6_hazards/Data/chirts_chirps_hist/maps/SPEI-03/SPEI-03_MJJ_1991-2020_sd.tif (mean=0.84087957932542)
OK: /home/jovyan/common_data/nex-gddp-cimp6_hazards/Data/chirts_chirps_hist/maps/SPEI-03/SPEI-03_JJA_1991-2020_min.tif (mean=-1.5767611361002)
OK: /home/jovyan/common_data/nex-gddp-cimp6_hazards/Data/chirts_chirps_hist/maps/SPEI-03/SPEI-03_JJA_1991-2020_mean.tif (mean=0.0062022564245277)
OK: /home/jovyan/common_data/nex-gddp-cimp6_hazards/Data/chirts_chirps_hist/maps/SPEI-03/SPEI-03_JJA_1991-2020_max.tif (mean=1.6542462913858)
OK: /home/jovyan/common_data/nex-gddp-cimp6_hazards/Data/chirts_chirps_hist/maps/SPEI-03/SPEI-03_JJA_1991-2020_sd.tif (mean=0.81792073654838)
OK: /home/jovyan/common_data/nex-gddp-cimp6_hazards/Data/chirts_chirps_hist/maps/SPEI-03/SPEI-03_JAS_1991-2020_min.tif (mean=-1.6659446444321)
OK: /home/jovyan/common_data/nex-gddp-cimp6_hazards/Data/chirts_chirps_hist/maps/SPEI-03/SPEI-03_JAS_1991-2020_mean.tif (mean=0.006581293180441)
OK: /home/jovyan/common_data/nex-gddp-cimp6_hazards/Data/chirts_chirps_hist/maps/SPEI-03/SPEI-03_JAS_1991-2020_max.tif (mean=1.6796196320446)
OK: /home/jovyan/common_data/nex-gddp-cimp6_hazards/Data/chirts_chirps_hist/maps/SPEI-03/SPEI-03_ASO_1991-2020_mean.tif (mean=0.0074686579279851)
OK: /home/jovyan/common_data/nex-gddp-cimp6_hazards/Data/chirts_chirps_hist/maps/SPEI-03/SPEI-03_ASO_1991-2020_min.tif (mean=-1.6821198027143)
OK: /home/jovyan/common_data/nex-gddp-cimp6_hazards/Data/chirts_chirps_hist/maps/SPEI-03/SPEI-03_JAS_1991-2020_sd.tif (mean=0.83703768802957)
OK: /home/jovyan/common_data/nex-gddp-cimp6_hazards/Data/chirts_chirps_hist/maps/SPEI-03/SPEI-03_ASO_1991-2020_max.tif (mean=1.6801336167752)
OK: /home/jovyan/common_data/nex-gddp-cimp6_hazards/Data/chirts_chirps_hist/maps/SPEI-03/SPEI-03_ASO_1991-2020_sd.tif (mean=0.84861113836517)
OK: /home/jovyan/common_data/nex-gddp-cimp6_hazards/Data/chirts_chirps_hist/maps/SPEI-03/SPEI-03_SON_1991-2020_min.tif (mean=-1.6290039834775)
OK: /home/jovyan/common_data/nex-gddp-cimp6_hazards/Data/chirts_chirps_hist/maps/SPEI-03/SPEI-03_SON_1991-2020_mean.tif (mean=0.0088354973845582)
OK: /home/jovyan/common_data/nex-gddp-cimp6_hazards/Data/chirts_chirps_hist/maps/SPEI-03/SPEI-03_SON_1991-2020_max.tif (mean=1.6999338392686)
OK: /home/jovyan/common_data/nex-gddp-cimp6_hazards/Data/chirts_chirps_hist/maps/SPEI-03/SPEI-03_OND_1991-2020_min.tif (mean=-1.6411580692668)
OK: /home/jovyan/common_data/nex-gddp-cimp6_hazards/Data/chirts_chirps_hist/maps/SPEI-03/SPEI-03_OND_1991-2020_mean.tif (mean=0.0093944349163678)
OK: /home/jovyan/common_data/nex-gddp-cimp6_hazards/Data/chirts_chirps_hist/maps/SPEI-03/SPEI-03_SON_1991-2020_sd.tif (mean=0.83940795586683)
OK: /home/jovyan/common_data/nex-gddp-cimp6_hazards/Data/chirts_chirps_hist/maps/SPEI-03/SPEI-03_OND_1991-2020_max.tif (mean=1.7821107424503)
OK: /home/jovyan/common_data/nex-gddp-cimp6_hazards/Data/chirts_chirps_hist/maps/SPEI-03/SPEI-03_OND_1991-2020_sd.tif (mean=0.85093337042931)
OK: /home/jovyan/common_data/nex-gddp-cimp6_hazards/Data/chirts_chirps_hist/maps/SPEI-03/SPEI-03_NDJ_1991-2020_min.tif (mean=-1.3631340165499)
OK: /home/jovyan/common_data/nex-gddp-cimp6_hazards/Data/chirts_chirps_hist/maps/SPEI-03/SPEI-03_NDJ_1991-2020_mean.tif (mean=0.0065956323903401)
OK: /home/jovyan/common_data/nex-gddp-cimp6_hazards/Data/chirts_chirps_hist/maps/SPEI-03/SPEI-03_NDJ_1991-2020_max.tif (mean=1.379358953405)
OK: /home/jovyan/common_data/nex-gddp-cimp6_hazards/Data/chirts_chirps_hist/maps/SPEI-03/SPEI-03_NDJ_1991-2020_sd.tif (mean=0.68460135201443)
OK: /home/jovyan/common_data/nex-gddp-cimp6_hazards/Data/chirts_chirps_hist/maps/SPEI-03/SPEI-03_DJF_1991-2020_mean.tif (mean=0.0054655546518076)
OK: /home/jovyan/common_data/nex-gddp-cimp6_hazards/Data/chirts_chirps_hist/maps/SPEI-03/SPEI-03_DJF_1991-2020_min.tif (mean=-1.6286102619221)
OK: /home/jovyan/common_data/nex-gddp-cimp6_hazards/Data/chirts_chirps_hist/maps/SPEI-03/SPEI-03_DJF_1991-2020_max.tif (mean=1.7090950114994)
OK: /home/jovyan/common_data/nex-gddp-cimp6_hazards/Data/chirts_chirps_hist/maps/SPEI-03/SPEI-03_DJF_1991-2020_sd.tif (mean=0.84878357489465)
OK: /home/jovyan/common_data/nex-gddp-cimp6_hazards/Data/chirts_chirps_hist/maps/SPEI-03/SPEI-03_annual_full_mean.tif (mean=0.018778001568057)
OK: /home/jovyan/common_data/nex-gddp-cimp6_hazards/Data/chirts_chirps_hist/maps/SPEI-03/SPEI-03_annual_full_max.tif (mean=1.2065888075486)
OK: /home/jovyan/common_data/nex-gddp-cimp6_hazards/Data/chirts_chirps_hist/maps/SPEI-03/SPEI-03_annual_full_min.tif (mean=-1.2625597396401)
OK: /home/jovyan/common_data/nex-gddp-cimp6_hazards/Data/chirts_chirps_hist/maps/SPEI-03/SPEI-03_annual_full_sd.tif (mean=0.55745363451299)
OK: /home/jovyan/common_data/nex-gddp-cimp6_hazards/Data/chirts_chirps_hist/maps/SPEI-03/SPEI-03_JFM_full_mean.tif (mean=0.012107486486098)
OK: /home/jovyan/common_data/nex-gddp-cimp6_hazards/Data/chirts_chirps_hist/maps/SPEI-03/SPEI-03_JFM_full_min.tif (mean=-1.8236048615088)
OK: /home/jovyan/common_data/nex-gddp-cimp6_hazards/Data/chirts_chirps_hist/maps/SPEI-03/SPEI-03_JFM_full_max.tif (mean=1.9424932326802)
OK: /home/jovyan/common_data/nex-gddp-cimp6_hazards/Data/chirts_chirps_hist/maps/SPEI-03/SPEI-03_JFM_full_sd.tif (mean=0.88838037057686)
OK: /home/jovyan/common_data/nex-gddp-cimp6_hazards/Data/chirts_chirps_hist/maps/SPEI-03/SPEI-03_FMA_full_mean.tif (mean=0.02595226275443)
OK: /home/jovyan/common_data/nex-gddp-cimp6_hazards/Data/chirts_chirps_hist/maps/SPEI-03/SPEI-03_FMA_full_min.tif (mean=-1.8265321215227)
OK: /home/jovyan/common_data/nex-gddp-cimp6_hazards/Data/chirts_chirps_hist/maps/SPEI-03/SPEI-03_FMA_full_max.tif (mean=1.9279477889978)
OK: /home/jovyan/common_data/nex-gddp-cimp6_hazards/Data/chirts_chirps_hist/maps/SPEI-03/SPEI-03_MAM_full_mean.tif (mean=0.034398821728693)
OK: /home/jovyan/common_data/nex-gddp-cimp6_hazards/Data/chirts_chirps_hist/maps/SPEI-03/SPEI-03_FMA_full_sd.tif (mean=0.88412657770132)
OK: /home/jovyan/common_data/nex-gddp-cimp6_hazards/Data/chirts_chirps_hist/maps/SPEI-03/SPEI-03_MAM_full_min.tif (mean=-1.8412619227373)
OK: /home/jovyan/common_data/nex-gddp-cimp6_hazards/Data/chirts_chirps_hist/maps/SPEI-03/SPEI-03_MAM_full_max.tif (mean=1.9833263164419)
OK: /home/jovyan/common_data/nex-gddp-cimp6_hazards/Data/chirts_chirps_hist/maps/SPEI-03/SPEI-03_MAM_full_sd.tif (mean=0.9013373781141)
OK: /home/jovyan/common_data/nex-gddp-cimp6_hazards/Data/chirts_chirps_hist/maps/SPEI-03/SPEI-03_AMJ_full_mean.tif (mean=0.02372079327634)
OK: /home/jovyan/common_data/nex-gddp-cimp6_hazards/Data/chirts_chirps_hist/maps/SPEI-03/SPEI-03_AMJ_full_max.tif (mean=1.9435603516944)
OK: /home/jovyan/common_data/nex-gddp-cimp6_hazards/Data/chirts_chirps_hist/maps/SPEI-03/SPEI-03_AMJ_full_min.tif (mean=-1.8565489327964)
OK: /home/jovyan/common_data/nex-gddp-cimp6_hazards/Data/chirts_chirps_hist/maps/SPEI-03/SPEI-03_AMJ_full_sd.tif (mean=0.89986283933357)
OK: /home/jovyan/common_data/nex-gddp-cimp6_hazards/Data/chirts_chirps_hist/maps/SPEI-03/SPEI-03_MJJ_full_min.tif (mean=-1.8673617070579)
OK: /home/jovyan/common_data/nex-gddp-cimp6_hazards/Data/chirts_chirps_hist/maps/SPEI-03/SPEI-03_MJJ_full_mean.tif (mean=0.020949991095141)
OK: /home/jovyan/common_data/nex-gddp-cimp6_hazards/Data/chirts_chirps_hist/maps/SPEI-03/SPEI-03_MJJ_full_max.tif (mean=1.9182932436129)
OK: /home/jovyan/common_data/nex-gddp-cimp6_hazards/Data/chirts_chirps_hist/maps/SPEI-03/SPEI-03_MJJ_full_sd.tif (mean=0.8838945394839)
OK: /home/jovyan/common_data/nex-gddp-cimp6_hazards/Data/chirts_chirps_hist/maps/SPEI-03/SPEI-03_JJA_full_mean.tif (mean=0.022629200767925)
OK: /home/jovyan/common_data/nex-gddp-cimp6_hazards/Data/chirts_chirps_hist/maps/SPEI-03/SPEI-03_JJA_full_min.tif (mean=-1.8507889099955)
OK: /home/jovyan/common_data/nex-gddp-cimp6_hazards/Data/chirts_chirps_hist/maps/SPEI-03/SPEI-03_JJA_full_max.tif (mean=1.8537628620574)
OK: /home/jovyan/common_data/nex-gddp-cimp6_hazards/Data/chirts_chirps_hist/maps/SPEI-03/SPEI-03_JJA_full_sd.tif (mean=0.86522686459277)
OK: /home/jovyan/common_data/nex-gddp-cimp6_hazards/Data/chirts_chirps_hist/maps/SPEI-03/SPEI-03_JAS_full_min.tif (mean=-1.9812491652081)
OK: /home/jovyan/common_data/nex-gddp-cimp6_hazards/Data/chirts_chirps_hist/maps/SPEI-03/SPEI-03_JAS_full_mean.tif (mean=0.031798682582901)
OK: /home/jovyan/common_data/nex-gddp-cimp6_hazards/Data/chirts_chirps_hist/maps/SPEI-03/SPEI-03_JAS_full_max.tif (mean=1.9372339965056)
OK: /home/jovyan/common_data/nex-gddp-cimp6_hazards/Data/chirts_chirps_hist/maps/SPEI-03/SPEI-03_JAS_full_sd.tif (mean=0.9016850082804)
OK: /home/jovyan/common_data/nex-gddp-cimp6_hazards/Data/chirts_chirps_hist/maps/SPEI-03/SPEI-03_ASO_full_mean.tif (mean=0.032831484313475)
OK: /home/jovyan/common_data/nex-gddp-cimp6_hazards/Data/chirts_chirps_hist/maps/SPEI-03/SPEI-03_ASO_full_min.tif (mean=-1.9995708833818)
OK: /home/jovyan/common_data/nex-gddp-cimp6_hazards/Data/chirts_chirps_hist/maps/SPEI-03/SPEI-03_ASO_full_max.tif (mean=2.0087447225208)
OK: /home/jovyan/common_data/nex-gddp-cimp6_hazards/Data/chirts_chirps_hist/maps/SPEI-03/SPEI-03_SON_full_mean.tif (mean=0.03554954760372)
OK: /home/jovyan/common_data/nex-gddp-cimp6_hazards/Data/chirts_chirps_hist/maps/SPEI-03/SPEI-03_ASO_full_sd.tif (mean=0.9242382870782)
OK: /home/jovyan/common_data/nex-gddp-cimp6_hazards/Data/chirts_chirps_hist/maps/SPEI-03/SPEI-03_SON_full_min.tif (mean=-1.8742461910854)
OK: /home/jovyan/common_data/nex-gddp-cimp6_hazards/Data/chirts_chirps_hist/maps/SPEI-03/SPEI-03_SON_full_max.tif (mean=2.0317753385743)
OK: /home/jovyan/common_data/nex-gddp-cimp6_hazards/Data/chirts_chirps_hist/maps/SPEI-03/SPEI-03_SON_full_sd.tif (mean=0.90222526553726)
OK: /home/jovyan/common_data/nex-gddp-cimp6_hazards/Data/chirts_chirps_hist/maps/SPEI-03/SPEI-03_OND_full_mean.tif (mean=0.022858433611973)
OK: /home/jovyan/common_data/nex-gddp-cimp6_hazards/Data/chirts_chirps_hist/maps/SPEI-03/SPEI-03_OND_full_min.tif (mean=-1.846324892728)
OK: /home/jovyan/common_data/nex-gddp-cimp6_hazards/Data/chirts_chirps_hist/maps/SPEI-03/SPEI-03_OND_full_max.tif (mean=2.0106832957502)
OK: /home/jovyan/common_data/nex-gddp-cimp6_hazards/Data/chirts_chirps_hist/maps/SPEI-03/SPEI-03_OND_full_sd.tif (mean=0.89593471172656)
OK: /home/jovyan/common_data/nex-gddp-cimp6_hazards/Data/chirts_chirps_hist/maps/SPEI-03/SPEI-03_NDJ_full_mean.tif (mean=0.012083874494082)
OK: /home/jovyan/common_data/nex-gddp-cimp6_hazards/Data/chirts_chirps_hist/maps/SPEI-03/SPEI-03_NDJ_full_min.tif (mean=-1.531103626988)
OK: /home/jovyan/common_data/nex-gddp-cimp6_hazards/Data/chirts_chirps_hist/maps/SPEI-03/SPEI-03_NDJ_full_max.tif (mean=1.5540918364288)
OK: /home/jovyan/common_data/nex-gddp-cimp6_hazards/Data/chirts_chirps_hist/maps/SPEI-03/SPEI-03_DJF_full_mean.tif (mean=0.00082479501306355)
OK: /home/jovyan/common_data/nex-gddp-cimp6_hazards/Data/chirts_chirps_hist/maps/SPEI-03/SPEI-03_NDJ_full_sd.tif (mean=0.72046167844464)
OK: /home/jovyan/common_data/nex-gddp-cimp6_hazards/Data/chirts_chirps_hist/maps/SPEI-03/SPEI-03_DJF_full_min.tif (mean=-1.8041679527294)
OK: /home/jovyan/common_data/nex-gddp-cimp6_hazards/Data/chirts_chirps_hist/maps/SPEI-03/SPEI-03_DJF_full_max.tif (mean=1.8884700233544)
OK: /home/jovyan/common_data/nex-gddp-cimp6_hazards/Data/chirts_chirps_hist/maps/SPEI-03/SPEI-03_DJF_full_sd.tif (mean=0.87411176923427)
OK: /home/jovyan/common_data/nex-gddp-cimp6_hazards/Data/chirts_chirps_hist/maps/SPEI-06/SPEI-06_annual_1995-2014_mean.tif (mean=-0.0054327639406315)
OK: /home/jovyan/common_data/nex-gddp-cimp6_hazards/Data/chirts_chirps_hist/maps/SPEI-06/SPEI-06_annual_1995-2014_min.tif (mean=-1.2045810294178)
OK: /home/jovyan/common_data/nex-gddp-cimp6_hazards/Data/chirts_chirps_hist/maps/SPEI-06/SPEI-06_annual_1995-2014_max.tif (mean=1.1391870768541)
OK: /home/jovyan/common_data/nex-gddp-cimp6_hazards/Data/chirts_chirps_hist/maps/SPEI-06/SPEI-06_JFM_1995-2014_mean.tif (mean=0.045449666374088)
OK: /home/jovyan/common_data/nex-gddp-cimp6_hazards/Data/chirts_chirps_hist/maps/SPEI-06/SPEI-06_JFM_1995-2014_min.tif (mean=-1.5729999853576)
OK: /home/jovyan/common_data/nex-gddp-cimp6_hazards/Data/chirts_chirps_hist/maps/SPEI-06/SPEI-06_annual_1995-2014_sd.tif (mean=0.62771208766729)
OK: /home/jovyan/common_data/nex-gddp-cimp6_hazards/Data/chirts_chirps_hist/maps/SPEI-06/SPEI-06_JFM_1995-2014_max.tif (mean=1.7724484908355)
OK: /home/jovyan/common_data/nex-gddp-cimp6_hazards/Data/chirts_chirps_hist/maps/SPEI-06/SPEI-06_JFM_1995-2014_sd.tif (mean=0.9032252228352)
OK: /home/jovyan/common_data/nex-gddp-cimp6_hazards/Data/chirts_chirps_hist/maps/SPEI-06/SPEI-06_FMA_1995-2014_min.tif (mean=-1.6207701187438)
OK: /home/jovyan/common_data/nex-gddp-cimp6_hazards/Data/chirts_chirps_hist/maps/SPEI-06/SPEI-06_FMA_1995-2014_mean.tif (mean=0.027603605571541)
OK: /home/jovyan/common_data/nex-gddp-cimp6_hazards/Data/chirts_chirps_hist/maps/SPEI-06/SPEI-06_FMA_1995-2014_max.tif (mean=1.7099742358557)
OK: /home/jovyan/common_data/nex-gddp-cimp6_hazards/Data/chirts_chirps_hist/maps/SPEI-06/SPEI-06_MAM_1995-2014_mean.tif (mean=0.0046324125751174)
OK: /home/jovyan/common_data/nex-gddp-cimp6_hazards/Data/chirts_chirps_hist/maps/SPEI-06/SPEI-06_FMA_1995-2014_sd.tif (mean=0.8988460215424)
OK: /home/jovyan/common_data/nex-gddp-cimp6_hazards/Data/chirts_chirps_hist/maps/SPEI-06/SPEI-06_MAM_1995-2014_min.tif (mean=-1.6665073606027)
OK: /home/jovyan/common_data/nex-gddp-cimp6_hazards/Data/chirts_chirps_hist/maps/SPEI-06/SPEI-06_MAM_1995-2014_max.tif (mean=1.645928605707)
OK: /home/jovyan/common_data/nex-gddp-cimp6_hazards/Data/chirts_chirps_hist/maps/SPEI-06/SPEI-06_MAM_1995-2014_sd.tif (mean=0.89575695307208)
OK: /home/jovyan/common_data/nex-gddp-cimp6_hazards/Data/chirts_chirps_hist/maps/SPEI-06/SPEI-06_AMJ_1995-2014_mean.tif (mean=-0.010243323395897)
OK: /home/jovyan/common_data/nex-gddp-cimp6_hazards/Data/chirts_chirps_hist/maps/SPEI-06/SPEI-06_AMJ_1995-2014_min.tif (mean=-1.683803349717)
OK: /home/jovyan/common_data/nex-gddp-cimp6_hazards/Data/chirts_chirps_hist/maps/SPEI-06/SPEI-06_AMJ_1995-2014_max.tif (mean=1.6284427631452)
OK: /home/jovyan/common_data/nex-gddp-cimp6_hazards/Data/chirts_chirps_hist/maps/SPEI-06/SPEI-06_MJJ_1995-2014_mean.tif (mean=-0.025418039052977)
OK: /home/jovyan/common_data/nex-gddp-cimp6_hazards/Data/chirts_chirps_hist/maps/SPEI-06/SPEI-06_AMJ_1995-2014_sd.tif (mean=0.89823339525974)
OK: /home/jovyan/common_data/nex-gddp-cimp6_hazards/Data/chirts_chirps_hist/maps/SPEI-06/SPEI-06_MJJ_1995-2014_min.tif (mean=-1.665983300183)
OK: /home/jovyan/common_data/nex-gddp-cimp6_hazards/Data/chirts_chirps_hist/maps/SPEI-06/SPEI-06_MJJ_1995-2014_max.tif (mean=1.6047362203753)
OK: /home/jovyan/common_data/nex-gddp-cimp6_hazards/Data/chirts_chirps_hist/maps/SPEI-06/SPEI-06_MJJ_1995-2014_sd.tif (mean=0.89403722710744)
OK: /home/jovyan/common_data/nex-gddp-cimp6_hazards/Data/chirts_chirps_hist/maps/SPEI-06/SPEI-06_JJA_1995-2014_min.tif (mean=-1.6365278570192)
OK: /home/jovyan/common_data/nex-gddp-cimp6_hazards/Data/chirts_chirps_hist/maps/SPEI-06/SPEI-06_JJA_1995-2014_mean.tif (mean=-0.033279811397919)
OK: /home/jovyan/common_data/nex-gddp-cimp6_hazards/Data/chirts_chirps_hist/maps/SPEI-06/SPEI-06_JJA_1995-2014_max.tif (mean=1.596033260236)
OK: /home/jovyan/common_data/nex-gddp-cimp6_hazards/Data/chirts_chirps_hist/maps/SPEI-06/SPEI-06_JAS_1995-2014_mean.tif (mean=-0.041472818038799)
OK: /home/jovyan/common_data/nex-gddp-cimp6_hazards/Data/chirts_chirps_hist/maps/SPEI-06/SPEI-06_JJA_1995-2014_sd.tif (mean=0.89185520701253)
OK: /home/jovyan/common_data/nex-gddp-cimp6_hazards/Data/chirts_chirps_hist/maps/SPEI-06/SPEI-06_JAS_1995-2014_sd.tif (mean=0.88850949590184)
OK: /home/jovyan/common_data/nex-gddp-cimp6_hazards/Data/chirts_chirps_hist/maps/SPEI-06/SPEI-06_JAS_1995-2014_min.tif (mean=-1.6174788873481)
OK: /home/jovyan/common_data/nex-gddp-cimp6_hazards/Data/chirts_chirps_hist/maps/SPEI-06/SPEI-06_JAS_1995-2014_max.tif (mean=1.5840201976516)
OK: /home/jovyan/common_data/nex-gddp-cimp6_hazards/Data/chirts_chirps_hist/maps/SPEI-06/SPEI-06_ASO_1995-2014_mean.tif (mean=-0.037548115385327)
OK: /home/jovyan/common_data/nex-gddp-cimp6_hazards/Data/chirts_chirps_hist/maps/SPEI-06/SPEI-06_ASO_1995-2014_min.tif (mean=-1.5787513756473)
OK: /home/jovyan/common_data/nex-gddp-cimp6_hazards/Data/chirts_chirps_hist/maps/SPEI-06/SPEI-06_ASO_1995-2014_max.tif (mean=1.5524635618146)
OK: /home/jovyan/common_data/nex-gddp-cimp6_hazards/Data/chirts_chirps_hist/maps/SPEI-06/SPEI-06_SON_1995-2014_mean.tif (mean=-0.026290632864415)
OK: /home/jovyan/common_data/nex-gddp-cimp6_hazards/Data/chirts_chirps_hist/maps/SPEI-06/SPEI-06_SON_1995-2014_min.tif (mean=-1.5637665236478)
OK: /home/jovyan/common_data/nex-gddp-cimp6_hazards/Data/chirts_chirps_hist/maps/SPEI-06/SPEI-06_SON_1995-2014_sd.tif (mean=0.85235344889623)
OK: /home/jovyan/common_data/nex-gddp-cimp6_hazards/Data/chirts_chirps_hist/maps/SPEI-06/SPEI-06_SON_1995-2014_max.tif (mean=1.5694872248973)
OK: /home/jovyan/common_data/nex-gddp-cimp6_hazards/Data/chirts_chirps_hist/maps/SPEI-06/SPEI-06_ASO_1995-2014_sd.tif (mean=0.8621479713319)
OK: /home/jovyan/common_data/nex-gddp-cimp6_hazards/Data/chirts_chirps_hist/maps/SPEI-06/SPEI-06_OND_1995-2014_mean.tif (mean=-0.015893006653693)
OK: /home/jovyan/common_data/nex-gddp-cimp6_hazards/Data/chirts_chirps_hist/maps/SPEI-06/SPEI-06_OND_1995-2014_min.tif (mean=-1.5733225238559)
OK: /home/jovyan/common_data/nex-gddp-cimp6_hazards/Data/chirts_chirps_hist/maps/SPEI-06/SPEI-06_OND_1995-2014_max.tif (mean=1.6349630416887)
OK: /home/jovyan/common_data/nex-gddp-cimp6_hazards/Data/chirts_chirps_hist/maps/SPEI-06/SPEI-06_OND_1995-2014_sd.tif (mean=0.86700945009247)
OK: /home/jovyan/common_data/nex-gddp-cimp6_hazards/Data/chirts_chirps_hist/maps/SPEI-06/SPEI-06_NDJ_1995-2014_max.tif (mean=1.3050264410293)
OK: /home/jovyan/common_data/nex-gddp-cimp6_hazards/Data/chirts_chirps_hist/maps/SPEI-06/SPEI-06_NDJ_1995-2014_mean.tif (mean=0.028701150279359)
OK: /home/jovyan/common_data/nex-gddp-cimp6_hazards/Data/chirts_chirps_hist/maps/SPEI-06/SPEI-06_NDJ_1995-2014_min.tif (mean=-1.2203535228207)
OK: /home/jovyan/common_data/nex-gddp-cimp6_hazards/Data/chirts_chirps_hist/maps/SPEI-06/SPEI-06_NDJ_1995-2014_sd.tif (mean=0.68206400239233)
OK: /home/jovyan/common_data/nex-gddp-cimp6_hazards/Data/chirts_chirps_hist/maps/SPEI-06/SPEI-06_DJF_1995-2014_mean.tif (mean=0.048364708282213)
OK: /home/jovyan/common_data/nex-gddp-cimp6_hazards/Data/chirts_chirps_hist/maps/SPEI-06/SPEI-06_DJF_1995-2014_min.tif (mean=-1.5819527790895)
OK: /home/jovyan/common_data/nex-gddp-cimp6_hazards/Data/chirts_chirps_hist/maps/SPEI-06/SPEI-06_DJF_1995-2014_max.tif (mean=1.7749186247836)
OK: /home/jovyan/common_data/nex-gddp-cimp6_hazards/Data/chirts_chirps_hist/maps/SPEI-06/SPEI-06_annual_1991-2020_mean.tif (mean=0.0060516609452804)
OK: /home/jovyan/common_data/nex-gddp-cimp6_hazards/Data/chirts_chirps_hist/maps/SPEI-06/SPEI-06_DJF_1995-2014_sd.tif (mean=0.90355935679361)
OK: /home/jovyan/common_data/nex-gddp-cimp6_hazards/Data/chirts_chirps_hist/maps/SPEI-06/SPEI-06_annual_1991-2020_max.tif (mean=1.3233552252139)
OK: /home/jovyan/common_data/nex-gddp-cimp6_hazards/Data/chirts_chirps_hist/maps/SPEI-06/SPEI-06_annual_1991-2020_min.tif (mean=-1.3305749055907)
OK: /home/jovyan/common_data/nex-gddp-cimp6_hazards/Data/chirts_chirps_hist/maps/SPEI-06/SPEI-06_annual_1991-2020_sd.tif (mean=0.65762561173129)
OK: /home/jovyan/common_data/nex-gddp-cimp6_hazards/Data/chirts_chirps_hist/maps/SPEI-06/SPEI-06_JFM_1991-2020_min.tif (mean=-1.7637794418103)
OK: /home/jovyan/common_data/nex-gddp-cimp6_hazards/Data/chirts_chirps_hist/maps/SPEI-06/SPEI-06_JFM_1991-2020_mean.tif (mean=0.0071336125513711)
OK: /home/jovyan/common_data/nex-gddp-cimp6_hazards/Data/chirts_chirps_hist/maps/SPEI-06/SPEI-06_JFM_1991-2020_max.tif (mean=1.8986204232787)
OK: /home/jovyan/common_data/nex-gddp-cimp6_hazards/Data/chirts_chirps_hist/maps/SPEI-06/SPEI-06_FMA_1991-2020_mean.tif (mean=0.0060192016326787)
OK: /home/jovyan/common_data/nex-gddp-cimp6_hazards/Data/chirts_chirps_hist/maps/SPEI-06/SPEI-06_JFM_1991-2020_sd.tif (mean=0.92022470094663)
OK: /home/jovyan/common_data/nex-gddp-cimp6_hazards/Data/chirts_chirps_hist/maps/SPEI-06/SPEI-06_FMA_1991-2020_max.tif (mean=1.8549910409989)
OK: /home/jovyan/common_data/nex-gddp-cimp6_hazards/Data/chirts_chirps_hist/maps/SPEI-06/SPEI-06_FMA_1991-2020_sd.tif (mean=0.91155232284198)
OK: /home/jovyan/common_data/nex-gddp-cimp6_hazards/Data/chirts_chirps_hist/maps/SPEI-06/SPEI-06_FMA_1991-2020_min.tif (mean=-1.7854870511334)
OK: /home/jovyan/common_data/nex-gddp-cimp6_hazards/Data/chirts_chirps_hist/maps/SPEI-06/SPEI-06_MAM_1991-2020_mean.tif (mean=0.0049807348689215)
OK: /home/jovyan/common_data/nex-gddp-cimp6_hazards/Data/chirts_chirps_hist/maps/SPEI-06/SPEI-06_MAM_1991-2020_min.tif (mean=-1.8240673572875)
OK: /home/jovyan/common_data/nex-gddp-cimp6_hazards/Data/chirts_chirps_hist/maps/SPEI-06/SPEI-06_MAM_1991-2020_max.tif (mean=1.872037847382)
OK: /home/jovyan/common_data/nex-gddp-cimp6_hazards/Data/chirts_chirps_hist/maps/SPEI-06/SPEI-06_AMJ_1991-2020_sd.tif (mean=0.93601689541567)
OK: /home/jovyan/common_data/nex-gddp-cimp6_hazards/Data/chirts_chirps_hist/maps/SPEI-06/SPEI-06_MAM_1991-2020_sd.tif (mean=0.92177312326285)
OK: /home/jovyan/common_data/nex-gddp-cimp6_hazards/Data/chirts_chirps_hist/maps/SPEI-06/SPEI-06_AMJ_1991-2020_min.tif (mean=-1.8386653468544)
OK: /home/jovyan/common_data/nex-gddp-cimp6_hazards/Data/chirts_chirps_hist/maps/SPEI-06/SPEI-06_AMJ_1991-2020_max.tif (mean=1.891659210617)
OK: /home/jovyan/common_data/nex-gddp-cimp6_hazards/Data/chirts_chirps_hist/maps/SPEI-06/SPEI-06_AMJ_1991-2020_mean.tif (mean=0.0041587076800212)
OK: /home/jovyan/common_data/nex-gddp-cimp6_hazards/Data/chirts_chirps_hist/maps/SPEI-06/SPEI-06_MJJ_1991-2020_min.tif (mean=-1.8154383680261)
OK: /home/jovyan/common_data/nex-gddp-cimp6_hazards/Data/chirts_chirps_hist/maps/SPEI-06/SPEI-06_MJJ_1991-2020_mean.tif (mean=0.0039202875909542)
OK: /home/jovyan/common_data/nex-gddp-cimp6_hazards/Data/chirts_chirps_hist/maps/SPEI-06/SPEI-06_MJJ_1991-2020_max.tif (mean=1.8641326506147)
OK: /home/jovyan/common_data/nex-gddp-cimp6_hazards/Data/chirts_chirps_hist/maps/SPEI-06/SPEI-06_JJA_1991-2020_sd.tif (mean=0.92257151044683)
OK: /home/jovyan/common_data/nex-gddp-cimp6_hazards/Data/chirts_chirps_hist/maps/SPEI-06/SPEI-06_JJA_1991-2020_mean.tif (mean=0.0040509803886502)
OK: /home/jovyan/common_data/nex-gddp-cimp6_hazards/Data/chirts_chirps_hist/maps/SPEI-06/SPEI-06_MJJ_1991-2020_sd.tif (mean=0.93453337660215)
OK: /home/jovyan/common_data/nex-gddp-cimp6_hazards/Data/chirts_chirps_hist/maps/SPEI-06/SPEI-06_JJA_1991-2020_min.tif (mean=-1.7749947170218)
OK: /home/jovyan/common_data/nex-gddp-cimp6_hazards/Data/chirts_chirps_hist/maps/SPEI-06/SPEI-06_JJA_1991-2020_max.tif (mean=1.8317668692963)
OK: /home/jovyan/common_data/nex-gddp-cimp6_hazards/Data/chirts_chirps_hist/maps/SPEI-06/SPEI-06_JAS_1991-2020_mean.tif (mean=0.0051935907608467)
OK: /home/jovyan/common_data/nex-gddp-cimp6_hazards/Data/chirts_chirps_hist/maps/SPEI-06/SPEI-06_JAS_1991-2020_min.tif (mean=-1.7498659832923)
OK: /home/jovyan/common_data/nex-gddp-cimp6_hazards/Data/chirts_chirps_hist/maps/SPEI-06/SPEI-06_JAS_1991-2020_max.tif (mean=1.812574256396)
OK: /home/jovyan/common_data/nex-gddp-cimp6_hazards/Data/chirts_chirps_hist/maps/SPEI-06/SPEI-06_JAS_1991-2020_sd.tif (mean=0.91364275891389)
OK: /home/jovyan/common_data/nex-gddp-cimp6_hazards/Data/chirts_chirps_hist/maps/SPEI-06/SPEI-06_ASO_1991-2020_mean.tif (mean=0.005963950855632)
OK: /home/jovyan/common_data/nex-gddp-cimp6_hazards/Data/chirts_chirps_hist/maps/SPEI-06/SPEI-06_ASO_1991-2020_max.tif (mean=1.7575129826777)
OK: /home/jovyan/common_data/nex-gddp-cimp6_hazards/Data/chirts_chirps_hist/maps/SPEI-06/SPEI-06_ASO_1991-2020_sd.tif (mean=0.888233998444)
OK: /home/jovyan/common_data/nex-gddp-cimp6_hazards/Data/chirts_chirps_hist/maps/SPEI-06/SPEI-06_ASO_1991-2020_min.tif (mean=-1.7109154837296)
OK: /home/jovyan/common_data/nex-gddp-cimp6_hazards/Data/chirts_chirps_hist/maps/SPEI-06/SPEI-06_SON_1991-2020_min.tif (mean=-1.7167798332101)
OK: /home/jovyan/common_data/nex-gddp-cimp6_hazards/Data/chirts_chirps_hist/maps/SPEI-06/SPEI-06_SON_1991-2020_mean.tif (mean=0.0067793286765525)
OK: /home/jovyan/common_data/nex-gddp-cimp6_hazards/Data/chirts_chirps_hist/maps/SPEI-06/SPEI-06_SON_1991-2020_max.tif (mean=1.7736240563202)
OK: /home/jovyan/common_data/nex-gddp-cimp6_hazards/Data/chirts_chirps_hist/maps/SPEI-06/SPEI-06_SON_1991-2020_sd.tif (mean=0.88879256571839)
OK: /home/jovyan/common_data/nex-gddp-cimp6_hazards/Data/chirts_chirps_hist/maps/SPEI-06/SPEI-06_OND_1991-2020_mean.tif (mean=0.0071546497353427)
OK: /home/jovyan/common_data/nex-gddp-cimp6_hazards/Data/chirts_chirps_hist/maps/SPEI-06/SPEI-06_OND_1991-2020_max.tif (mean=1.853263463607)
OK: /home/jovyan/common_data/nex-gddp-cimp6_hazards/Data/chirts_chirps_hist/maps/SPEI-06/SPEI-06_OND_1991-2020_sd.tif (mean=0.91642935571681)
OK: /home/jovyan/common_data/nex-gddp-cimp6_hazards/Data/chirts_chirps_hist/maps/SPEI-06/SPEI-06_OND_1991-2020_min.tif (mean=-1.7758052725189)
OK: /home/jovyan/common_data/nex-gddp-cimp6_hazards/Data/chirts_chirps_hist/maps/SPEI-06/SPEI-06_NDJ_1991-2020_mean.tif (mean=0.0028119538474222)
OK: /home/jovyan/common_data/nex-gddp-cimp6_hazards/Data/chirts_chirps_hist/maps/SPEI-06/SPEI-06_NDJ_1991-2020_min.tif (mean=-1.4366444482871)
OK: /home/jovyan/common_data/nex-gddp-cimp6_hazards/Data/chirts_chirps_hist/maps/SPEI-06/SPEI-06_NDJ_1991-2020_max.tif (mean=1.4473870302604)
OK: /home/jovyan/common_data/nex-gddp-cimp6_hazards/Data/chirts_chirps_hist/maps/SPEI-06/SPEI-06_NDJ_1991-2020_sd.tif (mean=0.72287738602921)
OK: /home/jovyan/common_data/nex-gddp-cimp6_hazards/Data/chirts_chirps_hist/maps/SPEI-06/SPEI-06_DJF_1991-2020_mean.tif (mean=0.0030362190622217)
OK: /home/jovyan/common_data/nex-gddp-cimp6_hazards/Data/chirts_chirps_hist/maps/SPEI-06/SPEI-06_DJF_1991-2020_min.tif (mean=-1.8028489453357)
OK: /home/jovyan/common_data/nex-gddp-cimp6_hazards/Data/chirts_chirps_hist/maps/SPEI-06/SPEI-06_DJF_1991-2020_sd.tif (mean=0.93209990191951)
OK: /home/jovyan/common_data/nex-gddp-cimp6_hazards/Data/chirts_chirps_hist/maps/SPEI-06/SPEI-06_annual_full_mean.tif (mean=0.01453281466259)
OK: /home/jovyan/common_data/nex-gddp-cimp6_hazards/Data/chirts_chirps_hist/maps/SPEI-06/SPEI-06_DJF_1991-2020_max.tif (mean=1.8955981251353)
OK: /home/jovyan/common_data/nex-gddp-cimp6_hazards/Data/chirts_chirps_hist/maps/SPEI-06/SPEI-06_annual_full_min.tif (mean=-1.5517275625183)
OK: /home/jovyan/common_data/nex-gddp-cimp6_hazards/Data/chirts_chirps_hist/maps/SPEI-06/SPEI-06_annual_full_max.tif (mean=1.4882697612438)
OK: /home/jovyan/common_data/nex-gddp-cimp6_hazards/Data/chirts_chirps_hist/maps/SPEI-06/SPEI-06_annual_full_sd.tif (mean=0.70117840186746)
OK: /home/jovyan/common_data/nex-gddp-cimp6_hazards/Data/chirts_chirps_hist/maps/SPEI-06/SPEI-06_JFM_full_mean.tif (mean=0.016317362117841)
OK: /home/jovyan/common_data/nex-gddp-cimp6_hazards/Data/chirts_chirps_hist/maps/SPEI-06/SPEI-06_JFM_full_min.tif (mean=-1.9442922864982)
OK: /home/jovyan/common_data/nex-gddp-cimp6_hazards/Data/chirts_chirps_hist/maps/SPEI-06/SPEI-06_JFM_full_sd.tif (mean=0.94845186714035)
OK: /home/jovyan/common_data/nex-gddp-cimp6_hazards/Data/chirts_chirps_hist/maps/SPEI-06/SPEI-06_FMA_full_min.tif (mean=-1.9426946545203)
OK: /home/jovyan/common_data/nex-gddp-cimp6_hazards/Data/chirts_chirps_hist/maps/SPEI-06/SPEI-06_FMA_full_mean.tif (mean=0.020314277169931)
OK: /home/jovyan/common_data/nex-gddp-cimp6_hazards/Data/chirts_chirps_hist/maps/SPEI-06/SPEI-06_JFM_full_max.tif (mean=2.0747076238244)
OK: /home/jovyan/common_data/nex-gddp-cimp6_hazards/Data/chirts_chirps_hist/maps/SPEI-06/SPEI-06_FMA_full_max.tif (mean=2.0336945870383)
OK: /home/jovyan/common_data/nex-gddp-cimp6_hazards/Data/chirts_chirps_hist/maps/SPEI-06/SPEI-06_FMA_full_sd.tif (mean=0.93945240384274)
OK: /home/jovyan/common_data/nex-gddp-cimp6_hazards/Data/chirts_chirps_hist/maps/SPEI-06/SPEI-06_MAM_full_mean.tif (mean=0.011389208949488)
OK: /home/jovyan/common_data/nex-gddp-cimp6_hazards/Data/chirts_chirps_hist/maps/SPEI-06/SPEI-06_MAM_full_min.tif (mean=-1.9775908112925)
OK: /home/jovyan/common_data/nex-gddp-cimp6_hazards/Data/chirts_chirps_hist/maps/SPEI-06/SPEI-06_MAM_full_sd.tif (mean=0.95466537529679)
OK: /home/jovyan/common_data/nex-gddp-cimp6_hazards/Data/chirts_chirps_hist/maps/SPEI-06/SPEI-06_AMJ_full_min.tif (mean=-2.018733714464)
OK: /home/jovyan/common_data/nex-gddp-cimp6_hazards/Data/chirts_chirps_hist/maps/SPEI-06/SPEI-06_MAM_full_max.tif (mean=2.0382226228301)
OK: /home/jovyan/common_data/nex-gddp-cimp6_hazards/Data/chirts_chirps_hist/maps/SPEI-06/SPEI-06_AMJ_full_mean.tif (mean=0.0076841363819705)
OK: /home/jovyan/common_data/nex-gddp-cimp6_hazards/Data/chirts_chirps_hist/maps/SPEI-06/SPEI-06_AMJ_full_max.tif (mean=2.0790263938727)
OK: /home/jovyan/common_data/nex-gddp-cimp6_hazards/Data/chirts_chirps_hist/maps/SPEI-06/SPEI-06_AMJ_full_sd.tif (mean=0.97395396969027)
OK: /home/jovyan/common_data/nex-gddp-cimp6_hazards/Data/chirts_chirps_hist/maps/SPEI-06/SPEI-06_MJJ_full_min.tif (mean=-2.0119202430514)
OK: /home/jovyan/common_data/nex-gddp-cimp6_hazards/Data/chirts_chirps_hist/maps/SPEI-06/SPEI-06_MJJ_full_mean.tif (mean=0.0089474981668362)
OK: /home/jovyan/common_data/nex-gddp-cimp6_hazards/Data/chirts_chirps_hist/maps/SPEI-06/SPEI-06_MJJ_full_sd.tif (mean=0.97159745308533)
OK: /home/jovyan/common_data/nex-gddp-cimp6_hazards/Data/chirts_chirps_hist/maps/SPEI-06/SPEI-06_JJA_full_min.tif (mean=-2.0011985902396)
OK: /home/jovyan/common_data/nex-gddp-cimp6_hazards/Data/chirts_chirps_hist/maps/SPEI-06/SPEI-06_MJJ_full_max.tif (mean=2.056252432723)
OK: /home/jovyan/common_data/nex-gddp-cimp6_hazards/Data/chirts_chirps_hist/maps/SPEI-06/SPEI-06_JJA_full_mean.tif (mean=0.024289528730113)
OK: /home/jovyan/common_data/nex-gddp-cimp6_hazards/Data/chirts_chirps_hist/maps/SPEI-06/SPEI-06_JJA_full_max.tif (mean=2.0850390887533)
OK: /home/jovyan/common_data/nex-gddp-cimp6_hazards/Data/chirts_chirps_hist/maps/SPEI-06/SPEI-06_JAS_full_mean.tif (mean=0.027852529518006)
OK: /home/jovyan/common_data/nex-gddp-cimp6_hazards/Data/chirts_chirps_hist/maps/SPEI-06/SPEI-06_JJA_full_sd.tif (mean=0.96657069092081)
OK: /home/jovyan/common_data/nex-gddp-cimp6_hazards/Data/chirts_chirps_hist/maps/SPEI-06/SPEI-06_JAS_full_min.tif (mean=-2.0242097691954)
OK: /home/jovyan/common_data/nex-gddp-cimp6_hazards/Data/chirts_chirps_hist/maps/SPEI-06/SPEI-06_JAS_full_sd.tif (mean=0.96778779284778)
OK: /home/jovyan/common_data/nex-gddp-cimp6_hazards/Data/chirts_chirps_hist/maps/SPEI-06/SPEI-06_JAS_full_max.tif (mean=2.0755154104629)
OK: /home/jovyan/common_data/nex-gddp-cimp6_hazards/Data/chirts_chirps_hist/maps/SPEI-06/SPEI-06_ASO_full_min.tif (mean=-2.0429293065236)
OK: /home/jovyan/common_data/nex-gddp-cimp6_hazards/Data/chirts_chirps_hist/maps/SPEI-06/SPEI-06_ASO_full_mean.tif (mean=0.026533502578031)
OK: /home/jovyan/common_data/nex-gddp-cimp6_hazards/Data/chirts_chirps_hist/maps/SPEI-06/SPEI-06_ASO_full_max.tif (mean=2.0606928321345)
OK: /home/jovyan/common_data/nex-gddp-cimp6_hazards/Data/chirts_chirps_hist/maps/SPEI-06/SPEI-06_SON_full_mean.tif (mean=0.028746936844665)
OK: /home/jovyan/common_data/nex-gddp-cimp6_hazards/Data/chirts_chirps_hist/maps/SPEI-06/SPEI-06_SON_full_max.tif (mean=2.0895761169861)
OK: /home/jovyan/common_data/nex-gddp-cimp6_hazards/Data/chirts_chirps_hist/maps/SPEI-06/SPEI-06_SON_full_min.tif (mean=-2.0346571070826)
OK: /home/jovyan/common_data/nex-gddp-cimp6_hazards/Data/chirts_chirps_hist/maps/SPEI-06/SPEI-06_ASO_full_sd.tif (mean=0.96074106282183)
OK: /home/jovyan/common_data/nex-gddp-cimp6_hazards/Data/chirts_chirps_hist/maps/SPEI-06/SPEI-06_OND_full_min.tif (mean=-2.0557833575443)
OK: /home/jovyan/common_data/nex-gddp-cimp6_hazards/Data/chirts_chirps_hist/maps/SPEI-06/SPEI-06_OND_full_mean.tif (mean=0.023637928564721)
OK: /home/jovyan/common_data/nex-gddp-cimp6_hazards/Data/chirts_chirps_hist/maps/SPEI-06/SPEI-06_SON_full_sd.tif (mean=0.96500318586011)
OK: /home/jovyan/common_data/nex-gddp-cimp6_hazards/Data/chirts_chirps_hist/maps/SPEI-06/SPEI-06_OND_full_max.tif (mean=2.1570285306783)
OK: /home/jovyan/common_data/nex-gddp-cimp6_hazards/Data/chirts_chirps_hist/maps/SPEI-06/SPEI-06_OND_full_sd.tif (mean=0.98799307422227)
OK: /home/jovyan/common_data/nex-gddp-cimp6_hazards/Data/chirts_chirps_hist/maps/SPEI-06/SPEI-06_DJF_full_mean.tif (mean=0.015388643031983)
OK: /home/jovyan/common_data/nex-gddp-cimp6_hazards/Data/chirts_chirps_hist/maps/SPEI-06/SPEI-06_NDJ_full_mean.tif (mean=0.01228631422522)
OK: /home/jovyan/common_data/nex-gddp-cimp6_hazards/Data/chirts_chirps_hist/maps/SPEI-06/SPEI-06_NDJ_full_min.tif (mean=-1.7004633219848)
OK: /home/jovyan/common_data/nex-gddp-cimp6_hazards/Data/chirts_chirps_hist/maps/SPEI-06/SPEI-06_NDJ_full_max.tif (mean=1.7128029233655)
OK: /home/jovyan/common_data/nex-gddp-cimp6_hazards/Data/chirts_chirps_hist/maps/SPEI-06/SPEI-06_DJF_full_min.tif (mean=-2.0047992668568)
OK: /home/jovyan/common_data/nex-gddp-cimp6_hazards/Data/chirts_chirps_hist/maps/SPEI-06/SPEI-06_NDJ_full_sd.tif (mean=0.79570604555233)
OK: /home/jovyan/common_data/nex-gddp-cimp6_hazards/Data/chirts_chirps_hist/maps/SPEI-06/SPEI-06_DJF_full_max.tif (mean=2.0956599090706)
OK: /home/jovyan/common_data/nex-gddp-cimp6_hazards/Data/chirts_chirps_hist/maps/SPEI-06/SPEI-06_DJF_full_sd.tif (mean=0.97201025720743)
OK: /home/jovyan/common_data/nex-gddp-cimp6_hazards/Data/chirts_chirps_hist/maps/SPEI-12/SPEI-12_annual_1995-2014_max.tif (mean=1.522204722829)
OK: /home/jovyan/common_data/nex-gddp-cimp6_hazards/Data/chirts_chirps_hist/maps/SPEI-12/SPEI-12_annual_1995-2014_min.tif (mean=-1.470772139838)
OK: /home/jovyan/common_data/nex-gddp-cimp6_hazards/Data/chirts_chirps_hist/maps/SPEI-12/SPEI-12_annual_1995-2014_mean.tif (mean=0.010109901355896)
OK: /home/jovyan/common_data/nex-gddp-cimp6_hazards/Data/chirts_chirps_hist/maps/SPEI-12/SPEI-12_JFM_1995-2014_min.tif (mean=-1.6810017355675)
OK: /home/jovyan/common_data/nex-gddp-cimp6_hazards/Data/chirts_chirps_hist/maps/SPEI-12/SPEI-12_annual_1995-2014_sd.tif (mean=0.8041780458256)
OK: /home/jovyan/common_data/nex-gddp-cimp6_hazards/Data/chirts_chirps_hist/maps/SPEI-12/SPEI-12_JFM_1995-2014_mean.tif (mean=0.02310707827384)
OK: /home/jovyan/common_data/nex-gddp-cimp6_hazards/Data/chirts_chirps_hist/maps/SPEI-12/SPEI-12_JFM_1995-2014_max.tif (mean=1.7761188378722)
OK: /home/jovyan/common_data/nex-gddp-cimp6_hazards/Data/chirts_chirps_hist/maps/SPEI-12/SPEI-12_JFM_1995-2014_sd.tif (mean=0.93495204825709)
OK: /home/jovyan/common_data/nex-gddp-cimp6_hazards/Data/chirts_chirps_hist/maps/SPEI-12/SPEI-12_FMA_1995-2014_mean.tif (mean=0.027464997501823)
OK: /home/jovyan/common_data/nex-gddp-cimp6_hazards/Data/chirts_chirps_hist/maps/SPEI-12/SPEI-12_FMA_1995-2014_max.tif (mean=1.7871955734405)
OK: /home/jovyan/common_data/nex-gddp-cimp6_hazards/Data/chirts_chirps_hist/maps/SPEI-12/SPEI-12_MAM_1995-2014_mean.tif (mean=0.029594394222106)
OK: /home/jovyan/common_data/nex-gddp-cimp6_hazards/Data/chirts_chirps_hist/maps/SPEI-12/SPEI-12_FMA_1995-2014_min.tif (mean=-1.6606857043755)
OK: /home/jovyan/common_data/nex-gddp-cimp6_hazards/Data/chirts_chirps_hist/maps/SPEI-12/SPEI-12_FMA_1995-2014_sd.tif (mean=0.93798085748518)
OK: /home/jovyan/common_data/nex-gddp-cimp6_hazards/Data/chirts_chirps_hist/maps/SPEI-12/SPEI-12_MAM_1995-2014_min.tif (mean=-1.6737069840472)
OK: /home/jovyan/common_data/nex-gddp-cimp6_hazards/Data/chirts_chirps_hist/maps/SPEI-12/SPEI-12_MAM_1995-2014_max.tif (mean=1.7958489024218)
OK: /home/jovyan/common_data/nex-gddp-cimp6_hazards/Data/chirts_chirps_hist/maps/SPEI-12/SPEI-12_AMJ_1995-2014_mean.tif (mean=0.029241028163838)
OK: /home/jovyan/common_data/nex-gddp-cimp6_hazards/Data/chirts_chirps_hist/maps/SPEI-12/SPEI-12_MAM_1995-2014_sd.tif (mean=0.94446447378788)
OK: /home/jovyan/common_data/nex-gddp-cimp6_hazards/Data/chirts_chirps_hist/maps/SPEI-12/SPEI-12_AMJ_1995-2014_max.tif (mean=1.7961671754073)
OK: /home/jovyan/common_data/nex-gddp-cimp6_hazards/Data/chirts_chirps_hist/maps/SPEI-12/SPEI-12_AMJ_1995-2014_min.tif (mean=-1.6927067824908)
OK: /home/jovyan/common_data/nex-gddp-cimp6_hazards/Data/chirts_chirps_hist/maps/SPEI-12/SPEI-12_MJJ_1995-2014_mean.tif (mean=0.025728584875511)
OK: /home/jovyan/common_data/nex-gddp-cimp6_hazards/Data/chirts_chirps_hist/maps/SPEI-12/SPEI-12_AMJ_1995-2014_sd.tif (mean=0.94363848202462)
OK: /home/jovyan/common_data/nex-gddp-cimp6_hazards/Data/chirts_chirps_hist/maps/SPEI-12/SPEI-12_MJJ_1995-2014_min.tif (mean=-1.6944081492105)
OK: /home/jovyan/common_data/nex-gddp-cimp6_hazards/Data/chirts_chirps_hist/maps/SPEI-12/SPEI-12_MJJ_1995-2014_max.tif (mean=1.7802942379753)
OK: /home/jovyan/common_data/nex-gddp-cimp6_hazards/Data/chirts_chirps_hist/maps/SPEI-12/SPEI-12_JJA_1995-2014_min.tif (mean=-1.6846955196961)
OK: /home/jovyan/common_data/nex-gddp-cimp6_hazards/Data/chirts_chirps_hist/maps/SPEI-12/SPEI-12_MJJ_1995-2014_sd.tif (mean=0.93828969982015)
OK: /home/jovyan/common_data/nex-gddp-cimp6_hazards/Data/chirts_chirps_hist/maps/SPEI-12/SPEI-12_JJA_1995-2014_mean.tif (mean=0.017607620692041)
OK: /home/jovyan/common_data/nex-gddp-cimp6_hazards/Data/chirts_chirps_hist/maps/SPEI-12/SPEI-12_JAS_1995-2014_min.tif (mean=-1.7104304538397)
OK: /home/jovyan/common_data/nex-gddp-cimp6_hazards/Data/chirts_chirps_hist/maps/SPEI-12/SPEI-12_JAS_1995-2014_max.tif (mean=1.7204234040986)
OK: /home/jovyan/common_data/nex-gddp-cimp6_hazards/Data/chirts_chirps_hist/maps/SPEI-12/SPEI-12_JAS_1995-2014_mean.tif (mean=0.007175749383578)
OK: /home/jovyan/common_data/nex-gddp-cimp6_hazards/Data/chirts_chirps_hist/maps/SPEI-12/SPEI-12_JJA_1995-2014_sd.tif (mean=0.92807927340643)
OK: /home/jovyan/common_data/nex-gddp-cimp6_hazards/Data/chirts_chirps_hist/maps/SPEI-12/SPEI-12_JJA_1995-2014_max.tif (mean=1.7426079343547)
OK: /home/jovyan/common_data/nex-gddp-cimp6_hazards/Data/chirts_chirps_hist/maps/SPEI-12/SPEI-12_ASO_1995-2014_mean.tif (mean=-0.0038376527734926)
OK: /home/jovyan/common_data/nex-gddp-cimp6_hazards/Data/chirts_chirps_hist/maps/SPEI-12/SPEI-12_ASO_1995-2014_min.tif (mean=-1.7319018025812)
OK: /home/jovyan/common_data/nex-gddp-cimp6_hazards/Data/chirts_chirps_hist/maps/SPEI-12/SPEI-12_JAS_1995-2014_sd.tif (mean=0.9326632720886)
OK: /home/jovyan/common_data/nex-gddp-cimp6_hazards/Data/chirts_chirps_hist/maps/SPEI-12/SPEI-12_SON_1995-2014_min.tif (mean=-1.7274152562185)
OK: /home/jovyan/common_data/nex-gddp-cimp6_hazards/Data/chirts_chirps_hist/maps/SPEI-12/SPEI-12_SON_1995-2014_max.tif (mean=1.6726646018814)
OK: /home/jovyan/common_data/nex-gddp-cimp6_hazards/Data/chirts_chirps_hist/maps/SPEI-12/SPEI-12_ASO_1995-2014_max.tif (mean=1.707324557002)
OK: /home/jovyan/common_data/nex-gddp-cimp6_hazards/Data/chirts_chirps_hist/maps/SPEI-12/SPEI-12_SON_1995-2014_mean.tif (mean=-0.013493472342248)
OK: /home/jovyan/common_data/nex-gddp-cimp6_hazards/Data/chirts_chirps_hist/maps/SPEI-12/SPEI-12_ASO_1995-2014_sd.tif (mean=0.93437660139267)
OK: /home/jovyan/common_data/nex-gddp-cimp6_hazards/Data/chirts_chirps_hist/maps/SPEI-12/SPEI-12_SON_1995-2014_sd.tif (mean=0.92370790971814)
OK: /home/jovyan/common_data/nex-gddp-cimp6_hazards/Data/chirts_chirps_hist/maps/SPEI-12/SPEI-12_OND_1995-2014_min.tif (mean=-1.727223345555)
OK: /home/jovyan/common_data/nex-gddp-cimp6_hazards/Data/chirts_chirps_hist/maps/SPEI-12/SPEI-12_OND_1995-2014_mean.tif (mean=-0.019767925808642)
OK: /home/jovyan/common_data/nex-gddp-cimp6_hazards/Data/chirts_chirps_hist/maps/SPEI-12/SPEI-12_NDJ_1995-2014_max.tif (mean=1.4331584364726)
OK: /home/jovyan/common_data/nex-gddp-cimp6_hazards/Data/chirts_chirps_hist/maps/SPEI-12/SPEI-12_OND_1995-2014_sd.tif (mean=0.91499549298604)
OK: /home/jovyan/common_data/nex-gddp-cimp6_hazards/Data/chirts_chirps_hist/maps/SPEI-12/SPEI-12_NDJ_1995-2014_mean.tif (mean=0.0021613147435593)
OK: /home/jovyan/common_data/nex-gddp-cimp6_hazards/Data/chirts_chirps_hist/maps/SPEI-12/SPEI-12_NDJ_1995-2014_min.tif (mean=-1.3621632170997)
OK: /home/jovyan/common_data/nex-gddp-cimp6_hazards/Data/chirts_chirps_hist/maps/SPEI-12/SPEI-12_OND_1995-2014_max.tif (mean=1.6634449388072)
OK: /home/jovyan/common_data/nex-gddp-cimp6_hazards/Data/chirts_chirps_hist/maps/SPEI-12/SPEI-12_NDJ_1995-2014_sd.tif (mean=0.75459210865857)
OK: /home/jovyan/common_data/nex-gddp-cimp6_hazards/Data/chirts_chirps_hist/maps/SPEI-12/SPEI-12_DJF_1995-2014_mean.tif (mean=0.017900465503305)
OK: /home/jovyan/common_data/nex-gddp-cimp6_hazards/Data/chirts_chirps_hist/maps/SPEI-12/SPEI-12_DJF_1995-2014_min.tif (mean=-1.7095599121521)
OK: /home/jovyan/common_data/nex-gddp-cimp6_hazards/Data/chirts_chirps_hist/maps/SPEI-12/SPEI-12_DJF_1995-2014_sd.tif (mean=0.93325092688846)
OK: /home/jovyan/common_data/nex-gddp-cimp6_hazards/Data/chirts_chirps_hist/maps/SPEI-12/SPEI-12_DJF_1995-2014_max.tif (mean=1.7577951042555)
OK: /home/jovyan/common_data/nex-gddp-cimp6_hazards/Data/chirts_chirps_hist/maps/SPEI-12/SPEI-12_annual_1991-2020_max.tif (mean=1.7221215381247)
OK: /home/jovyan/common_data/nex-gddp-cimp6_hazards/Data/chirts_chirps_hist/maps/SPEI-12/SPEI-12_annual_1991-2020_mean.tif (mean=0.0052504876266811)
OK: /home/jovyan/common_data/nex-gddp-cimp6_hazards/Data/chirts_chirps_hist/maps/SPEI-12/SPEI-12_annual_1991-2020_min.tif (mean=-1.6350575544539)
OK: /home/jovyan/common_data/nex-gddp-cimp6_hazards/Data/chirts_chirps_hist/maps/SPEI-12/SPEI-12_annual_1991-2020_sd.tif (mean=0.83701255589166)
OK: /home/jovyan/common_data/nex-gddp-cimp6_hazards/Data/chirts_chirps_hist/maps/SPEI-12/SPEI-12_JFM_1991-2020_mean.tif (mean=0.0053228012648505)
OK: /home/jovyan/common_data/nex-gddp-cimp6_hazards/Data/chirts_chirps_hist/maps/SPEI-12/SPEI-12_JFM_1991-2020_sd.tif (mean=0.95674356161769)
OK: /home/jovyan/common_data/nex-gddp-cimp6_hazards/Data/chirts_chirps_hist/maps/SPEI-12/SPEI-12_JFM_1991-2020_min.tif (mean=-1.858871202641)
OK: /home/jovyan/common_data/nex-gddp-cimp6_hazards/Data/chirts_chirps_hist/maps/SPEI-12/SPEI-12_JFM_1991-2020_max.tif (mean=1.9099194709512)
OK: /home/jovyan/common_data/nex-gddp-cimp6_hazards/Data/chirts_chirps_hist/maps/SPEI-12/SPEI-12_FMA_1991-2020_mean.tif (mean=0.005780493060127)
OK: /home/jovyan/common_data/nex-gddp-cimp6_hazards/Data/chirts_chirps_hist/maps/SPEI-12/SPEI-12_FMA_1991-2020_min.tif (mean=-1.8425671429981)
OK: /home/jovyan/common_data/nex-gddp-cimp6_hazards/Data/chirts_chirps_hist/maps/SPEI-12/SPEI-12_FMA_1991-2020_max.tif (mean=1.927089367681)
OK: /home/jovyan/common_data/nex-gddp-cimp6_hazards/Data/chirts_chirps_hist/maps/SPEI-12/SPEI-12_FMA_1991-2020_sd.tif (mean=0.95822187977296)
OK: /home/jovyan/common_data/nex-gddp-cimp6_hazards/Data/chirts_chirps_hist/maps/SPEI-12/SPEI-12_MAM_1991-2020_mean.tif (mean=0.0057809095968297)
OK: /home/jovyan/common_data/nex-gddp-cimp6_hazards/Data/chirts_chirps_hist/maps/SPEI-12/SPEI-12_MAM_1991-2020_min.tif (mean=-1.8653700936449)
OK: /home/jovyan/common_data/nex-gddp-cimp6_hazards/Data/chirts_chirps_hist/maps/SPEI-12/SPEI-12_MAM_1991-2020_max.tif (mean=1.9592578973945)
OK: /home/jovyan/common_data/nex-gddp-cimp6_hazards/Data/chirts_chirps_hist/maps/SPEI-12/SPEI-12_MAM_1991-2020_sd.tif (mean=0.96726749877279)
OK: /home/jovyan/common_data/nex-gddp-cimp6_hazards/Data/chirts_chirps_hist/maps/SPEI-12/SPEI-12_AMJ_1991-2020_min.tif (mean=-1.890532586535)
OK: /home/jovyan/common_data/nex-gddp-cimp6_hazards/Data/chirts_chirps_hist/maps/SPEI-12/SPEI-12_AMJ_1991-2020_mean.tif (mean=0.0055887949954028)
OK: /home/jovyan/common_data/nex-gddp-cimp6_hazards/Data/chirts_chirps_hist/maps/SPEI-12/SPEI-12_AMJ_1991-2020_max.tif (mean=1.9744888367695)
OK: /home/jovyan/common_data/nex-gddp-cimp6_hazards/Data/chirts_chirps_hist/maps/SPEI-12/SPEI-12_MJJ_1991-2020_mean.tif (mean=0.005399383576487)
OK: /home/jovyan/common_data/nex-gddp-cimp6_hazards/Data/chirts_chirps_hist/maps/SPEI-12/SPEI-12_AMJ_1991-2020_sd.tif (mean=0.97473179937671)
OK: /home/jovyan/common_data/nex-gddp-cimp6_hazards/Data/chirts_chirps_hist/maps/SPEI-12/SPEI-12_MJJ_1991-2020_min.tif (mean=-1.8938480982857)
OK: /home/jovyan/common_data/nex-gddp-cimp6_hazards/Data/chirts_chirps_hist/maps/SPEI-12/SPEI-12_JJA_1991-2020_mean.tif (mean=0.0052762829076324)
OK: /home/jovyan/common_data/nex-gddp-cimp6_hazards/Data/chirts_chirps_hist/maps/SPEI-12/SPEI-12_MJJ_1991-2020_sd.tif (mean=0.97299067127729)
OK: /home/jovyan/common_data/nex-gddp-cimp6_hazards/Data/chirts_chirps_hist/maps/SPEI-12/SPEI-12_JJA_1991-2020_min.tif (mean=-1.8666410386058)
OK: /home/jovyan/common_data/nex-gddp-cimp6_hazards/Data/chirts_chirps_hist/maps/SPEI-12/SPEI-12_MJJ_1991-2020_max.tif (mean=1.965556732852)
OK: /home/jovyan/common_data/nex-gddp-cimp6_hazards/Data/chirts_chirps_hist/maps/SPEI-12/SPEI-12_JJA_1991-2020_max.tif (mean=1.9305371298219)
OK: /home/jovyan/common_data/nex-gddp-cimp6_hazards/Data/chirts_chirps_hist/maps/SPEI-12/SPEI-12_JJA_1991-2020_sd.tif (mean=0.96046780231082)
OK: /home/jovyan/common_data/nex-gddp-cimp6_hazards/Data/chirts_chirps_hist/maps/SPEI-12/SPEI-12_JAS_1991-2020_mean.tif (mean=0.0050834655415501)
OK: /home/jovyan/common_data/nex-gddp-cimp6_hazards/Data/chirts_chirps_hist/maps/SPEI-12/SPEI-12_JAS_1991-2020_min.tif (mean=-1.8771610447331)
OK: /home/jovyan/common_data/nex-gddp-cimp6_hazards/Data/chirts_chirps_hist/maps/SPEI-12/SPEI-12_ASO_1991-2020_mean.tif (mean=0.0047562557244426)
OK: /home/jovyan/common_data/nex-gddp-cimp6_hazards/Data/chirts_chirps_hist/maps/SPEI-12/SPEI-12_JAS_1991-2020_max.tif (mean=1.9237771075987)
OK: /home/jovyan/common_data/nex-gddp-cimp6_hazards/Data/chirts_chirps_hist/maps/SPEI-12/SPEI-12_ASO_1991-2020_max.tif (mean=1.9247435613329)
OK: /home/jovyan/common_data/nex-gddp-cimp6_hazards/Data/chirts_chirps_hist/maps/SPEI-12/SPEI-12_ASO_1991-2020_min.tif (mean=-1.8912510975752)
OK: /home/jovyan/common_data/nex-gddp-cimp6_hazards/Data/chirts_chirps_hist/maps/SPEI-12/SPEI-12_JAS_1991-2020_sd.tif (mean=0.95953987648615)
OK: /home/jovyan/common_data/nex-gddp-cimp6_hazards/Data/chirts_chirps_hist/maps/SPEI-12/SPEI-12_ASO_1991-2020_sd.tif (mean=0.96451015860224)
OK: /home/jovyan/common_data/nex-gddp-cimp6_hazards/Data/chirts_chirps_hist/maps/SPEI-12/SPEI-12_SON_1991-2020_mean.tif (mean=0.0045859241073829)
OK: /home/jovyan/common_data/nex-gddp-cimp6_hazards/Data/chirts_chirps_hist/maps/SPEI-12/SPEI-12_SON_1991-2020_min.tif (mean=-1.889577292708)
OK: /home/jovyan/common_data/nex-gddp-cimp6_hazards/Data/chirts_chirps_hist/maps/SPEI-12/SPEI-12_SON_1991-2020_max.tif (mean=1.9230707239426)
OK: /home/jovyan/common_data/nex-gddp-cimp6_hazards/Data/chirts_chirps_hist/maps/SPEI-12/SPEI-12_SON_1991-2020_sd.tif (mean=0.96533070773443)
OK: /home/jovyan/common_data/nex-gddp-cimp6_hazards/Data/chirts_chirps_hist/maps/SPEI-12/SPEI-12_OND_1991-2020_max.tif (mean=1.9252685630619)
OK: /home/jovyan/common_data/nex-gddp-cimp6_hazards/Data/chirts_chirps_hist/maps/SPEI-12/SPEI-12_OND_1991-2020_mean.tif (mean=0.0043547198711695)
OK: /home/jovyan/common_data/nex-gddp-cimp6_hazards/Data/chirts_chirps_hist/maps/SPEI-12/SPEI-12_OND_1991-2020_min.tif (mean=-1.8897403183334)
OK: /home/jovyan/common_data/nex-gddp-cimp6_hazards/Data/chirts_chirps_hist/maps/SPEI-12/SPEI-12_OND_1991-2020_sd.tif (mean=0.96410807757058)
OK: /home/jovyan/common_data/nex-gddp-cimp6_hazards/Data/chirts_chirps_hist/maps/SPEI-12/SPEI-12_NDJ_1991-2020_mean.tif (mean=0.0045138301689648)
OK: /home/jovyan/common_data/nex-gddp-cimp6_hazards/Data/chirts_chirps_hist/maps/SPEI-12/SPEI-12_NDJ_1991-2020_min.tif (mean=-1.516569395319)
OK: /home/jovyan/common_data/nex-gddp-cimp6_hazards/Data/chirts_chirps_hist/maps/SPEI-12/SPEI-12_NDJ_1991-2020_max.tif (mean=1.6036540322474)
OK: /home/jovyan/common_data/nex-gddp-cimp6_hazards/Data/chirts_chirps_hist/maps/SPEI-12/SPEI-12_NDJ_1991-2020_sd.tif (mean=0.7872677500114)
OK: /home/jovyan/common_data/nex-gddp-cimp6_hazards/Data/chirts_chirps_hist/maps/SPEI-12/SPEI-12_DJF_1991-2020_mean.tif (mean=0.0049186936889418)
OK: /home/jovyan/common_data/nex-gddp-cimp6_hazards/Data/chirts_chirps_hist/maps/SPEI-12/SPEI-12_DJF_1991-2020_min.tif (mean=-1.8807365537241)
OK: /home/jovyan/common_data/nex-gddp-cimp6_hazards/Data/chirts_chirps_hist/maps/SPEI-12/SPEI-12_DJF_1991-2020_max.tif (mean=1.8973770712103)
OK: /home/jovyan/common_data/nex-gddp-cimp6_hazards/Data/chirts_chirps_hist/maps/SPEI-12/SPEI-12_DJF_1991-2020_sd.tif (mean=0.95890236213853)
OK: /home/jovyan/common_data/nex-gddp-cimp6_hazards/Data/chirts_chirps_hist/maps/SPEI-12/SPEI-12_annual_full_mean.tif (mean=0.015022550447894)
OK: /home/jovyan/common_data/nex-gddp-cimp6_hazards/Data/chirts_chirps_hist/maps/SPEI-12/SPEI-12_annual_full_min.tif (mean=-1.8948037199182)
OK: /home/jovyan/common_data/nex-gddp-cimp6_hazards/Data/chirts_chirps_hist/maps/SPEI-12/SPEI-12_annual_full_max.tif (mean=1.9232957063438)
OK: /home/jovyan/common_data/nex-gddp-cimp6_hazards/Data/chirts_chirps_hist/maps/SPEI-12/SPEI-12_annual_full_sd.tif (mean=0.8950895659512)
OK: /home/jovyan/common_data/nex-gddp-cimp6_hazards/Data/chirts_chirps_hist/maps/SPEI-12/SPEI-12_JFM_full_min.tif (mean=-2.1501104114139)
OK: /home/jovyan/common_data/nex-gddp-cimp6_hazards/Data/chirts_chirps_hist/maps/SPEI-12/SPEI-12_JFM_full_mean.tif (mean=0.020016390227468)
OK: /home/jovyan/common_data/nex-gddp-cimp6_hazards/Data/chirts_chirps_hist/maps/SPEI-12/SPEI-12_JFM_full_max.tif (mean=2.1724967719596)
OK: /home/jovyan/common_data/nex-gddp-cimp6_hazards/Data/chirts_chirps_hist/maps/SPEI-12/SPEI-12_JFM_full_sd.tif (mean=1.0188016898733)
OK: /home/jovyan/common_data/nex-gddp-cimp6_hazards/Data/chirts_chirps_hist/maps/SPEI-12/SPEI-12_FMA_full_max.tif (mean=2.167937441214)
OK: /home/jovyan/common_data/nex-gddp-cimp6_hazards/Data/chirts_chirps_hist/maps/SPEI-12/SPEI-12_FMA_full_min.tif (mean=-2.1185041379997)
OK: /home/jovyan/common_data/nex-gddp-cimp6_hazards/Data/chirts_chirps_hist/maps/SPEI-12/SPEI-12_FMA_full_mean.tif (mean=0.02390818735739)
OK: /home/jovyan/common_data/nex-gddp-cimp6_hazards/Data/chirts_chirps_hist/maps/SPEI-12/SPEI-12_FMA_full_sd.tif (mean=1.0149001605093)
OK: /home/jovyan/common_data/nex-gddp-cimp6_hazards/Data/chirts_chirps_hist/maps/SPEI-12/SPEI-12_MAM_full_mean.tif (mean=0.020969274851909)
OK: /home/jovyan/common_data/nex-gddp-cimp6_hazards/Data/chirts_chirps_hist/maps/SPEI-12/SPEI-12_MAM_full_min.tif (mean=-2.1159538593015)
OK: /home/jovyan/common_data/nex-gddp-cimp6_hazards/Data/chirts_chirps_hist/maps/SPEI-12/SPEI-12_MAM_full_max.tif (mean=2.1829216204174)
OK: /home/jovyan/common_data/nex-gddp-cimp6_hazards/Data/chirts_chirps_hist/maps/SPEI-12/SPEI-12_MAM_full_sd.tif (mean=1.0210474319562)
OK: /home/jovyan/common_data/nex-gddp-cimp6_hazards/Data/chirts_chirps_hist/maps/SPEI-12/SPEI-12_AMJ_full_mean.tif (mean=0.019503834677067)
OK: /home/jovyan/common_data/nex-gddp-cimp6_hazards/Data/chirts_chirps_hist/maps/SPEI-12/SPEI-12_AMJ_full_min.tif (mean=-2.1329930577584)
OK: /home/jovyan/common_data/nex-gddp-cimp6_hazards/Data/chirts_chirps_hist/maps/SPEI-12/SPEI-12_AMJ_full_max.tif (mean=2.2053037316413)
OK: /home/jovyan/common_data/nex-gddp-cimp6_hazards/Data/chirts_chirps_hist/maps/SPEI-12/SPEI-12_AMJ_full_sd.tif (mean=1.0319544848933)
OK: /home/jovyan/common_data/nex-gddp-cimp6_hazards/Data/chirts_chirps_hist/maps/SPEI-12/SPEI-12_MJJ_full_min.tif (mean=-2.1417956079833)
OK: /home/jovyan/common_data/nex-gddp-cimp6_hazards/Data/chirts_chirps_hist/maps/SPEI-12/SPEI-12_MJJ_full_mean.tif (mean=0.017613023945699)
OK: /home/jovyan/common_data/nex-gddp-cimp6_hazards/Data/chirts_chirps_hist/maps/SPEI-12/SPEI-12_MJJ_full_max.tif (mean=2.197102163993)
OK: /home/jovyan/common_data/nex-gddp-cimp6_hazards/Data/chirts_chirps_hist/maps/SPEI-12/SPEI-12_MJJ_full_sd.tif (mean=1.0318701057798)
OK: /home/jovyan/common_data/nex-gddp-cimp6_hazards/Data/chirts_chirps_hist/maps/SPEI-12/SPEI-12_JJA_full_max.tif (mean=2.1531169771176)
OK: /home/jovyan/common_data/nex-gddp-cimp6_hazards/Data/chirts_chirps_hist/maps/SPEI-12/SPEI-12_JJA_full_min.tif (mean=-2.1447976196035)
OK: /home/jovyan/common_data/nex-gddp-cimp6_hazards/Data/chirts_chirps_hist/maps/SPEI-12/SPEI-12_JJA_full_mean.tif (mean=0.014892139024624)
OK: /home/jovyan/common_data/nex-gddp-cimp6_hazards/Data/chirts_chirps_hist/maps/SPEI-12/SPEI-12_JAS_full_min.tif (mean=-2.158484875654)
OK: /home/jovyan/common_data/nex-gddp-cimp6_hazards/Data/chirts_chirps_hist/maps/SPEI-12/SPEI-12_JJA_full_sd.tif (mean=1.018646931907)
OK: /home/jovyan/common_data/nex-gddp-cimp6_hazards/Data/chirts_chirps_hist/maps/SPEI-12/SPEI-12_JAS_full_mean.tif (mean=0.012238312008746)
OK: /home/jovyan/common_data/nex-gddp-cimp6_hazards/Data/chirts_chirps_hist/maps/SPEI-12/SPEI-12_JAS_full_max.tif (mean=2.12678220386)
OK: /home/jovyan/common_data/nex-gddp-cimp6_hazards/Data/chirts_chirps_hist/maps/SPEI-12/SPEI-12_JAS_full_sd.tif (mean=1.015084850141)
OK: /home/jovyan/common_data/nex-gddp-cimp6_hazards/Data/chirts_chirps_hist/maps/SPEI-12/SPEI-12_ASO_full_mean.tif (mean=0.0097324745304751)
OK: /home/jovyan/common_data/nex-gddp-cimp6_hazards/Data/chirts_chirps_hist/maps/SPEI-12/SPEI-12_ASO_full_max.tif (mean=2.1524560850962)
OK: /home/jovyan/common_data/nex-gddp-cimp6_hazards/Data/chirts_chirps_hist/maps/SPEI-12/SPEI-12_ASO_full_min.tif (mean=-2.1763779056588)
OK: /home/jovyan/common_data/nex-gddp-cimp6_hazards/Data/chirts_chirps_hist/maps/SPEI-12/SPEI-12_SON_full_min.tif (mean=-2.1860308581742)
OK: /home/jovyan/common_data/nex-gddp-cimp6_hazards/Data/chirts_chirps_hist/maps/SPEI-12/SPEI-12_SON_full_max.tif (mean=2.1530946290367)
OK: /home/jovyan/common_data/nex-gddp-cimp6_hazards/Data/chirts_chirps_hist/maps/SPEI-12/SPEI-12_ASO_full_sd.tif (mean=1.0231841706)
OK: /home/jovyan/common_data/nex-gddp-cimp6_hazards/Data/chirts_chirps_hist/maps/SPEI-12/SPEI-12_SON_full_mean.tif (mean=0.0054786602004131)
OK: /home/jovyan/common_data/nex-gddp-cimp6_hazards/Data/chirts_chirps_hist/maps/SPEI-12/SPEI-12_SON_full_sd.tif (mean=1.0253807842044)
OK: /home/jovyan/common_data/nex-gddp-cimp6_hazards/Data/chirts_chirps_hist/maps/SPEI-12/SPEI-12_OND_full_mean.tif (mean=0.0046766468029402)
OK: /home/jovyan/common_data/nex-gddp-cimp6_hazards/Data/chirts_chirps_hist/maps/SPEI-12/SPEI-12_OND_full_min.tif (mean=-2.1976823436162)
OK: /home/jovyan/common_data/nex-gddp-cimp6_hazards/Data/chirts_chirps_hist/maps/SPEI-12/SPEI-12_OND_full_max.tif (mean=2.1612629222431)
OK: /home/jovyan/common_data/nex-gddp-cimp6_hazards/Data/chirts_chirps_hist/maps/SPEI-12/SPEI-12_NDJ_full_mean.tif (mean=0.011384961580791)
OK: /home/jovyan/common_data/nex-gddp-cimp6_hazards/Data/chirts_chirps_hist/maps/SPEI-12/SPEI-12_OND_full_sd.tif (mean=1.0282532137161)
OK: /home/jovyan/common_data/nex-gddp-cimp6_hazards/Data/chirts_chirps_hist/maps/SPEI-12/SPEI-12_NDJ_full_min.tif (mean=-1.8130058180998)
OK: /home/jovyan/common_data/nex-gddp-cimp6_hazards/Data/chirts_chirps_hist/maps/SPEI-12/SPEI-12_NDJ_full_max.tif (mean=1.8742615872209)
OK: /home/jovyan/common_data/nex-gddp-cimp6_hazards/Data/chirts_chirps_hist/maps/SPEI-12/SPEI-12_NDJ_full_sd.tif (mean=0.85844931258371)
OK: /home/jovyan/common_data/nex-gddp-cimp6_hazards/Data/chirts_chirps_hist/maps/SPEI-12/SPEI-12_DJF_full_max.tif (mean=2.1821560852724)
OK: /home/jovyan/common_data/nex-gddp-cimp6_hazards/Data/chirts_chirps_hist/maps/SPEI-12/SPEI-12_DJF_full_mean.tif (mean=0.016827585557885)
OK: /home/jovyan/common_data/nex-gddp-cimp6_hazards/Data/chirts_chirps_hist/maps/SPEI-12/SPEI-12_DJF_full_min.tif (mean=-2.1863677267806)
OK: /home/jovyan/common_data/nex-gddp-cimp6_hazards/Data/chirts_chirps_hist/maps/SPEI-24/SPEI-24_annual_1995-2014_min.tif (mean=-1.5693881145825)
OK: /home/jovyan/common_data/nex-gddp-cimp6_hazards/Data/chirts_chirps_hist/maps/SPEI-24/SPEI-24_annual_1995-2014_mean.tif (mean=0.013955308853139)
OK: /home/jovyan/common_data/nex-gddp-cimp6_hazards/Data/chirts_chirps_hist/maps/SPEI-24/SPEI-24_annual_1995-2014_max.tif (mean=1.5723100848542)
OK: /home/jovyan/common_data/nex-gddp-cimp6_hazards/Data/chirts_chirps_hist/maps/SPEI-12/SPEI-12_DJF_full_sd.tif (mean=1.0265079611445)
OK: /home/jovyan/common_data/nex-gddp-cimp6_hazards/Data/chirts_chirps_hist/maps/SPEI-24/SPEI-24_annual_1995-2014_sd.tif (mean=0.87913664748333)
OK: /home/jovyan/common_data/nex-gddp-cimp6_hazards/Data/chirts_chirps_hist/maps/SPEI-24/SPEI-24_JFM_1995-2014_min.tif (mean=-1.6512360854547)
OK: /home/jovyan/common_data/nex-gddp-cimp6_hazards/Data/chirts_chirps_hist/maps/SPEI-24/SPEI-24_JFM_1995-2014_mean.tif (mean=0.029967681146692)
OK: /home/jovyan/common_data/nex-gddp-cimp6_hazards/Data/chirts_chirps_hist/maps/SPEI-24/SPEI-24_JFM_1995-2014_max.tif (mean=1.6894257452025)
OK: /home/jovyan/common_data/nex-gddp-cimp6_hazards/Data/chirts_chirps_hist/maps/SPEI-24/SPEI-24_JFM_1995-2014_sd.tif (mean=0.93718123601174)
OK: /home/jovyan/common_data/nex-gddp-cimp6_hazards/Data/chirts_chirps_hist/maps/SPEI-24/SPEI-24_FMA_1995-2014_max.tif (mean=1.6858380701152)
OK: /home/jovyan/common_data/nex-gddp-cimp6_hazards/Data/chirts_chirps_hist/maps/SPEI-24/SPEI-24_FMA_1995-2014_mean.tif (mean=0.02804930329725)
OK: /home/jovyan/common_data/nex-gddp-cimp6_hazards/Data/chirts_chirps_hist/maps/SPEI-24/SPEI-24_FMA_1995-2014_min.tif (mean=-1.6492589607876)
OK: /home/jovyan/common_data/nex-gddp-cimp6_hazards/Data/chirts_chirps_hist/maps/SPEI-24/SPEI-24_FMA_1995-2014_sd.tif (mean=0.94041800661)
OK: /home/jovyan/common_data/nex-gddp-cimp6_hazards/Data/chirts_chirps_hist/maps/SPEI-24/SPEI-24_MAM_1995-2014_max.tif (mean=1.6878105092209)
OK: /home/jovyan/common_data/nex-gddp-cimp6_hazards/Data/chirts_chirps_hist/maps/SPEI-24/SPEI-24_MAM_1995-2014_mean.tif (mean=0.02525972815344)
OK: /home/jovyan/common_data/nex-gddp-cimp6_hazards/Data/chirts_chirps_hist/maps/SPEI-24/SPEI-24_MAM_1995-2014_min.tif (mean=-1.6692510959893)
OK: /home/jovyan/common_data/nex-gddp-cimp6_hazards/Data/chirts_chirps_hist/maps/SPEI-24/SPEI-24_AMJ_1995-2014_max.tif (mean=1.6956032276665)
OK: /home/jovyan/common_data/nex-gddp-cimp6_hazards/Data/chirts_chirps_hist/maps/SPEI-24/SPEI-24_AMJ_1995-2014_min.tif (mean=-1.6893845782351)
OK: /home/jovyan/common_data/nex-gddp-cimp6_hazards/Data/chirts_chirps_hist/maps/SPEI-24/SPEI-24_AMJ_1995-2014_mean.tif (mean=0.021626982856338)
OK: /home/jovyan/common_data/nex-gddp-cimp6_hazards/Data/chirts_chirps_hist/maps/SPEI-24/SPEI-24_MAM_1995-2014_sd.tif (mean=0.94510819188291)
OK: /home/jovyan/common_data/nex-gddp-cimp6_hazards/Data/chirts_chirps_hist/maps/SPEI-24/SPEI-24_AMJ_1995-2014_sd.tif (mean=0.94759662023978)
OK: /home/jovyan/common_data/nex-gddp-cimp6_hazards/Data/chirts_chirps_hist/maps/SPEI-24/SPEI-24_MJJ_1995-2014_max.tif (mean=1.6961060459854)
OK: /home/jovyan/common_data/nex-gddp-cimp6_hazards/Data/chirts_chirps_hist/maps/SPEI-24/SPEI-24_MJJ_1995-2014_mean.tif (mean=0.018241706261038)
OK: /home/jovyan/common_data/nex-gddp-cimp6_hazards/Data/chirts_chirps_hist/maps/SPEI-24/SPEI-24_MJJ_1995-2014_min.tif (mean=-1.6964373788835)
OK: /home/jovyan/common_data/nex-gddp-cimp6_hazards/Data/chirts_chirps_hist/maps/SPEI-24/SPEI-24_JJA_1995-2014_max.tif (mean=1.6824390741634)
OK: /home/jovyan/common_data/nex-gddp-cimp6_hazards/Data/chirts_chirps_hist/maps/SPEI-24/SPEI-24_MJJ_1995-2014_sd.tif (mean=0.94525243796076)
OK: /home/jovyan/common_data/nex-gddp-cimp6_hazards/Data/chirts_chirps_hist/maps/SPEI-24/SPEI-24_JJA_1995-2014_mean.tif (mean=0.015083130941653)
OK: /home/jovyan/common_data/nex-gddp-cimp6_hazards/Data/chirts_chirps_hist/maps/SPEI-24/SPEI-24_JJA_1995-2014_min.tif (mean=-1.6929921873723)
OK: /home/jovyan/common_data/nex-gddp-cimp6_hazards/Data/chirts_chirps_hist/maps/SPEI-24/SPEI-24_JJA_1995-2014_sd.tif (mean=0.93902493742907)
OK: /home/jovyan/common_data/nex-gddp-cimp6_hazards/Data/chirts_chirps_hist/maps/SPEI-24/SPEI-24_JAS_1995-2014_mean.tif (mean=0.010259828255952)
OK: /home/jovyan/common_data/nex-gddp-cimp6_hazards/Data/chirts_chirps_hist/maps/SPEI-24/SPEI-24_JAS_1995-2014_min.tif (mean=-1.7086747036377)
OK: /home/jovyan/common_data/nex-gddp-cimp6_hazards/Data/chirts_chirps_hist/maps/SPEI-24/SPEI-24_JAS_1995-2014_max.tif (mean=1.6664541472853)
OK: /home/jovyan/common_data/nex-gddp-cimp6_hazards/Data/chirts_chirps_hist/maps/SPEI-24/SPEI-24_ASO_1995-2014_min.tif (mean=-1.7083770046155)
OK: /home/jovyan/common_data/nex-gddp-cimp6_hazards/Data/chirts_chirps_hist/maps/SPEI-24/SPEI-24_ASO_1995-2014_max.tif (mean=1.674221463306)
OK: /home/jovyan/common_data/nex-gddp-cimp6_hazards/Data/chirts_chirps_hist/maps/SPEI-24/SPEI-24_ASO_1995-2014_mean.tif (mean=0.0036211998354933)
OK: /home/jovyan/common_data/nex-gddp-cimp6_hazards/Data/chirts_chirps_hist/maps/SPEI-24/SPEI-24_JAS_1995-2014_sd.tif (mean=0.94014821151056)
OK: /home/jovyan/common_data/nex-gddp-cimp6_hazards/Data/chirts_chirps_hist/maps/SPEI-24/SPEI-24_ASO_1995-2014_sd.tif (mean=0.94261702235403)
OK: /home/jovyan/common_data/nex-gddp-cimp6_hazards/Data/chirts_chirps_hist/maps/SPEI-24/SPEI-24_SON_1995-2014_mean.tif (mean=-0.0032900672283599)
OK: /home/jovyan/common_data/nex-gddp-cimp6_hazards/Data/chirts_chirps_hist/maps/SPEI-24/SPEI-24_SON_1995-2014_min.tif (mean=-1.7047551449657)
OK: /home/jovyan/common_data/nex-gddp-cimp6_hazards/Data/chirts_chirps_hist/maps/SPEI-24/SPEI-24_SON_1995-2014_max.tif (mean=1.6811084873276)
OK: /home/jovyan/common_data/nex-gddp-cimp6_hazards/Data/chirts_chirps_hist/maps/SPEI-24/SPEI-24_SON_1995-2014_sd.tif (mean=0.94073415186125)
OK: /home/jovyan/common_data/nex-gddp-cimp6_hazards/Data/chirts_chirps_hist/maps/SPEI-24/SPEI-24_OND_1995-2014_mean.tif (mean=-0.0062877350019549)
OK: /home/jovyan/common_data/nex-gddp-cimp6_hazards/Data/chirts_chirps_hist/maps/SPEI-24/SPEI-24_OND_1995-2014_max.tif (mean=1.6766993030588)
OK: /home/jovyan/common_data/nex-gddp-cimp6_hazards/Data/chirts_chirps_hist/maps/SPEI-24/SPEI-24_OND_1995-2014_min.tif (mean=-1.7008665797264)
OK: /home/jovyan/common_data/nex-gddp-cimp6_hazards/Data/chirts_chirps_hist/maps/SPEI-24/SPEI-24_OND_1995-2014_sd.tif (mean=0.9378137577915)
OK: /home/jovyan/common_data/nex-gddp-cimp6_hazards/Data/chirts_chirps_hist/maps/SPEI-24/SPEI-24_NDJ_1995-2014_mean.tif (mean=0.018185161723034)
OK: /home/jovyan/common_data/nex-gddp-cimp6_hazards/Data/chirts_chirps_hist/maps/SPEI-24/SPEI-24_NDJ_1995-2014_max.tif (mean=1.5344424654002)
OK: /home/jovyan/common_data/nex-gddp-cimp6_hazards/Data/chirts_chirps_hist/maps/SPEI-24/SPEI-24_NDJ_1995-2014_min.tif (mean=-1.5147444525501)
OK: /home/jovyan/common_data/nex-gddp-cimp6_hazards/Data/chirts_chirps_hist/maps/SPEI-24/SPEI-24_DJF_1995-2014_max.tif (mean=1.6891300258417)
OK: /home/jovyan/common_data/nex-gddp-cimp6_hazards/Data/chirts_chirps_hist/maps/SPEI-24/SPEI-24_DJF_1995-2014_sd.tif (mean=0.93519397959559)
OK: /home/jovyan/common_data/nex-gddp-cimp6_hazards/Data/chirts_chirps_hist/maps/SPEI-24/SPEI-24_DJF_1995-2014_mean.tif (mean=0.031053503188059)
OK: /home/jovyan/common_data/nex-gddp-cimp6_hazards/Data/chirts_chirps_hist/maps/SPEI-24/SPEI-24_DJF_1995-2014_min.tif (mean=-1.660970530689)
OK: /home/jovyan/common_data/nex-gddp-cimp6_hazards/Data/chirts_chirps_hist/maps/SPEI-24/SPEI-24_NDJ_1995-2014_sd.tif (mean=0.85250188994861)
OK: /home/jovyan/common_data/nex-gddp-cimp6_hazards/Data/chirts_chirps_hist/maps/SPEI-24/SPEI-24_annual_1991-2020_mean.tif (mean=0.0040252192046886)
OK: /home/jovyan/common_data/nex-gddp-cimp6_hazards/Data/chirts_chirps_hist/maps/SPEI-24/SPEI-24_annual_1991-2020_max.tif (mean=1.7907290188464)
OK: /home/jovyan/common_data/nex-gddp-cimp6_hazards/Data/chirts_chirps_hist/maps/SPEI-24/SPEI-24_annual_1991-2020_min.tif (mean=-1.7433147553599)
OK: /home/jovyan/common_data/nex-gddp-cimp6_hazards/Data/chirts_chirps_hist/maps/SPEI-24/SPEI-24_JFM_1991-2020_mean.tif (mean=0.0038956194593029)
OK: /home/jovyan/common_data/nex-gddp-cimp6_hazards/Data/chirts_chirps_hist/maps/SPEI-24/SPEI-24_annual_1991-2020_sd.tif (mean=0.92030097285634)
OK: /home/jovyan/common_data/nex-gddp-cimp6_hazards/Data/chirts_chirps_hist/maps/SPEI-24/SPEI-24_JFM_1991-2020_sd.tif (mean=0.97692461791366)
OK: /home/jovyan/common_data/nex-gddp-cimp6_hazards/Data/chirts_chirps_hist/maps/SPEI-24/SPEI-24_JFM_1991-2020_max.tif (mean=1.8883354511413)
OK: /home/jovyan/common_data/nex-gddp-cimp6_hazards/Data/chirts_chirps_hist/maps/SPEI-24/SPEI-24_FMA_1991-2020_mean.tif (mean=0.0040430881256276)
OK: /home/jovyan/common_data/nex-gddp-cimp6_hazards/Data/chirts_chirps_hist/maps/SPEI-24/SPEI-24_JFM_1991-2020_min.tif (mean=-1.846048790559)
OK: /home/jovyan/common_data/nex-gddp-cimp6_hazards/Data/chirts_chirps_hist/maps/SPEI-24/SPEI-24_FMA_1991-2020_max.tif (mean=1.8950595705767)
OK: /home/jovyan/common_data/nex-gddp-cimp6_hazards/Data/chirts_chirps_hist/maps/SPEI-24/SPEI-24_FMA_1991-2020_min.tif (mean=-1.8438424519341)
OK: /home/jovyan/common_data/nex-gddp-cimp6_hazards/Data/chirts_chirps_hist/maps/SPEI-24/SPEI-24_FMA_1991-2020_sd.tif (mean=0.9780808688831)
OK: /home/jovyan/common_data/nex-gddp-cimp6_hazards/Data/chirts_chirps_hist/maps/SPEI-24/SPEI-24_MAM_1991-2020_mean.tif (mean=0.0041062535301694)
OK: /home/jovyan/common_data/nex-gddp-cimp6_hazards/Data/chirts_chirps_hist/maps/SPEI-24/SPEI-24_MAM_1991-2020_max.tif (mean=1.9032389231026)
OK: /home/jovyan/common_data/nex-gddp-cimp6_hazards/Data/chirts_chirps_hist/maps/SPEI-24/SPEI-24_MAM_1991-2020_min.tif (mean=-1.8584416948826)
OK: /home/jovyan/common_data/nex-gddp-cimp6_hazards/Data/chirts_chirps_hist/maps/SPEI-24/SPEI-24_MAM_1991-2020_sd.tif (mean=0.98172361424788)
OK: /home/jovyan/common_data/nex-gddp-cimp6_hazards/Data/chirts_chirps_hist/maps/SPEI-24/SPEI-24_AMJ_1991-2020_mean.tif (mean=0.0041805238041845)
OK: /home/jovyan/common_data/nex-gddp-cimp6_hazards/Data/chirts_chirps_hist/maps/SPEI-24/SPEI-24_AMJ_1991-2020_min.tif (mean=-1.8733802184294)
OK: /home/jovyan/common_data/nex-gddp-cimp6_hazards/Data/chirts_chirps_hist/maps/SPEI-24/SPEI-24_AMJ_1991-2020_max.tif (mean=1.9116858442532)
OK: /home/jovyan/common_data/nex-gddp-cimp6_hazards/Data/chirts_chirps_hist/maps/SPEI-24/SPEI-24_MJJ_1991-2020_min.tif (mean=-1.8760796565756)
OK: /home/jovyan/common_data/nex-gddp-cimp6_hazards/Data/chirts_chirps_hist/maps/SPEI-24/SPEI-24_MJJ_1991-2020_max.tif (mean=1.9175284264275)
OK: /home/jovyan/common_data/nex-gddp-cimp6_hazards/Data/chirts_chirps_hist/maps/SPEI-24/SPEI-24_MJJ_1991-2020_mean.tif (mean=0.0040809865610093)
OK: /home/jovyan/common_data/nex-gddp-cimp6_hazards/Data/chirts_chirps_hist/maps/SPEI-24/SPEI-24_AMJ_1991-2020_sd.tif (mean=0.98545025464002)
OK: /home/jovyan/common_data/nex-gddp-cimp6_hazards/Data/chirts_chirps_hist/maps/SPEI-24/SPEI-24_MJJ_1991-2020_sd.tif (mean=0.98472049505279)
OK: /home/jovyan/common_data/nex-gddp-cimp6_hazards/Data/chirts_chirps_hist/maps/SPEI-24/SPEI-24_JJA_1991-2020_mean.tif (mean=0.0039718878523079)
OK: /home/jovyan/common_data/nex-gddp-cimp6_hazards/Data/chirts_chirps_hist/maps/SPEI-24/SPEI-24_JJA_1991-2020_min.tif (mean=-1.8632539518604)
OK: /home/jovyan/common_data/nex-gddp-cimp6_hazards/Data/chirts_chirps_hist/maps/SPEI-24/SPEI-24_JJA_1991-2020_max.tif (mean=1.9057406416203)
OK: /home/jovyan/common_data/nex-gddp-cimp6_hazards/Data/chirts_chirps_hist/maps/SPEI-24/SPEI-24_JJA_1991-2020_sd.tif (mean=0.97769881305447)
OK: /home/jovyan/common_data/nex-gddp-cimp6_hazards/Data/chirts_chirps_hist/maps/SPEI-24/SPEI-24_JAS_1991-2020_mean.tif (mean=0.0037821670374811)
OK: /home/jovyan/common_data/nex-gddp-cimp6_hazards/Data/chirts_chirps_hist/maps/SPEI-24/SPEI-24_JAS_1991-2020_max.tif (mean=1.8941791022519)
OK: /home/jovyan/common_data/nex-gddp-cimp6_hazards/Data/chirts_chirps_hist/maps/SPEI-24/SPEI-24_JAS_1991-2020_min.tif (mean=-1.8711211781784)
OK: /home/jovyan/common_data/nex-gddp-cimp6_hazards/Data/chirts_chirps_hist/maps/SPEI-24/SPEI-24_JAS_1991-2020_sd.tif (mean=0.97621225598895)
OK: /home/jovyan/common_data/nex-gddp-cimp6_hazards/Data/chirts_chirps_hist/maps/SPEI-24/SPEI-24_ASO_1991-2020_mean.tif (mean=0.0036525060753792)
OK: /home/jovyan/common_data/nex-gddp-cimp6_hazards/Data/chirts_chirps_hist/maps/SPEI-24/SPEI-24_ASO_1991-2020_min.tif (mean=-1.8762584054993)
OK: /home/jovyan/common_data/nex-gddp-cimp6_hazards/Data/chirts_chirps_hist/maps/SPEI-24/SPEI-24_ASO_1991-2020_max.tif (mean=1.8983641548289)
OK: /home/jovyan/common_data/nex-gddp-cimp6_hazards/Data/chirts_chirps_hist/maps/SPEI-24/SPEI-24_SON_1991-2020_max.tif (mean=1.9000982974472)
OK: /home/jovyan/common_data/nex-gddp-cimp6_hazards/Data/chirts_chirps_hist/maps/SPEI-24/SPEI-24_SON_1991-2020_mean.tif (mean=0.003730249926489)
OK: /home/jovyan/common_data/nex-gddp-cimp6_hazards/Data/chirts_chirps_hist/maps/SPEI-24/SPEI-24_SON_1991-2020_min.tif (mean=-1.8780045276315)
OK: /home/jovyan/common_data/nex-gddp-cimp6_hazards/Data/chirts_chirps_hist/maps/SPEI-24/SPEI-24_ASO_1991-2020_sd.tif (mean=0.97894757402893)
OK: /home/jovyan/common_data/nex-gddp-cimp6_hazards/Data/chirts_chirps_hist/maps/SPEI-24/SPEI-24_OND_1991-2020_mean.tif (mean=0.0039298088702465)
OK: /home/jovyan/common_data/nex-gddp-cimp6_hazards/Data/chirts_chirps_hist/maps/SPEI-24/SPEI-24_SON_1991-2020_sd.tif (mean=0.98009770779902)
OK: /home/jovyan/common_data/nex-gddp-cimp6_hazards/Data/chirts_chirps_hist/maps/SPEI-24/SPEI-24_OND_1991-2020_max.tif (mean=1.8902652623287)
OK: /home/jovyan/common_data/nex-gddp-cimp6_hazards/Data/chirts_chirps_hist/maps/SPEI-24/SPEI-24_OND_1991-2020_min.tif (mean=-1.8778512752735)
OK: /home/jovyan/common_data/nex-gddp-cimp6_hazards/Data/chirts_chirps_hist/maps/SPEI-24/SPEI-24_OND_1991-2020_sd.tif (mean=0.98028663318563)
OK: /home/jovyan/common_data/nex-gddp-cimp6_hazards/Data/chirts_chirps_hist/maps/SPEI-24/SPEI-24_NDJ_1991-2020_min.tif (mean=-1.6948049635307)
OK: /home/jovyan/common_data/nex-gddp-cimp6_hazards/Data/chirts_chirps_hist/maps/SPEI-24/SPEI-24_NDJ_1991-2020_max.tif (mean=1.733032406355)
OK: /home/jovyan/common_data/nex-gddp-cimp6_hazards/Data/chirts_chirps_hist/maps/SPEI-24/SPEI-24_NDJ_1991-2020_mean.tif (mean=0.0045636501055252)
OK: /home/jovyan/common_data/nex-gddp-cimp6_hazards/Data/chirts_chirps_hist/maps/SPEI-24/SPEI-24_NDJ_1991-2020_sd.tif (mean=0.89753512046734)
OK: /home/jovyan/common_data/nex-gddp-cimp6_hazards/Data/chirts_chirps_hist/maps/SPEI-24/SPEI-24_DJF_1991-2020_mean.tif (mean=0.0045574110772155)
OK: /home/jovyan/common_data/nex-gddp-cimp6_hazards/Data/chirts_chirps_hist/maps/SPEI-24/SPEI-24_DJF_1991-2020_min.tif (mean=-1.8552344964449)
OK: /home/jovyan/common_data/nex-gddp-cimp6_hazards/Data/chirts_chirps_hist/maps/SPEI-24/SPEI-24_DJF_1991-2020_max.tif (mean=1.8787904933917)
OK: /home/jovyan/common_data/nex-gddp-cimp6_hazards/Data/chirts_chirps_hist/maps/SPEI-24/SPEI-24_annual_full_max.tif (mean=2.0250260161361)
OK: /home/jovyan/common_data/nex-gddp-cimp6_hazards/Data/chirts_chirps_hist/maps/SPEI-24/SPEI-24_annual_full_mean.tif (mean=0.01059725836142)
OK: /home/jovyan/common_data/nex-gddp-cimp6_hazards/Data/chirts_chirps_hist/maps/SPEI-24/SPEI-24_annual_full_min.tif (mean=-2.0458090837547)
OK: /home/jovyan/common_data/nex-gddp-cimp6_hazards/Data/chirts_chirps_hist/maps/SPEI-24/SPEI-24_DJF_1991-2020_sd.tif (mean=0.97586538303667)
OK: /home/jovyan/common_data/nex-gddp-cimp6_hazards/Data/chirts_chirps_hist/maps/SPEI-24/SPEI-24_JFM_full_mean.tif (mean=0.012736027736276)
OK: /home/jovyan/common_data/nex-gddp-cimp6_hazards/Data/chirts_chirps_hist/maps/SPEI-24/SPEI-24_annual_full_sd.tif (mean=1.0027905274331)
OK: /home/jovyan/common_data/nex-gddp-cimp6_hazards/Data/chirts_chirps_hist/maps/SPEI-24/SPEI-24_JFM_full_min.tif (mean=-2.1913083373815)
OK: /home/jovyan/common_data/nex-gddp-cimp6_hazards/Data/chirts_chirps_hist/maps/SPEI-24/SPEI-24_JFM_full_max.tif (mean=2.1722457570045)
OK: /home/jovyan/common_data/nex-gddp-cimp6_hazards/Data/chirts_chirps_hist/maps/SPEI-24/SPEI-24_FMA_full_min.tif (mean=-2.1825899424993)
OK: /home/jovyan/common_data/nex-gddp-cimp6_hazards/Data/chirts_chirps_hist/maps/SPEI-24/SPEI-24_FMA_full_mean.tif (mean=0.013376512011523)
OK: /home/jovyan/common_data/nex-gddp-cimp6_hazards/Data/chirts_chirps_hist/maps/SPEI-24/SPEI-24_JFM_full_sd.tif (mean=1.0710190892196)
OK: /home/jovyan/common_data/nex-gddp-cimp6_hazards/Data/chirts_chirps_hist/maps/SPEI-24/SPEI-24_FMA_full_max.tif (mean=2.1609088321561)
OK: /home/jovyan/common_data/nex-gddp-cimp6_hazards/Data/chirts_chirps_hist/maps/SPEI-24/SPEI-24_MAM_full_mean.tif (mean=0.011714461741712)
OK: /home/jovyan/common_data/nex-gddp-cimp6_hazards/Data/chirts_chirps_hist/maps/SPEI-24/SPEI-24_FMA_full_sd.tif (mean=1.0699714631015)
OK: /home/jovyan/common_data/nex-gddp-cimp6_hazards/Data/chirts_chirps_hist/maps/SPEI-24/SPEI-24_MAM_full_min.tif (mean=-2.1855527136545)
OK: /home/jovyan/common_data/nex-gddp-cimp6_hazards/Data/chirts_chirps_hist/maps/SPEI-24/SPEI-24_MAM_full_max.tif (mean=2.1499836760409)
OK: /home/jovyan/common_data/nex-gddp-cimp6_hazards/Data/chirts_chirps_hist/maps/SPEI-24/SPEI-24_MAM_full_sd.tif (mean=1.0679941836507)
OK: /home/jovyan/common_data/nex-gddp-cimp6_hazards/Data/chirts_chirps_hist/maps/SPEI-24/SPEI-24_AMJ_full_mean.tif (mean=0.0079189733791813)
OK: /home/jovyan/common_data/nex-gddp-cimp6_hazards/Data/chirts_chirps_hist/maps/SPEI-24/SPEI-24_AMJ_full_min.tif (mean=-2.209385737463)
OK: /home/jovyan/common_data/nex-gddp-cimp6_hazards/Data/chirts_chirps_hist/maps/SPEI-24/SPEI-24_AMJ_full_max.tif (mean=2.1529655848326)
OK: /home/jovyan/common_data/nex-gddp-cimp6_hazards/Data/chirts_chirps_hist/maps/SPEI-24/SPEI-24_MJJ_full_mean.tif (mean=0.0049866822651696)
OK: /home/jovyan/common_data/nex-gddp-cimp6_hazards/Data/chirts_chirps_hist/maps/SPEI-24/SPEI-24_AMJ_full_sd.tif (mean=1.0723251023368)
OK: /home/jovyan/common_data/nex-gddp-cimp6_hazards/Data/chirts_chirps_hist/maps/SPEI-24/SPEI-24_MJJ_full_max.tif (mean=2.1510781740392)
OK: /home/jovyan/common_data/nex-gddp-cimp6_hazards/Data/chirts_chirps_hist/maps/SPEI-24/SPEI-24_MJJ_full_min.tif (mean=-2.2115088893364)
OK: /home/jovyan/common_data/nex-gddp-cimp6_hazards/Data/chirts_chirps_hist/maps/SPEI-24/SPEI-24_JJA_full_min.tif (mean=-2.2063861731969)
OK: /home/jovyan/common_data/nex-gddp-cimp6_hazards/Data/chirts_chirps_hist/maps/SPEI-24/SPEI-24_MJJ_full_sd.tif (mean=1.0716701072856)
OK: /home/jovyan/common_data/nex-gddp-cimp6_hazards/Data/chirts_chirps_hist/maps/SPEI-24/SPEI-24_JJA_full_mean.tif (mean=0.0040302471976832)
OK: /home/jovyan/common_data/nex-gddp-cimp6_hazards/Data/chirts_chirps_hist/maps/SPEI-24/SPEI-24_JJA_full_max.tif (mean=2.142866713417)
OK: /home/jovyan/common_data/nex-gddp-cimp6_hazards/Data/chirts_chirps_hist/maps/SPEI-24/SPEI-24_JJA_full_sd.tif (mean=1.0656612201554)
OK: /home/jovyan/common_data/nex-gddp-cimp6_hazards/Data/chirts_chirps_hist/maps/SPEI-24/SPEI-24_JAS_full_mean.tif (mean=0.0040040537737874)
OK: /home/jovyan/common_data/nex-gddp-cimp6_hazards/Data/chirts_chirps_hist/maps/SPEI-24/SPEI-24_JAS_full_min.tif (mean=-2.2114806795275)
OK: /home/jovyan/common_data/nex-gddp-cimp6_hazards/Data/chirts_chirps_hist/maps/SPEI-24/SPEI-24_JAS_full_max.tif (mean=2.1391012261213)
OK: /home/jovyan/common_data/nex-gddp-cimp6_hazards/Data/chirts_chirps_hist/maps/SPEI-24/SPEI-24_ASO_full_max.tif (mean=2.1562644282014)
OK: /home/jovyan/common_data/nex-gddp-cimp6_hazards/Data/chirts_chirps_hist/maps/SPEI-24/SPEI-24_ASO_full_mean.tif (mean=0.0030503693300889)
OK: /home/jovyan/common_data/nex-gddp-cimp6_hazards/Data/chirts_chirps_hist/maps/SPEI-24/SPEI-24_JAS_full_sd.tif (mean=1.0651192385554)
OK: /home/jovyan/common_data/nex-gddp-cimp6_hazards/Data/chirts_chirps_hist/maps/SPEI-24/SPEI-24_ASO_full_min.tif (mean=-2.2231062429237)
OK: /home/jovyan/common_data/nex-gddp-cimp6_hazards/Data/chirts_chirps_hist/maps/SPEI-24/SPEI-24_ASO_full_sd.tif (mean=1.0691000609953)
OK: /home/jovyan/common_data/nex-gddp-cimp6_hazards/Data/chirts_chirps_hist/maps/SPEI-24/SPEI-24_SON_full_mean.tif (mean=0.00035232793157087)
OK: /home/jovyan/common_data/nex-gddp-cimp6_hazards/Data/chirts_chirps_hist/maps/SPEI-24/SPEI-24_SON_full_max.tif (mean=2.1578014595749)
OK: /home/jovyan/common_data/nex-gddp-cimp6_hazards/Data/chirts_chirps_hist/maps/SPEI-24/SPEI-24_SON_full_min.tif (mean=-2.2313288405773)
OK: /home/jovyan/common_data/nex-gddp-cimp6_hazards/Data/chirts_chirps_hist/maps/SPEI-24/SPEI-24_OND_full_min.tif (mean=-2.2426191100267)
OK: /home/jovyan/common_data/nex-gddp-cimp6_hazards/Data/chirts_chirps_hist/maps/SPEI-24/SPEI-24_OND_full_mean.tif (mean=-0.0010774064892336)
OK: /home/jovyan/common_data/nex-gddp-cimp6_hazards/Data/chirts_chirps_hist/maps/SPEI-24/SPEI-24_OND_full_max.tif (mean=2.1474610506904)
OK: /home/jovyan/common_data/nex-gddp-cimp6_hazards/Data/chirts_chirps_hist/maps/SPEI-24/SPEI-24_SON_full_sd.tif (mean=1.068903860025)
OK: /home/jovyan/common_data/nex-gddp-cimp6_hazards/Data/chirts_chirps_hist/maps/SPEI-24/SPEI-24_OND_full_sd.tif (mean=1.0685121780509)
OK: /home/jovyan/common_data/nex-gddp-cimp6_hazards/Data/chirts_chirps_hist/maps/SPEI-24/SPEI-24_NDJ_full_mean.tif (mean=0.014134819222165)
OK: /home/jovyan/common_data/nex-gddp-cimp6_hazards/Data/chirts_chirps_hist/maps/SPEI-24/SPEI-24_NDJ_full_max.tif (mean=2.0042312039824)
OK: /home/jovyan/common_data/nex-gddp-cimp6_hazards/Data/chirts_chirps_hist/maps/SPEI-24/SPEI-24_NDJ_full_min.tif (mean=-2.01529331199)
OK: /home/jovyan/common_data/nex-gddp-cimp6_hazards/Data/chirts_chirps_hist/maps/_smoke/PTOT/PTOT_annual_1991-2020_mean.tif (mean=730.89848413726)
OK: /home/jovyan/common_data/nex-gddp-cimp6_hazards/Data/chirts_chirps_hist/maps/SPEI-24/SPEI-24_DJF_full_max.tif (mean=2.1870498402619)
OK: /home/jovyan/common_data/nex-gddp-cimp6_hazards/Data/chirts_chirps_hist/maps/SPEI-24/SPEI-24_DJF_full_min.tif (mean=-2.2121281472021)
OK: /home/jovyan/common_data/nex-gddp-cimp6_hazards/Data/chirts_chirps_hist/maps/SPEI-24/SPEI-24_NDJ_full_sd.tif (mean=0.98599036226747)
OK: /home/jovyan/common_data/nex-gddp-cimp6_hazards/Data/chirts_chirps_hist/maps/SPEI-24/SPEI-24_DJF_full_mean.tif (mean=0.013514681996234)
OK: /home/jovyan/common_data/nex-gddp-cimp6_hazards/Data/chirts_chirps_hist/maps/_smoke/PTOT/PTOT_annual_1991-2020_max.tif (mean=1293.0186672532)
OK: /home/jovyan/common_data/nex-gddp-cimp6_hazards/Data/chirts_chirps_hist/maps/_smoke/PTOT/PTOT_annual_1991-2020_sd.tif (mean=197.25624844103)
OK: /home/jovyan/common_data/nex-gddp-cimp6_hazards/Data/chirts_chirps_hist/maps/_smoke/PTOT/PTOT_annual_1991-2020_min.tif (mean=422.43173145583)
OK: /home/jovyan/common_data/nex-gddp-cimp6_hazards/Data/chirts_chirps_hist/maps/SPEI-24/SPEI-24_DJF_full_sd.tif (mean=1.0715764967619)
OK: /home/jovyan/common_data/nex-gddp-cimp6_hazards/Data/chirts_chirps_hist/maps/_smoke/PTOT/PTOT_JFM_1991-2020_sd.tif (mean=82.519958602765)
OK: /home/jovyan/common_data/nex-gddp-cimp6_hazards/Data/chirts_chirps_hist/maps/_smoke/PTOT/PTOT_JFM_1991-2020_max.tif (mean=382.71404668528)
OK: /home/jovyan/common_data/nex-gddp-cimp6_hazards/Data/chirts_chirps_hist/maps/_smoke/PTOT/PTOT_JFM_1991-2020_mean.tif (mean=151.41565740692)
OK: /home/jovyan/common_data/nex-gddp-cimp6_hazards/Data/chirts_chirps_hist/maps/_smoke/PTOT/PTOT_JJA_1991-2020_mean.tif (mean=99.860142875356)
OK: /home/jovyan/common_data/nex-gddp-cimp6_hazards/Data/chirts_chirps_hist/maps/_smoke/PTOT/PTOT_JFM_1991-2020_min.tif (mean=40.260156168052)
OK: /home/jovyan/common_data/nex-gddp-cimp6_hazards/Data/chirts_chirps_hist/maps/_smoke/PTOT/PTOT_JJA_1991-2020_max.tif (mean=197.57469932447)
OK: /home/jovyan/common_data/nex-gddp-cimp6_hazards/Data/chirts_chirps_hist/maps/_smoke/PTOT/PTOT_JJA_1991-2020_min.tif (mean=49.697003275546)
OK: /home/jovyan/common_data/nex-gddp-cimp6_hazards/Data/chirts_chirps_hist/maps/_smoke/PTOT/PTOT_JJA_1991-2020_sd.tif (mean=35.080596853558)

  done at Thu May 21 18:14:51 UTC 2026
  successes : 1417
  failures  : 0
  leftover .s1.tif / .s3.tif files (should be 0):
0

=== STAGE 0b: post-rebake verification ===
[mean] -> Size is 1500, 1600
        STATISTICS_MEAN=644.31121432631
        STATISTICS_STDDEV=653.40466779228
[sd] -> Size is 1500, 1600
        STATISTICS_MEAN=106.28128154442
        STATISTICS_STDDEV=79.283502238635
[min] -> Size is 1500, 1600
        STATISTICS_MEAN=454.22433334772
        STATISTICS_STDDEV=532.48569083184
[max] -> Size is 1500, 1600
        STATISTICS_MEAN=897.06700205203
        STATISTICS_STDDEV=801.18283237025
