nohup: ignoring input
[06:19:40] bootstrap_minimal: resolving project / working dirs
[06:19:41]   selected working_dir: /home/jovyan/common_data/nex-gddp-cimp6_hazards
[publish] workers=16  per_worker_gb~0.2  cores=40/40 (logical/physical)  RAM=8589934566.1 free / 376.5 total GB [cgroup=8589934592.0 / host=376.5 GB]  budget=3.2 GB
[06:19:42] Installing AtlasDataManageR from GitHub
Using GitHub PAT from the git credential store.
Downloading GitHub repo AdaptationAtlas/data-management@HEAD
vctrs       (0.6.5  -> 0.7.3    ) [CRAN]
rlang       (1.1.6  -> 1.2.0    ) [CRAN]
rappdirs    (0.3.3  -> 0.3.4    ) [CRAN]
openssl     (2.3.4  -> 2.4.1    ) [CRAN]
magrittr    (2.0.4  -> 2.0.5    ) [CRAN]
lifecycle   (1.0.4  -> 1.0.5    ) [CRAN]
glue        (1.8.0  -> 1.8.1    ) [CRAN]
cli         (3.6.5  -> 3.6.6    ) [CRAN]
xml2        (1.4.1  -> 1.5.2    ) [CRAN]
Rcpp        (1.1.0  -> 1.1.1-1.1) [CRAN]
httr2       (1.2.1  -> 1.2.2    ) [CRAN]
digest      (0.6.37 -> 0.6.39   ) [CRAN]
curl        (7.0.0  -> 7.1.0    ) [CRAN]
base64enc   (0.1-3  -> 0.1-6    ) [CRAN]
paws.common (0.8.5  -> 0.8.9    ) [CRAN]
Installing 15 packages: vctrs, rlang, rappdirs, openssl, magrittr, lifecycle, glue, cli, xml2, Rcpp, httr2, digest, curl, base64enc, paws.common
Installing packages into ‘/home/jovyan/R/x86_64-pc-linux-gnu-library/4.5’
(as ‘lib’ is unspecified)
trying URL 'https://cloud.r-project.org/src/contrib/vctrs_0.7.3.tar.gz'
trying URL 'https://cloud.r-project.org/src/contrib/rlang_1.2.0.tar.gz'
trying URL 'https://cloud.r-project.org/src/contrib/rappdirs_0.3.4.tar.gz'
trying URL 'https://cloud.r-project.org/src/contrib/openssl_2.4.1.tar.gz'
trying URL 'https://cloud.r-project.org/src/contrib/magrittr_2.0.5.tar.gz'
trying URL 'https://cloud.r-project.org/src/contrib/lifecycle_1.0.5.tar.gz'
trying URL 'https://cloud.r-project.org/src/contrib/glue_1.8.1.tar.gz'
trying URL 'https://cloud.r-project.org/src/contrib/cli_3.6.6.tar.gz'
trying URL 'https://cloud.r-project.org/src/contrib/xml2_1.5.2.tar.gz'
trying URL 'https://cloud.r-project.org/src/contrib/Rcpp_1.1.1-1.1.tar.gz'
trying URL 'https://cloud.r-project.org/src/contrib/httr2_1.2.2.tar.gz'
trying URL 'https://cloud.r-project.org/src/contrib/digest_0.6.39.tar.gz'
trying URL 'https://cloud.r-project.org/src/contrib/curl_7.1.0.tar.gz'
trying URL 'https://cloud.r-project.org/src/contrib/base64enc_0.1-6.tar.gz'
trying URL 'https://cloud.r-project.org/src/contrib/paws.common_0.8.9.tar.gz'
* installing *source* package ‘rlang’ ...
** this is package ‘rlang’ version ‘1.2.0’
** package ‘rlang’ successfully unpacked and MD5 sums checked
** using staged installation
** libs
using C compiler: ‘gcc (Ubuntu 13.3.0-6ubuntu2~24.04) 13.3.0’
gcc -std=gnu2x -I"/usr/share/R/include" -DNDEBUG -I./rlang/     -fvisibility=hidden -fpic  -g -O2 -fno-omit-frame-pointer -mno-omit-leaf-frame-pointer -ffile-prefix-map=/build/r-base-wwoKA3/r-base-4.5.1=. -fstack-protector-strong -fstack-clash-protection -Wformat -Werror=format-security -fcf-protection -fdebug-prefix-map=/build/r-base-wwoKA3/r-base-4.5.1=/usr/src/r-base-4.5.1-1.2404.0 -Wdate-time -D_FORTIFY_SOURCE=3  -c capture.c -o capture.o
touch internal.c
gcc -std=gnu2x -I"/usr/share/R/include" -DNDEBUG -I./rlang/     -fvisibility=hidden -fpic  -g -O2 -fno-omit-frame-pointer -mno-omit-leaf-frame-pointer -ffile-prefix-map=/build/r-base-wwoKA3/r-base-4.5.1=. -fstack-protector-strong -fstack-clash-protection -Wformat -Werror=format-security -fcf-protection -fdebug-prefix-map=/build/r-base-wwoKA3/r-base-4.5.1=/usr/src/r-base-4.5.1-1.2404.0 -Wdate-time -D_FORTIFY_SOURCE=3  -c internal.c -o internal.o
gcc -std=gnu2x -I"/usr/share/R/include" -DNDEBUG -I./rlang/     -fvisibility=hidden -fpic  -g -O2 -fno-omit-frame-pointer -mno-omit-leaf-frame-pointer -ffile-prefix-map=/build/r-base-wwoKA3/r-base-4.5.1=. -fstack-protector-strong -fstack-clash-protection -Wformat -Werror=format-security -fcf-protection -fdebug-prefix-map=/build/r-base-wwoKA3/r-base-4.5.1=/usr/src/r-base-4.5.1-1.2404.0 -Wdate-time -D_FORTIFY_SOURCE=3  -c rlang.c -o rlang.o
gcc -std=gnu2x -I"/usr/share/R/include" -DNDEBUG -I./rlang/     -fvisibility=hidden -fpic  -g -O2 -fno-omit-frame-pointer -mno-omit-leaf-frame-pointer -ffile-prefix-map=/build/r-base-wwoKA3/r-base-4.5.1=. -fstack-protector-strong -fstack-clash-protection -Wformat -Werror=format-security -fcf-protection -fdebug-prefix-map=/build/r-base-wwoKA3/r-base-4.5.1=/usr/src/r-base-4.5.1-1.2404.0 -Wdate-time -D_FORTIFY_SOURCE=3  -c version.c -o version.o
gcc -std=gnu2x -shared -L/usr/lib/R/lib -Wl,-Bsymbolic-functions -flto=auto -ffat-lto-objects -Wl,-z,relro -o rlang.so capture.o internal.o rlang.o version.o -L/usr/lib/R/lib -lR
installing to /home/jovyan/R/x86_64-pc-linux-gnu-library/4.5/00LOCK-rlang/00new/rlang/libs
** R
** inst
** byte-compile and prepare package for lazy loading
** help
*** installing help indices
*** copying figures
** building package indices
** testing if installed package can be loaded from temporary location
** checking absolute paths in shared objects and dynamic libraries
** testing if installed package can be loaded from final location
** testing if installed package keeps a record of temporary installation path
* DONE (rlang)
* installing *source* package ‘rappdirs’ ...
** this is package ‘rappdirs’ version ‘0.3.4’
** package ‘rappdirs’ successfully unpacked and MD5 sums checked
** using staged installation
** libs
using C compiler: ‘gcc (Ubuntu 13.3.0-6ubuntu2~24.04) 13.3.0’
gcc -std=gnu2x -I"/usr/share/R/include" -DNDEBUG       -fpic  -g -O2 -fno-omit-frame-pointer -mno-omit-leaf-frame-pointer -ffile-prefix-map=/build/r-base-wwoKA3/r-base-4.5.1=. -fstack-protector-strong -fstack-clash-protection -Wformat -Werror=format-security -fcf-protection -fdebug-prefix-map=/build/r-base-wwoKA3/r-base-4.5.1=/usr/src/r-base-4.5.1-1.2404.0 -Wdate-time -D_FORTIFY_SOURCE=3  -c init.c -o init.o
gcc -std=gnu2x -I"/usr/share/R/include" -DNDEBUG       -fpic  -g -O2 -fno-omit-frame-pointer -mno-omit-leaf-frame-pointer -ffile-prefix-map=/build/r-base-wwoKA3/r-base-4.5.1=. -fstack-protector-strong -fstack-clash-protection -Wformat -Werror=format-security -fcf-protection -fdebug-prefix-map=/build/r-base-wwoKA3/r-base-4.5.1=/usr/src/r-base-4.5.1-1.2404.0 -Wdate-time -D_FORTIFY_SOURCE=3  -c win-path.c -o win-path.o
gcc -std=gnu2x -shared -L/usr/lib/R/lib -Wl,-Bsymbolic-functions -flto=auto -ffat-lto-objects -Wl,-z,relro -o rappdirs.so init.o win-path.o -L/usr/lib/R/lib -lR
installing to /home/jovyan/R/x86_64-pc-linux-gnu-library/4.5/00LOCK-rappdirs/00new/rappdirs/libs
** R
** byte-compile and prepare package for lazy loading
** help
*** installing help indices
** building package indices
** testing if installed package can be loaded from temporary location
** checking absolute paths in shared objects and dynamic libraries
** testing if installed package can be loaded from final location
** testing if installed package keeps a record of temporary installation path
* DONE (rappdirs)
* installing *source* package ‘openssl’ ...
** this is package ‘openssl’ version ‘2.4.1’
** package ‘openssl’ successfully unpacked and MD5 sums checked
** using staged installation
Found pkg-config cflags and libs!
Using PKG_CFLAGS=
Using PKG_LIBS=-l:libssl.so.3 -l:libcrypto.so.3 
** libs
using C compiler: ‘gcc (Ubuntu 13.3.0-6ubuntu2~24.04) 13.3.0’
rm -f aes.o base64.o bignum.o cert.o compatibility.o diffie.o envelope.o error.o hash.o info.o keygen.o keys.o onload.o openssh.o password.o pbkdf.o pem.o pkcs12.o pkcs7.o rand.o rsa.o signing.o ssl.o stream.o write.o x25519.o openssl.so bcrypt/libstatbcrypt.a bcrypt/bcrypt_pbkdf.o bcrypt/blowfish.o
gcc -std=gnu2x -I"/usr/share/R/include" -DNDEBUG -DOPENSSL_API_COMPAT=0x10101000L -DSTRICT_R_HEADERS -DR_NO_REMAP      -fpic  -g -O2 -fno-omit-frame-pointer -mno-omit-leaf-frame-pointer -ffile-prefix-map=/build/r-base-wwoKA3/r-base-4.5.1=. -fstack-protector-strong -fstack-clash-protection -Wformat -Werror=format-security -fcf-protection -fdebug-prefix-map=/build/r-base-wwoKA3/r-base-4.5.1=/usr/src/r-base-4.5.1-1.2404.0 -Wdate-time -D_FORTIFY_SOURCE=3  -c aes.c -o aes.o
gcc -std=gnu2x -I"/usr/share/R/include" -DNDEBUG -DOPENSSL_API_COMPAT=0x10101000L -DSTRICT_R_HEADERS -DR_NO_REMAP      -fpic  -g -O2 -fno-omit-frame-pointer -mno-omit-leaf-frame-pointer -ffile-prefix-map=/build/r-base-wwoKA3/r-base-4.5.1=. -fstack-protector-strong -fstack-clash-protection -Wformat -Werror=format-security -fcf-protection -fdebug-prefix-map=/build/r-base-wwoKA3/r-base-4.5.1=/usr/src/r-base-4.5.1-1.2404.0 -Wdate-time -D_FORTIFY_SOURCE=3  -c base64.c -o base64.o
gcc -std=gnu2x -I"/usr/share/R/include" -DNDEBUG -DOPENSSL_API_COMPAT=0x10101000L -DSTRICT_R_HEADERS -DR_NO_REMAP      -fpic  -g -O2 -fno-omit-frame-pointer -mno-omit-leaf-frame-pointer -ffile-prefix-map=/build/r-base-wwoKA3/r-base-4.5.1=. -fstack-protector-strong -fstack-clash-protection -Wformat -Werror=format-security -fcf-protection -fdebug-prefix-map=/build/r-base-wwoKA3/r-base-4.5.1=/usr/src/r-base-4.5.1-1.2404.0 -Wdate-time -D_FORTIFY_SOURCE=3  -c bignum.c -o bignum.o
gcc -std=gnu2x -I"/usr/share/R/include" -DNDEBUG -DOPENSSL_API_COMPAT=0x10101000L -DSTRICT_R_HEADERS -DR_NO_REMAP      -fpic  -g -O2 -fno-omit-frame-pointer -mno-omit-leaf-frame-pointer -ffile-prefix-map=/build/r-base-wwoKA3/r-base-4.5.1=. -fstack-protector-strong -fstack-clash-protection -Wformat -Werror=format-security -fcf-protection -fdebug-prefix-map=/build/r-base-wwoKA3/r-base-4.5.1=/usr/src/r-base-4.5.1-1.2404.0 -Wdate-time -D_FORTIFY_SOURCE=3  -c cert.c -o cert.o
gcc -std=gnu2x -I"/usr/share/R/include" -DNDEBUG -DOPENSSL_API_COMPAT=0x10101000L -DSTRICT_R_HEADERS -DR_NO_REMAP      -fpic  -g -O2 -fno-omit-frame-pointer -mno-omit-leaf-frame-pointer -ffile-prefix-map=/build/r-base-wwoKA3/r-base-4.5.1=. -fstack-protector-strong -fstack-clash-protection -Wformat -Werror=format-security -fcf-protection -fdebug-prefix-map=/build/r-base-wwoKA3/r-base-4.5.1=/usr/src/r-base-4.5.1-1.2404.0 -Wdate-time -D_FORTIFY_SOURCE=3  -c compatibility.c -o compatibility.o
gcc -std=gnu2x -I"/usr/share/R/include" -DNDEBUG -DOPENSSL_API_COMPAT=0x10101000L -DSTRICT_R_HEADERS -DR_NO_REMAP      -fpic  -g -O2 -fno-omit-frame-pointer -mno-omit-leaf-frame-pointer -ffile-prefix-map=/build/r-base-wwoKA3/r-base-4.5.1=. -fstack-protector-strong -fstack-clash-protection -Wformat -Werror=format-security -fcf-protection -fdebug-prefix-map=/build/r-base-wwoKA3/r-base-4.5.1=/usr/src/r-base-4.5.1-1.2404.0 -Wdate-time -D_FORTIFY_SOURCE=3  -c diffie.c -o diffie.o
gcc -std=gnu2x -I"/usr/share/R/include" -DNDEBUG -DOPENSSL_API_COMPAT=0x10101000L -DSTRICT_R_HEADERS -DR_NO_REMAP      -fpic  -g -O2 -fno-omit-frame-pointer -mno-omit-leaf-frame-pointer -ffile-prefix-map=/build/r-base-wwoKA3/r-base-4.5.1=. -fstack-protector-strong -fstack-clash-protection -Wformat -Werror=format-security -fcf-protection -fdebug-prefix-map=/build/r-base-wwoKA3/r-base-4.5.1=/usr/src/r-base-4.5.1-1.2404.0 -Wdate-time -D_FORTIFY_SOURCE=3  -c envelope.c -o envelope.o
gcc -std=gnu2x -I"/usr/share/R/include" -DNDEBUG -DOPENSSL_API_COMPAT=0x10101000L -DSTRICT_R_HEADERS -DR_NO_REMAP      -fpic  -g -O2 -fno-omit-frame-pointer -mno-omit-leaf-frame-pointer -ffile-prefix-map=/build/r-base-wwoKA3/r-base-4.5.1=. -fstack-protector-strong -fstack-clash-protection -Wformat -Werror=format-security -fcf-protection -fdebug-prefix-map=/build/r-base-wwoKA3/r-base-4.5.1=/usr/src/r-base-4.5.1-1.2404.0 -Wdate-time -D_FORTIFY_SOURCE=3  -c error.c -o error.o
gcc -std=gnu2x -I"/usr/share/R/include" -DNDEBUG -DOPENSSL_API_COMPAT=0x10101000L -DSTRICT_R_HEADERS -DR_NO_REMAP      -fpic  -g -O2 -fno-omit-frame-pointer -mno-omit-leaf-frame-pointer -ffile-prefix-map=/build/r-base-wwoKA3/r-base-4.5.1=. -fstack-protector-strong -fstack-clash-protection -Wformat -Werror=format-security -fcf-protection -fdebug-prefix-map=/build/r-base-wwoKA3/r-base-4.5.1=/usr/src/r-base-4.5.1-1.2404.0 -Wdate-time -D_FORTIFY_SOURCE=3  -c hash.c -o hash.o
gcc -std=gnu2x -I"/usr/share/R/include" -DNDEBUG -DOPENSSL_API_COMPAT=0x10101000L -DSTRICT_R_HEADERS -DR_NO_REMAP      -fpic  -g -O2 -fno-omit-frame-pointer -mno-omit-leaf-frame-pointer -ffile-prefix-map=/build/r-base-wwoKA3/r-base-4.5.1=. -fstack-protector-strong -fstack-clash-protection -Wformat -Werror=format-security -fcf-protection -fdebug-prefix-map=/build/r-base-wwoKA3/r-base-4.5.1=/usr/src/r-base-4.5.1-1.2404.0 -Wdate-time -D_FORTIFY_SOURCE=3  -c info.c -o info.o
gcc -std=gnu2x -I"/usr/share/R/include" -DNDEBUG -DOPENSSL_API_COMPAT=0x10101000L -DSTRICT_R_HEADERS -DR_NO_REMAP      -fpic  -g -O2 -fno-omit-frame-pointer -mno-omit-leaf-frame-pointer -ffile-prefix-map=/build/r-base-wwoKA3/r-base-4.5.1=. -fstack-protector-strong -fstack-clash-protection -Wformat -Werror=format-security -fcf-protection -fdebug-prefix-map=/build/r-base-wwoKA3/r-base-4.5.1=/usr/src/r-base-4.5.1-1.2404.0 -Wdate-time -D_FORTIFY_SOURCE=3  -c keygen.c -o keygen.o
gcc -std=gnu2x -I"/usr/share/R/include" -DNDEBUG -DOPENSSL_API_COMPAT=0x10101000L -DSTRICT_R_HEADERS -DR_NO_REMAP      -fpic  -g -O2 -fno-omit-frame-pointer -mno-omit-leaf-frame-pointer -ffile-prefix-map=/build/r-base-wwoKA3/r-base-4.5.1=. -fstack-protector-strong -fstack-clash-protection -Wformat -Werror=format-security -fcf-protection -fdebug-prefix-map=/build/r-base-wwoKA3/r-base-4.5.1=/usr/src/r-base-4.5.1-1.2404.0 -Wdate-time -D_FORTIFY_SOURCE=3  -c keys.c -o keys.o
gcc -std=gnu2x -I"/usr/share/R/include" -DNDEBUG -DOPENSSL_API_COMPAT=0x10101000L -DSTRICT_R_HEADERS -DR_NO_REMAP      -fpic  -g -O2 -fno-omit-frame-pointer -mno-omit-leaf-frame-pointer -ffile-prefix-map=/build/r-base-wwoKA3/r-base-4.5.1=. -fstack-protector-strong -fstack-clash-protection -Wformat -Werror=format-security -fcf-protection -fdebug-prefix-map=/build/r-base-wwoKA3/r-base-4.5.1=/usr/src/r-base-4.5.1-1.2404.0 -Wdate-time -D_FORTIFY_SOURCE=3  -c onload.c -o onload.o
gcc -std=gnu2x -I"/usr/share/R/include" -DNDEBUG -DOPENSSL_API_COMPAT=0x10101000L -DSTRICT_R_HEADERS -DR_NO_REMAP      -fpic  -g -O2 -fno-omit-frame-pointer -mno-omit-leaf-frame-pointer -ffile-prefix-map=/build/r-base-wwoKA3/r-base-4.5.1=. -fstack-protector-strong -fstack-clash-protection -Wformat -Werror=format-security -fcf-protection -fdebug-prefix-map=/build/r-base-wwoKA3/r-base-4.5.1=/usr/src/r-base-4.5.1-1.2404.0 -Wdate-time -D_FORTIFY_SOURCE=3  -c openssh.c -o openssh.o
gcc -std=gnu2x -I"/usr/share/R/include" -DNDEBUG -DOPENSSL_API_COMPAT=0x10101000L -DSTRICT_R_HEADERS -DR_NO_REMAP      -fpic  -g -O2 -fno-omit-frame-pointer -mno-omit-leaf-frame-pointer -ffile-prefix-map=/build/r-base-wwoKA3/r-base-4.5.1=. -fstack-protector-strong -fstack-clash-protection -Wformat -Werror=format-security -fcf-protection -fdebug-prefix-map=/build/r-base-wwoKA3/r-base-4.5.1=/usr/src/r-base-4.5.1-1.2404.0 -Wdate-time -D_FORTIFY_SOURCE=3  -c password.c -o password.o
gcc -std=gnu2x -I"/usr/share/R/include" -DNDEBUG -DOPENSSL_API_COMPAT=0x10101000L -DSTRICT_R_HEADERS -DR_NO_REMAP      -fpic  -g -O2 -fno-omit-frame-pointer -mno-omit-leaf-frame-pointer -ffile-prefix-map=/build/r-base-wwoKA3/r-base-4.5.1=. -fstack-protector-strong -fstack-clash-protection -Wformat -Werror=format-security -fcf-protection -fdebug-prefix-map=/build/r-base-wwoKA3/r-base-4.5.1=/usr/src/r-base-4.5.1-1.2404.0 -Wdate-time -D_FORTIFY_SOURCE=3  -c pbkdf.c -o pbkdf.o
gcc -std=gnu2x -I"/usr/share/R/include" -DNDEBUG -DOPENSSL_API_COMPAT=0x10101000L -DSTRICT_R_HEADERS -DR_NO_REMAP      -fpic  -g -O2 -fno-omit-frame-pointer -mno-omit-leaf-frame-pointer -ffile-prefix-map=/build/r-base-wwoKA3/r-base-4.5.1=. -fstack-protector-strong -fstack-clash-protection -Wformat -Werror=format-security -fcf-protection -fdebug-prefix-map=/build/r-base-wwoKA3/r-base-4.5.1=/usr/src/r-base-4.5.1-1.2404.0 -Wdate-time -D_FORTIFY_SOURCE=3  -c pem.c -o pem.o
gcc -std=gnu2x -I"/usr/share/R/include" -DNDEBUG -DOPENSSL_API_COMPAT=0x10101000L -DSTRICT_R_HEADERS -DR_NO_REMAP      -fpic  -g -O2 -fno-omit-frame-pointer -mno-omit-leaf-frame-pointer -ffile-prefix-map=/build/r-base-wwoKA3/r-base-4.5.1=. -fstack-protector-strong -fstack-clash-protection -Wformat -Werror=format-security -fcf-protection -fdebug-prefix-map=/build/r-base-wwoKA3/r-base-4.5.1=/usr/src/r-base-4.5.1-1.2404.0 -Wdate-time -D_FORTIFY_SOURCE=3  -c pkcs12.c -o pkcs12.o
gcc -std=gnu2x -I"/usr/share/R/include" -DNDEBUG -DOPENSSL_API_COMPAT=0x10101000L -DSTRICT_R_HEADERS -DR_NO_REMAP      -fpic  -g -O2 -fno-omit-frame-pointer -mno-omit-leaf-frame-pointer -ffile-prefix-map=/build/r-base-wwoKA3/r-base-4.5.1=. -fstack-protector-strong -fstack-clash-protection -Wformat -Werror=format-security -fcf-protection -fdebug-prefix-map=/build/r-base-wwoKA3/r-base-4.5.1=/usr/src/r-base-4.5.1-1.2404.0 -Wdate-time -D_FORTIFY_SOURCE=3  -c pkcs7.c -o pkcs7.o
gcc -std=gnu2x -I"/usr/share/R/include" -DNDEBUG -DOPENSSL_API_COMPAT=0x10101000L -DSTRICT_R_HEADERS -DR_NO_REMAP      -fpic  -g -O2 -fno-omit-frame-pointer -mno-omit-leaf-frame-pointer -ffile-prefix-map=/build/r-base-wwoKA3/r-base-4.5.1=. -fstack-protector-strong -fstack-clash-protection -Wformat -Werror=format-security -fcf-protection -fdebug-prefix-map=/build/r-base-wwoKA3/r-base-4.5.1=/usr/src/r-base-4.5.1-1.2404.0 -Wdate-time -D_FORTIFY_SOURCE=3  -c rand.c -o rand.o
gcc -std=gnu2x -I"/usr/share/R/include" -DNDEBUG -DOPENSSL_API_COMPAT=0x10101000L -DSTRICT_R_HEADERS -DR_NO_REMAP      -fpic  -g -O2 -fno-omit-frame-pointer -mno-omit-leaf-frame-pointer -ffile-prefix-map=/build/r-base-wwoKA3/r-base-4.5.1=. -fstack-protector-strong -fstack-clash-protection -Wformat -Werror=format-security -fcf-protection -fdebug-prefix-map=/build/r-base-wwoKA3/r-base-4.5.1=/usr/src/r-base-4.5.1-1.2404.0 -Wdate-time -D_FORTIFY_SOURCE=3  -c rsa.c -o rsa.o
gcc -std=gnu2x -I"/usr/share/R/include" -DNDEBUG -DOPENSSL_API_COMPAT=0x10101000L -DSTRICT_R_HEADERS -DR_NO_REMAP      -fpic  -g -O2 -fno-omit-frame-pointer -mno-omit-leaf-frame-pointer -ffile-prefix-map=/build/r-base-wwoKA3/r-base-4.5.1=. -fstack-protector-strong -fstack-clash-protection -Wformat -Werror=format-security -fcf-protection -fdebug-prefix-map=/build/r-base-wwoKA3/r-base-4.5.1=/usr/src/r-base-4.5.1-1.2404.0 -Wdate-time -D_FORTIFY_SOURCE=3  -c signing.c -o signing.o
gcc -std=gnu2x -I"/usr/share/R/include" -DNDEBUG -DOPENSSL_API_COMPAT=0x10101000L -DSTRICT_R_HEADERS -DR_NO_REMAP      -fpic  -g -O2 -fno-omit-frame-pointer -mno-omit-leaf-frame-pointer -ffile-prefix-map=/build/r-base-wwoKA3/r-base-4.5.1=. -fstack-protector-strong -fstack-clash-protection -Wformat -Werror=format-security -fcf-protection -fdebug-prefix-map=/build/r-base-wwoKA3/r-base-4.5.1=/usr/src/r-base-4.5.1-1.2404.0 -Wdate-time -D_FORTIFY_SOURCE=3  -c ssl.c -o ssl.o
gcc -std=gnu2x -I"/usr/share/R/include" -DNDEBUG -DOPENSSL_API_COMPAT=0x10101000L -DSTRICT_R_HEADERS -DR_NO_REMAP      -fpic  -g -O2 -fno-omit-frame-pointer -mno-omit-leaf-frame-pointer -ffile-prefix-map=/build/r-base-wwoKA3/r-base-4.5.1=. -fstack-protector-strong -fstack-clash-protection -Wformat -Werror=format-security -fcf-protection -fdebug-prefix-map=/build/r-base-wwoKA3/r-base-4.5.1=/usr/src/r-base-4.5.1-1.2404.0 -Wdate-time -D_FORTIFY_SOURCE=3  -c stream.c -o stream.o
gcc -std=gnu2x -I"/usr/share/R/include" -DNDEBUG -DOPENSSL_API_COMPAT=0x10101000L -DSTRICT_R_HEADERS -DR_NO_REMAP      -fpic  -g -O2 -fno-omit-frame-pointer -mno-omit-leaf-frame-pointer -ffile-prefix-map=/build/r-base-wwoKA3/r-base-4.5.1=. -fstack-protector-strong -fstack-clash-protection -Wformat -Werror=format-security -fcf-protection -fdebug-prefix-map=/build/r-base-wwoKA3/r-base-4.5.1=/usr/src/r-base-4.5.1-1.2404.0 -Wdate-time -D_FORTIFY_SOURCE=3  -c write.c -o write.o
gcc -std=gnu2x -I"/usr/share/R/include" -DNDEBUG -DOPENSSL_API_COMPAT=0x10101000L -DSTRICT_R_HEADERS -DR_NO_REMAP      -fpic  -g -O2 -fno-omit-frame-pointer -mno-omit-leaf-frame-pointer -ffile-prefix-map=/build/r-base-wwoKA3/r-base-4.5.1=. -fstack-protector-strong -fstack-clash-protection -Wformat -Werror=format-security -fcf-protection -fdebug-prefix-map=/build/r-base-wwoKA3/r-base-4.5.1=/usr/src/r-base-4.5.1-1.2404.0 -Wdate-time -D_FORTIFY_SOURCE=3  -c x25519.c -o x25519.o
gcc -std=gnu2x -I"/usr/share/R/include" -DNDEBUG -DOPENSSL_API_COMPAT=0x10101000L -DSTRICT_R_HEADERS -DR_NO_REMAP      -fpic  -g -O2 -fno-omit-frame-pointer -mno-omit-leaf-frame-pointer -ffile-prefix-map=/build/r-base-wwoKA3/r-base-4.5.1=. -fstack-protector-strong -fstack-clash-protection -Wformat -Werror=format-security -fcf-protection -fdebug-prefix-map=/build/r-base-wwoKA3/r-base-4.5.1=/usr/src/r-base-4.5.1-1.2404.0 -Wdate-time -D_FORTIFY_SOURCE=3  -c bcrypt/bcrypt_pbkdf.c -o bcrypt/bcrypt_pbkdf.o
gcc -std=gnu2x -I"/usr/share/R/include" -DNDEBUG -DOPENSSL_API_COMPAT=0x10101000L -DSTRICT_R_HEADERS -DR_NO_REMAP      -fpic  -g -O2 -fno-omit-frame-pointer -mno-omit-leaf-frame-pointer -ffile-prefix-map=/build/r-base-wwoKA3/r-base-4.5.1=. -fstack-protector-strong -fstack-clash-protection -Wformat -Werror=format-security -fcf-protection -fdebug-prefix-map=/build/r-base-wwoKA3/r-base-4.5.1=/usr/src/r-base-4.5.1-1.2404.0 -Wdate-time -D_FORTIFY_SOURCE=3  -c bcrypt/blowfish.c -o bcrypt/blowfish.o
ar rcs bcrypt/libstatbcrypt.a bcrypt/bcrypt_pbkdf.o bcrypt/blowfish.o
gcc -std=gnu2x -shared -L/usr/lib/R/lib -Wl,-Bsymbolic-functions -flto=auto -ffat-lto-objects -Wl,-z,relro -o openssl.so aes.o base64.o bignum.o cert.o compatibility.o diffie.o envelope.o error.o hash.o info.o keygen.o keys.o onload.o openssh.o password.o pbkdf.o pem.o pkcs12.o pkcs7.o rand.o rsa.o signing.o ssl.o stream.o write.o x25519.o -Lbcrypt -lstatbcrypt -l:libssl.so.3 -l:libcrypto.so.3 -L/usr/lib/R/lib -lR
installing to /home/jovyan/R/x86_64-pc-linux-gnu-library/4.5/00LOCK-openssl/00new/openssl/libs
** R
** inst
** byte-compile and prepare package for lazy loading
** help
*** installing help indices
** building package indices
** installing vignettes
** testing if installed package can be loaded from temporary location
** checking absolute paths in shared objects and dynamic libraries
** testing if installed package can be loaded from final location
** testing if installed package keeps a record of temporary installation path
* DONE (openssl)
* installing *source* package ‘magrittr’ ...
** this is package ‘magrittr’ version ‘2.0.5’
** package ‘magrittr’ successfully unpacked and MD5 sums checked
** using staged installation
** libs
using C compiler: ‘gcc (Ubuntu 13.3.0-6ubuntu2~24.04) 13.3.0’
gcc -std=gnu2x -I"/usr/share/R/include" -DNDEBUG       -fpic  -g -O2 -fno-omit-frame-pointer -mno-omit-leaf-frame-pointer -ffile-prefix-map=/build/r-base-wwoKA3/r-base-4.5.1=. -fstack-protector-strong -fstack-clash-protection -Wformat -Werror=format-security -fcf-protection -fdebug-prefix-map=/build/r-base-wwoKA3/r-base-4.5.1=/usr/src/r-base-4.5.1-1.2404.0 -Wdate-time -D_FORTIFY_SOURCE=3  -c pipe.c -o pipe.o
gcc -std=gnu2x -I"/usr/share/R/include" -DNDEBUG       -fpic  -g -O2 -fno-omit-frame-pointer -mno-omit-leaf-frame-pointer -ffile-prefix-map=/build/r-base-wwoKA3/r-base-4.5.1=. -fstack-protector-strong -fstack-clash-protection -Wformat -Werror=format-security -fcf-protection -fdebug-prefix-map=/build/r-base-wwoKA3/r-base-4.5.1=/usr/src/r-base-4.5.1-1.2404.0 -Wdate-time -D_FORTIFY_SOURCE=3  -c utils.c -o utils.o
gcc -std=gnu2x -shared -L/usr/lib/R/lib -Wl,-Bsymbolic-functions -flto=auto -ffat-lto-objects -Wl,-z,relro -o magrittr.so pipe.o utils.o -L/usr/lib/R/lib -lR
installing to /home/jovyan/R/x86_64-pc-linux-gnu-library/4.5/00LOCK-magrittr/00new/magrittr/libs
** R
** inst
** byte-compile and prepare package for lazy loading
** help
*** installing help indices
*** copying figures
** building package indices
** installing vignettes
** testing if installed package can be loaded from temporary location
** checking absolute paths in shared objects and dynamic libraries
** testing if installed package can be loaded from final location
** testing if installed package keeps a record of temporary installation path
* DONE (magrittr)
* installing *source* package ‘glue’ ...
** this is package ‘glue’ version ‘1.8.1’
** package ‘glue’ successfully unpacked and MD5 sums checked
** using staged installation
** libs
using C compiler: ‘gcc (Ubuntu 13.3.0-6ubuntu2~24.04) 13.3.0’
gcc -std=gnu2x -I"/usr/share/R/include" -DNDEBUG      -fvisibility=hidden -fpic  -g -O2 -fno-omit-frame-pointer -mno-omit-leaf-frame-pointer -ffile-prefix-map=/build/r-base-wwoKA3/r-base-4.5.1=. -fstack-protector-strong -fstack-clash-protection -Wformat -Werror=format-security -fcf-protection -fdebug-prefix-map=/build/r-base-wwoKA3/r-base-4.5.1=/usr/src/r-base-4.5.1-1.2404.0 -Wdate-time -D_FORTIFY_SOURCE=3  -c glue.c -o glue.o
gcc -std=gnu2x -I"/usr/share/R/include" -DNDEBUG      -fvisibility=hidden -fpic  -g -O2 -fno-omit-frame-pointer -mno-omit-leaf-frame-pointer -ffile-prefix-map=/build/r-base-wwoKA3/r-base-4.5.1=. -fstack-protector-strong -fstack-clash-protection -Wformat -Werror=format-security -fcf-protection -fdebug-prefix-map=/build/r-base-wwoKA3/r-base-4.5.1=/usr/src/r-base-4.5.1-1.2404.0 -Wdate-time -D_FORTIFY_SOURCE=3  -c init.c -o init.o
gcc -std=gnu2x -I"/usr/share/R/include" -DNDEBUG      -fvisibility=hidden -fpic  -g -O2 -fno-omit-frame-pointer -mno-omit-leaf-frame-pointer -ffile-prefix-map=/build/r-base-wwoKA3/r-base-4.5.1=. -fstack-protector-strong -fstack-clash-protection -Wformat -Werror=format-security -fcf-protection -fdebug-prefix-map=/build/r-base-wwoKA3/r-base-4.5.1=/usr/src/r-base-4.5.1-1.2404.0 -Wdate-time -D_FORTIFY_SOURCE=3  -c trim.c -o trim.o
gcc -std=gnu2x -shared -L/usr/lib/R/lib -Wl,-Bsymbolic-functions -flto=auto -ffat-lto-objects -Wl,-z,relro -o glue.so glue.o init.o trim.o -L/usr/lib/R/lib -lR
installing to /home/jovyan/R/x86_64-pc-linux-gnu-library/4.5/00LOCK-glue/00new/glue/libs
** R
** inst
** byte-compile and prepare package for lazy loading
** help
*** installing help indices
*** copying figures
** building package indices
** installing vignettes
** testing if installed package can be loaded from temporary location
** checking absolute paths in shared objects and dynamic libraries
** testing if installed package can be loaded from final location
** testing if installed package keeps a record of temporary installation path
* DONE (glue)
* installing *source* package ‘cli’ ...
** this is package ‘cli’ version ‘3.6.6’
** package ‘cli’ successfully unpacked and MD5 sums checked
** using staged installation
** libs
using C compiler: ‘gcc (Ubuntu 13.3.0-6ubuntu2~24.04) 13.3.0’
gcc -std=gnu2x -I"/usr/share/R/include" -DNDEBUG -I../inst/include     -fvisibility=hidden -fpic  -g -O2 -fno-omit-frame-pointer -mno-omit-leaf-frame-pointer -ffile-prefix-map=/build/r-base-wwoKA3/r-base-4.5.1=. -fstack-protector-strong -fstack-clash-protection -Wformat -Werror=format-security -fcf-protection -fdebug-prefix-map=/build/r-base-wwoKA3/r-base-4.5.1=/usr/src/r-base-4.5.1-1.2404.0 -Wdate-time -D_FORTIFY_SOURCE=3  -c ansi.c -o ansi.o
gcc -std=gnu2x -I"/usr/share/R/include" -DNDEBUG -I../inst/include     -fvisibility=hidden -fpic  -g -O2 -fno-omit-frame-pointer -mno-omit-leaf-frame-pointer -ffile-prefix-map=/build/r-base-wwoKA3/r-base-4.5.1=. -fstack-protector-strong -fstack-clash-protection -Wformat -Werror=format-security -fcf-protection -fdebug-prefix-map=/build/r-base-wwoKA3/r-base-4.5.1=/usr/src/r-base-4.5.1-1.2404.0 -Wdate-time -D_FORTIFY_SOURCE=3  -c cleancall.c -o cleancall.o
gcc -std=gnu2x -I"/usr/share/R/include" -DNDEBUG -I../inst/include     -fvisibility=hidden -fpic  -g -O2 -fno-omit-frame-pointer -mno-omit-leaf-frame-pointer -ffile-prefix-map=/build/r-base-wwoKA3/r-base-4.5.1=. -fstack-protector-strong -fstack-clash-protection -Wformat -Werror=format-security -fcf-protection -fdebug-prefix-map=/build/r-base-wwoKA3/r-base-4.5.1=/usr/src/r-base-4.5.1-1.2404.0 -Wdate-time -D_FORTIFY_SOURCE=3  -c diff.c -o diff.o
gcc -std=gnu2x -I"/usr/share/R/include" -DNDEBUG -I../inst/include     -fvisibility=hidden -fpic  -g -O2 -fno-omit-frame-pointer -mno-omit-leaf-frame-pointer -ffile-prefix-map=/build/r-base-wwoKA3/r-base-4.5.1=. -fstack-protector-strong -fstack-clash-protection -Wformat -Werror=format-security -fcf-protection -fdebug-prefix-map=/build/r-base-wwoKA3/r-base-4.5.1=/usr/src/r-base-4.5.1-1.2404.0 -Wdate-time -D_FORTIFY_SOURCE=3  -c errors.c -o errors.o
gcc -std=gnu2x -I"/usr/share/R/include" -DNDEBUG -I../inst/include     -fvisibility=hidden -fpic  -g -O2 -fno-omit-frame-pointer -mno-omit-leaf-frame-pointer -ffile-prefix-map=/build/r-base-wwoKA3/r-base-4.5.1=. -fstack-protector-strong -fstack-clash-protection -Wformat -Werror=format-security -fcf-protection -fdebug-prefix-map=/build/r-base-wwoKA3/r-base-4.5.1=/usr/src/r-base-4.5.1-1.2404.0 -Wdate-time -D_FORTIFY_SOURCE=3  -c glue.c -o glue.o
gcc -std=gnu2x -I"/usr/share/R/include" -DNDEBUG -I../inst/include     -fvisibility=hidden -fpic  -g -O2 -fno-omit-frame-pointer -mno-omit-leaf-frame-pointer -ffile-prefix-map=/build/r-base-wwoKA3/r-base-4.5.1=. -fstack-protector-strong -fstack-clash-protection -Wformat -Werror=format-security -fcf-protection -fdebug-prefix-map=/build/r-base-wwoKA3/r-base-4.5.1=/usr/src/r-base-4.5.1-1.2404.0 -Wdate-time -D_FORTIFY_SOURCE=3  -c init.c -o init.o
gcc -std=gnu2x -I"/usr/share/R/include" -DNDEBUG -I../inst/include     -fvisibility=hidden -fpic  -g -O2 -fno-omit-frame-pointer -mno-omit-leaf-frame-pointer -ffile-prefix-map=/build/r-base-wwoKA3/r-base-4.5.1=. -fstack-protector-strong -fstack-clash-protection -Wformat -Werror=format-security -fcf-protection -fdebug-prefix-map=/build/r-base-wwoKA3/r-base-4.5.1=/usr/src/r-base-4.5.1-1.2404.0 -Wdate-time -D_FORTIFY_SOURCE=3  -c inst.c -o inst.o
gcc -std=gnu2x -I"/usr/share/R/include" -DNDEBUG -I../inst/include     -fvisibility=hidden -fpic  -g -O2 -fno-omit-frame-pointer -mno-omit-leaf-frame-pointer -ffile-prefix-map=/build/r-base-wwoKA3/r-base-4.5.1=. -fstack-protector-strong -fstack-clash-protection -Wformat -Werror=format-security -fcf-protection -fdebug-prefix-map=/build/r-base-wwoKA3/r-base-4.5.1=/usr/src/r-base-4.5.1-1.2404.0 -Wdate-time -D_FORTIFY_SOURCE=3  -c keypress-unix.c -o keypress-unix.o
gcc -std=gnu2x -I"/usr/share/R/include" -DNDEBUG -I../inst/include     -fvisibility=hidden -fpic  -g -O2 -fno-omit-frame-pointer -mno-omit-leaf-frame-pointer -ffile-prefix-map=/build/r-base-wwoKA3/r-base-4.5.1=. -fstack-protector-strong -fstack-clash-protection -Wformat -Werror=format-security -fcf-protection -fdebug-prefix-map=/build/r-base-wwoKA3/r-base-4.5.1=/usr/src/r-base-4.5.1-1.2404.0 -Wdate-time -D_FORTIFY_SOURCE=3  -c keypress-win.c -o keypress-win.o
gcc -std=gnu2x -I"/usr/share/R/include" -DNDEBUG -I../inst/include     -fvisibility=hidden -fpic  -g -O2 -fno-omit-frame-pointer -mno-omit-leaf-frame-pointer -ffile-prefix-map=/build/r-base-wwoKA3/r-base-4.5.1=. -fstack-protector-strong -fstack-clash-protection -Wformat -Werror=format-security -fcf-protection -fdebug-prefix-map=/build/r-base-wwoKA3/r-base-4.5.1=/usr/src/r-base-4.5.1-1.2404.0 -Wdate-time -D_FORTIFY_SOURCE=3  -c keypress.c -o keypress.o
gcc -std=gnu2x -I"/usr/share/R/include" -DNDEBUG -I../inst/include     -fvisibility=hidden -fpic  -g -O2 -fno-omit-frame-pointer -mno-omit-leaf-frame-pointer -ffile-prefix-map=/build/r-base-wwoKA3/r-base-4.5.1=. -fstack-protector-strong -fstack-clash-protection -Wformat -Werror=format-security -fcf-protection -fdebug-prefix-map=/build/r-base-wwoKA3/r-base-4.5.1=/usr/src/r-base-4.5.1-1.2404.0 -Wdate-time -D_FORTIFY_SOURCE=3  -c md5.c -o md5.o
gcc -std=gnu2x -I"/usr/share/R/include" -DNDEBUG -I../inst/include     -fvisibility=hidden -fpic  -g -O2 -fno-omit-frame-pointer -mno-omit-leaf-frame-pointer -ffile-prefix-map=/build/r-base-wwoKA3/r-base-4.5.1=. -fstack-protector-strong -fstack-clash-protection -Wformat -Werror=format-security -fcf-protection -fdebug-prefix-map=/build/r-base-wwoKA3/r-base-4.5.1=/usr/src/r-base-4.5.1-1.2404.0 -Wdate-time -D_FORTIFY_SOURCE=3  -c progress-altrep.c -o progress-altrep.o
gcc -std=gnu2x -I"/usr/share/R/include" -DNDEBUG -I../inst/include     -fvisibility=hidden -fpic  -g -O2 -fno-omit-frame-pointer -mno-omit-leaf-frame-pointer -ffile-prefix-map=/build/r-base-wwoKA3/r-base-4.5.1=. -fstack-protector-strong -fstack-clash-protection -Wformat -Werror=format-security -fcf-protection -fdebug-prefix-map=/build/r-base-wwoKA3/r-base-4.5.1=/usr/src/r-base-4.5.1-1.2404.0 -Wdate-time -D_FORTIFY_SOURCE=3  -c progress.c -o progress.o
gcc -std=gnu2x -I"/usr/share/R/include" -DNDEBUG -I../inst/include     -fvisibility=hidden -fpic  -g -O2 -fno-omit-frame-pointer -mno-omit-leaf-frame-pointer -ffile-prefix-map=/build/r-base-wwoKA3/r-base-4.5.1=. -fstack-protector-strong -fstack-clash-protection -Wformat -Werror=format-security -fcf-protection -fdebug-prefix-map=/build/r-base-wwoKA3/r-base-4.5.1=/usr/src/r-base-4.5.1-1.2404.0 -Wdate-time -D_FORTIFY_SOURCE=3  -c sha1.c -o sha1.o
gcc -std=gnu2x -I"/usr/share/R/include" -DNDEBUG -I../inst/include     -fvisibility=hidden -fpic  -g -O2 -fno-omit-frame-pointer -mno-omit-leaf-frame-pointer -ffile-prefix-map=/build/r-base-wwoKA3/r-base-4.5.1=. -fstack-protector-strong -fstack-clash-protection -Wformat -Werror=format-security -fcf-protection -fdebug-prefix-map=/build/r-base-wwoKA3/r-base-4.5.1=/usr/src/r-base-4.5.1-1.2404.0 -Wdate-time -D_FORTIFY_SOURCE=3  -c sha256.c -o sha256.o
gcc -std=gnu2x -I"/usr/share/R/include" -DNDEBUG -I../inst/include     -fvisibility=hidden -fpic  -g -O2 -fno-omit-frame-pointer -mno-omit-leaf-frame-pointer -ffile-prefix-map=/build/r-base-wwoKA3/r-base-4.5.1=. -fstack-protector-strong -fstack-clash-protection -Wformat -Werror=format-security -fcf-protection -fdebug-prefix-map=/build/r-base-wwoKA3/r-base-4.5.1=/usr/src/r-base-4.5.1-1.2404.0 -Wdate-time -D_FORTIFY_SOURCE=3  -c thread.c -o thread.o
gcc -std=gnu2x -I"/usr/share/R/include" -DNDEBUG -I../inst/include     -fvisibility=hidden -fpic  -g -O2 -fno-omit-frame-pointer -mno-omit-leaf-frame-pointer -ffile-prefix-map=/build/r-base-wwoKA3/r-base-4.5.1=. -fstack-protector-strong -fstack-clash-protection -Wformat -Werror=format-security -fcf-protection -fdebug-prefix-map=/build/r-base-wwoKA3/r-base-4.5.1=/usr/src/r-base-4.5.1-1.2404.0 -Wdate-time -D_FORTIFY_SOURCE=3  -c tty.c -o tty.o
gcc -std=gnu2x -I"/usr/share/R/include" -DNDEBUG -I../inst/include     -fvisibility=hidden -fpic  -g -O2 -fno-omit-frame-pointer -mno-omit-leaf-frame-pointer -ffile-prefix-map=/build/r-base-wwoKA3/r-base-4.5.1=. -fstack-protector-strong -fstack-clash-protection -Wformat -Werror=format-security -fcf-protection -fdebug-prefix-map=/build/r-base-wwoKA3/r-base-4.5.1=/usr/src/r-base-4.5.1-1.2404.0 -Wdate-time -D_FORTIFY_SOURCE=3  -c utf8.c -o utf8.o
gcc -std=gnu2x -I"/usr/share/R/include" -DNDEBUG -I../inst/include     -fvisibility=hidden -fpic  -g -O2 -fno-omit-frame-pointer -mno-omit-leaf-frame-pointer -ffile-prefix-map=/build/r-base-wwoKA3/r-base-4.5.1=. -fstack-protector-strong -fstack-clash-protection -Wformat -Werror=format-security -fcf-protection -fdebug-prefix-map=/build/r-base-wwoKA3/r-base-4.5.1=/usr/src/r-base-4.5.1-1.2404.0 -Wdate-time -D_FORTIFY_SOURCE=3  -c utils.c -o utils.o
gcc -std=gnu2x -I"/usr/share/R/include" -DNDEBUG -I../inst/include     -fvisibility=hidden -fpic  -g -O2 -fno-omit-frame-pointer -mno-omit-leaf-frame-pointer -ffile-prefix-map=/build/r-base-wwoKA3/r-base-4.5.1=. -fstack-protector-strong -fstack-clash-protection -Wformat -Werror=format-security -fcf-protection -fdebug-prefix-map=/build/r-base-wwoKA3/r-base-4.5.1=/usr/src/r-base-4.5.1-1.2404.0 -Wdate-time -D_FORTIFY_SOURCE=3  -c vt.c -o vt.o
gcc -std=gnu2x -I"/usr/share/R/include" -DNDEBUG -I../inst/include     -fvisibility=hidden -fpic  -g -O2 -fno-omit-frame-pointer -mno-omit-leaf-frame-pointer -ffile-prefix-map=/build/r-base-wwoKA3/r-base-4.5.1=. -fstack-protector-strong -fstack-clash-protection -Wformat -Werror=format-security -fcf-protection -fdebug-prefix-map=/build/r-base-wwoKA3/r-base-4.5.1=/usr/src/r-base-4.5.1-1.2404.0 -Wdate-time -D_FORTIFY_SOURCE=3  -c vtparse.c -o vtparse.o
gcc -std=gnu2x -I"/usr/share/R/include" -DNDEBUG -I../inst/include     -fvisibility=hidden -fpic  -g -O2 -fno-omit-frame-pointer -mno-omit-leaf-frame-pointer -ffile-prefix-map=/build/r-base-wwoKA3/r-base-4.5.1=. -fstack-protector-strong -fstack-clash-protection -Wformat -Werror=format-security -fcf-protection -fdebug-prefix-map=/build/r-base-wwoKA3/r-base-4.5.1=/usr/src/r-base-4.5.1-1.2404.0 -Wdate-time -D_FORTIFY_SOURCE=3  -c vtparse_table.c -o vtparse_table.o
gcc -std=gnu2x -I"/usr/share/R/include" -DNDEBUG -I../inst/include     -fvisibility=hidden -fpic  -g -O2 -fno-omit-frame-pointer -mno-omit-leaf-frame-pointer -ffile-prefix-map=/build/r-base-wwoKA3/r-base-4.5.1=. -fstack-protector-strong -fstack-clash-protection -Wformat -Werror=format-security -fcf-protection -fdebug-prefix-map=/build/r-base-wwoKA3/r-base-4.5.1=/usr/src/r-base-4.5.1-1.2404.0 -Wdate-time -D_FORTIFY_SOURCE=3  -c win-utf8.c -o win-utf8.o
gcc -std=gnu2x -I"/usr/share/R/include" -DNDEBUG -I../inst/include     -fvisibility=hidden -fpic  -g -O2 -fno-omit-frame-pointer -mno-omit-leaf-frame-pointer -ffile-prefix-map=/build/r-base-wwoKA3/r-base-4.5.1=. -fstack-protector-strong -fstack-clash-protection -Wformat -Werror=format-security -fcf-protection -fdebug-prefix-map=/build/r-base-wwoKA3/r-base-4.5.1=/usr/src/r-base-4.5.1-1.2404.0 -Wdate-time -D_FORTIFY_SOURCE=3  -c winfiles.c -o winfiles.o
gcc -std=gnu2x -I"/usr/share/R/include" -DNDEBUG -I../inst/include     -fvisibility=hidden -fpic  -g -O2 -fno-omit-frame-pointer -mno-omit-leaf-frame-pointer -ffile-prefix-map=/build/r-base-wwoKA3/r-base-4.5.1=. -fstack-protector-strong -fstack-clash-protection -Wformat -Werror=format-security -fcf-protection -fdebug-prefix-map=/build/r-base-wwoKA3/r-base-4.5.1=/usr/src/r-base-4.5.1-1.2404.0 -Wdate-time -D_FORTIFY_SOURCE=3  -c xxhash.c -o xxhash.o
gcc -std=gnu2x -I"/usr/share/R/include" -DNDEBUG -I../inst/include     -fvisibility=hidden -fpic  -g -O2 -fno-omit-frame-pointer -mno-omit-leaf-frame-pointer -ffile-prefix-map=/build/r-base-wwoKA3/r-base-4.5.1=. -fstack-protector-strong -fstack-clash-protection -Wformat -Werror=format-security -fcf-protection -fdebug-prefix-map=/build/r-base-wwoKA3/r-base-4.5.1=/usr/src/r-base-4.5.1-1.2404.0 -Wdate-time -D_FORTIFY_SOURCE=3  -c xxhash2.c -o xxhash2.o
gcc -std=gnu2x -shared -L/usr/lib/R/lib -Wl,-Bsymbolic-functions -flto=auto -ffat-lto-objects -Wl,-z,relro -o cli.so ansi.o cleancall.o diff.o errors.o glue.o init.o inst.o keypress-unix.o keypress-win.o keypress.o md5.o progress-altrep.o progress.o sha1.o sha256.o thread.o tty.o utf8.o utils.o vt.o vtparse.o vtparse_table.o win-utf8.o winfiles.o xxhash.o xxhash2.o -lpthread -L/usr/lib/R/lib -lR
installing to /home/jovyan/R/x86_64-pc-linux-gnu-library/4.5/00LOCK-cli/00new/cli/libs
** R
** exec
** inst
** byte-compile and prepare package for lazy loading
** help
*** installing help indices
*** copying figures
** building package indices
** testing if installed package can be loaded from temporary location
** checking absolute paths in shared objects and dynamic libraries
** testing if installed package can be loaded from final location
** testing if installed package keeps a record of temporary installation path
* DONE (cli)
* installing *source* package ‘Rcpp’ ...
** this is package ‘Rcpp’ version ‘1.1.1-1.1’
** package ‘Rcpp’ successfully unpacked and MD5 sums checked
** using staged installation
** libs
using C++ compiler: ‘g++ (Ubuntu 13.3.0-6ubuntu2~24.04) 13.3.0’
g++ -std=gnu++17 -I"/usr/share/R/include" -DNDEBUG -I../inst/include/      -fpic  -g -O2 -fno-omit-frame-pointer -mno-omit-leaf-frame-pointer -ffile-prefix-map=/build/r-base-wwoKA3/r-base-4.5.1=. -fstack-protector-strong -fstack-clash-protection -Wformat -Werror=format-security -fcf-protection -fdebug-prefix-map=/build/r-base-wwoKA3/r-base-4.5.1=/usr/src/r-base-4.5.1-1.2404.0 -Wdate-time -D_FORTIFY_SOURCE=3   -c api.cpp -o api.o
g++ -std=gnu++17 -I"/usr/share/R/include" -DNDEBUG -I../inst/include/      -fpic  -g -O2 -fno-omit-frame-pointer -mno-omit-leaf-frame-pointer -ffile-prefix-map=/build/r-base-wwoKA3/r-base-4.5.1=. -fstack-protector-strong -fstack-clash-protection -Wformat -Werror=format-security -fcf-protection -fdebug-prefix-map=/build/r-base-wwoKA3/r-base-4.5.1=/usr/src/r-base-4.5.1-1.2404.0 -Wdate-time -D_FORTIFY_SOURCE=3   -c attributes.cpp -o attributes.o
g++ -std=gnu++17 -I"/usr/share/R/include" -DNDEBUG -I../inst/include/      -fpic  -g -O2 -fno-omit-frame-pointer -mno-omit-leaf-frame-pointer -ffile-prefix-map=/build/r-base-wwoKA3/r-base-4.5.1=. -fstack-protector-strong -fstack-clash-protection -Wformat -Werror=format-security -fcf-protection -fdebug-prefix-map=/build/r-base-wwoKA3/r-base-4.5.1=/usr/src/r-base-4.5.1-1.2404.0 -Wdate-time -D_FORTIFY_SOURCE=3   -c barrier.cpp -o barrier.o
g++ -std=gnu++17 -I"/usr/share/R/include" -DNDEBUG -I../inst/include/      -fpic  -g -O2 -fno-omit-frame-pointer -mno-omit-leaf-frame-pointer -ffile-prefix-map=/build/r-base-wwoKA3/r-base-4.5.1=. -fstack-protector-strong -fstack-clash-protection -Wformat -Werror=format-security -fcf-protection -fdebug-prefix-map=/build/r-base-wwoKA3/r-base-4.5.1=/usr/src/r-base-4.5.1-1.2404.0 -Wdate-time -D_FORTIFY_SOURCE=3   -c date.cpp -o date.o
g++ -std=gnu++17 -I"/usr/share/R/include" -DNDEBUG -I../inst/include/      -fpic  -g -O2 -fno-omit-frame-pointer -mno-omit-leaf-frame-pointer -ffile-prefix-map=/build/r-base-wwoKA3/r-base-4.5.1=. -fstack-protector-strong -fstack-clash-protection -Wformat -Werror=format-security -fcf-protection -fdebug-prefix-map=/build/r-base-wwoKA3/r-base-4.5.1=/usr/src/r-base-4.5.1-1.2404.0 -Wdate-time -D_FORTIFY_SOURCE=3   -c module.cpp -o module.o
g++ -std=gnu++17 -I"/usr/share/R/include" -DNDEBUG -I../inst/include/      -fpic  -g -O2 -fno-omit-frame-pointer -mno-omit-leaf-frame-pointer -ffile-prefix-map=/build/r-base-wwoKA3/r-base-4.5.1=. -fstack-protector-strong -fstack-clash-protection -Wformat -Werror=format-security -fcf-protection -fdebug-prefix-map=/build/r-base-wwoKA3/r-base-4.5.1=/usr/src/r-base-4.5.1-1.2404.0 -Wdate-time -D_FORTIFY_SOURCE=3   -c rcpp_init.cpp -o rcpp_init.o
g++ -std=gnu++17 -shared -L/usr/lib/R/lib -Wl,-Bsymbolic-functions -flto=auto -ffat-lto-objects -Wl,-z,relro -o Rcpp.so api.o attributes.o barrier.o date.o module.o rcpp_init.o -L/usr/lib/R/lib -lR
installing to /home/jovyan/R/x86_64-pc-linux-gnu-library/4.5/00LOCK-Rcpp/00new/Rcpp/libs
** R
** inst
** byte-compile and prepare package for lazy loading
** help
*** installing help indices
** building package indices
** installing vignettes
** testing if installed package can be loaded from temporary location
** checking absolute paths in shared objects and dynamic libraries
** testing if installed package can be loaded from final location
** testing if installed package keeps a record of temporary installation path
* DONE (Rcpp)
* installing *source* package ‘digest’ ...
** this is package ‘digest’ version ‘0.6.39’
** package ‘digest’ successfully unpacked and MD5 sums checked
** using staged installation
** libs
using C compiler: ‘gcc (Ubuntu 13.3.0-6ubuntu2~24.04) 13.3.0’
using C++ compiler: ‘g++ (Ubuntu 13.3.0-6ubuntu2~24.04) 13.3.0’
g++ -std=gnu++17 -I"/usr/share/R/include" -DNDEBUG -I.      -fpic  -g -O2 -fno-omit-frame-pointer -mno-omit-leaf-frame-pointer -ffile-prefix-map=/build/r-base-wwoKA3/r-base-4.5.1=. -fstack-protector-strong -fstack-clash-protection -Wformat -Werror=format-security -fcf-protection -fdebug-prefix-map=/build/r-base-wwoKA3/r-base-4.5.1=/usr/src/r-base-4.5.1-1.2404.0 -Wdate-time -D_FORTIFY_SOURCE=3   -c SpookyV2.cpp -o SpookyV2.o
gcc -std=gnu2x -I"/usr/share/R/include" -DNDEBUG -I.      -fpic  -g -O2 -fno-omit-frame-pointer -mno-omit-leaf-frame-pointer -ffile-prefix-map=/build/r-base-wwoKA3/r-base-4.5.1=. -fstack-protector-strong -fstack-clash-protection -Wformat -Werror=format-security -fcf-protection -fdebug-prefix-map=/build/r-base-wwoKA3/r-base-4.5.1=/usr/src/r-base-4.5.1-1.2404.0 -Wdate-time -D_FORTIFY_SOURCE=3  -c aes.c -o aes.o
gcc -std=gnu2x -I"/usr/share/R/include" -DNDEBUG -I.      -fpic  -g -O2 -fno-omit-frame-pointer -mno-omit-leaf-frame-pointer -ffile-prefix-map=/build/r-base-wwoKA3/r-base-4.5.1=. -fstack-protector-strong -fstack-clash-protection -Wformat -Werror=format-security -fcf-protection -fdebug-prefix-map=/build/r-base-wwoKA3/r-base-4.5.1=/usr/src/r-base-4.5.1-1.2404.0 -Wdate-time -D_FORTIFY_SOURCE=3  -c blake3.c -o blake3.o
gcc -std=gnu2x -I"/usr/share/R/include" -DNDEBUG -I.      -fpic  -g -O2 -fno-omit-frame-pointer -mno-omit-leaf-frame-pointer -ffile-prefix-map=/build/r-base-wwoKA3/r-base-4.5.1=. -fstack-protector-strong -fstack-clash-protection -Wformat -Werror=format-security -fcf-protection -fdebug-prefix-map=/build/r-base-wwoKA3/r-base-4.5.1=/usr/src/r-base-4.5.1-1.2404.0 -Wdate-time -D_FORTIFY_SOURCE=3  -c blake3_dispatch.c -o blake3_dispatch.o
gcc -std=gnu2x -I"/usr/share/R/include" -DNDEBUG -I.      -fpic  -g -O2 -fno-omit-frame-pointer -mno-omit-leaf-frame-pointer -ffile-prefix-map=/build/r-base-wwoKA3/r-base-4.5.1=. -fstack-protector-strong -fstack-clash-protection -Wformat -Werror=format-security -fcf-protection -fdebug-prefix-map=/build/r-base-wwoKA3/r-base-4.5.1=/usr/src/r-base-4.5.1-1.2404.0 -Wdate-time -D_FORTIFY_SOURCE=3  -c blake3_portable.c -o blake3_portable.o
gcc -std=gnu2x -I"/usr/share/R/include" -DNDEBUG -I.      -fpic  -g -O2 -fno-omit-frame-pointer -mno-omit-leaf-frame-pointer -ffile-prefix-map=/build/r-base-wwoKA3/r-base-4.5.1=. -fstack-protector-strong -fstack-clash-protection -Wformat -Werror=format-security -fcf-protection -fdebug-prefix-map=/build/r-base-wwoKA3/r-base-4.5.1=/usr/src/r-base-4.5.1-1.2404.0 -Wdate-time -D_FORTIFY_SOURCE=3  -c crc32.c -o crc32.o
g++ -std=gnu++17 -I"/usr/share/R/include" -DNDEBUG -I.      -fpic  -g -O2 -fno-omit-frame-pointer -mno-omit-leaf-frame-pointer -ffile-prefix-map=/build/r-base-wwoKA3/r-base-4.5.1=. -fstack-protector-strong -fstack-clash-protection -Wformat -Werror=format-security -fcf-protection -fdebug-prefix-map=/build/r-base-wwoKA3/r-base-4.5.1=/usr/src/r-base-4.5.1-1.2404.0 -Wdate-time -D_FORTIFY_SOURCE=3   -c crc32c.cpp -o crc32c.o
g++ -std=gnu++17 -I"/usr/share/R/include" -DNDEBUG -I.      -fpic  -g -O2 -fno-omit-frame-pointer -mno-omit-leaf-frame-pointer -ffile-prefix-map=/build/r-base-wwoKA3/r-base-4.5.1=. -fstack-protector-strong -fstack-clash-protection -Wformat -Werror=format-security -fcf-protection -fdebug-prefix-map=/build/r-base-wwoKA3/r-base-4.5.1=/usr/src/r-base-4.5.1-1.2404.0 -Wdate-time -D_FORTIFY_SOURCE=3   -c crc32c_portable.cpp -o crc32c_portable.o
gcc -std=gnu2x -I"/usr/share/R/include" -DNDEBUG -I.      -fpic  -g -O2 -fno-omit-frame-pointer -mno-omit-leaf-frame-pointer -ffile-prefix-map=/build/r-base-wwoKA3/r-base-4.5.1=. -fstack-protector-strong -fstack-clash-protection -Wformat -Werror=format-security -fcf-protection -fdebug-prefix-map=/build/r-base-wwoKA3/r-base-4.5.1=/usr/src/r-base-4.5.1-1.2404.0 -Wdate-time -D_FORTIFY_SOURCE=3  -c digest.c -o digest.o
gcc -std=gnu2x -I"/usr/share/R/include" -DNDEBUG -I.      -fpic  -g -O2 -fno-omit-frame-pointer -mno-omit-leaf-frame-pointer -ffile-prefix-map=/build/r-base-wwoKA3/r-base-4.5.1=. -fstack-protector-strong -fstack-clash-protection -Wformat -Werror=format-security -fcf-protection -fdebug-prefix-map=/build/r-base-wwoKA3/r-base-4.5.1=/usr/src/r-base-4.5.1-1.2404.0 -Wdate-time -D_FORTIFY_SOURCE=3  -c digest2int.c -o digest2int.o
gcc -std=gnu2x -I"/usr/share/R/include" -DNDEBUG -I.      -fpic  -g -O2 -fno-omit-frame-pointer -mno-omit-leaf-frame-pointer -ffile-prefix-map=/build/r-base-wwoKA3/r-base-4.5.1=. -fstack-protector-strong -fstack-clash-protection -Wformat -Werror=format-security -fcf-protection -fdebug-prefix-map=/build/r-base-wwoKA3/r-base-4.5.1=/usr/src/r-base-4.5.1-1.2404.0 -Wdate-time -D_FORTIFY_SOURCE=3  -c init.c -o init.o
gcc -std=gnu2x -I"/usr/share/R/include" -DNDEBUG -I.      -fpic  -g -O2 -fno-omit-frame-pointer -mno-omit-leaf-frame-pointer -ffile-prefix-map=/build/r-base-wwoKA3/r-base-4.5.1=. -fstack-protector-strong -fstack-clash-protection -Wformat -Werror=format-security -fcf-protection -fdebug-prefix-map=/build/r-base-wwoKA3/r-base-4.5.1=/usr/src/r-base-4.5.1-1.2404.0 -Wdate-time -D_FORTIFY_SOURCE=3  -c md5.c -o md5.o
gcc -std=gnu2x -I"/usr/share/R/include" -DNDEBUG -I.      -fpic  -g -O2 -fno-omit-frame-pointer -mno-omit-leaf-frame-pointer -ffile-prefix-map=/build/r-base-wwoKA3/r-base-4.5.1=. -fstack-protector-strong -fstack-clash-protection -Wformat -Werror=format-security -fcf-protection -fdebug-prefix-map=/build/r-base-wwoKA3/r-base-4.5.1=/usr/src/r-base-4.5.1-1.2404.0 -Wdate-time -D_FORTIFY_SOURCE=3  -c pmurhash.c -o pmurhash.o
gcc -std=gnu2x -I"/usr/share/R/include" -DNDEBUG -I.      -fpic  -g -O2 -fno-omit-frame-pointer -mno-omit-leaf-frame-pointer -ffile-prefix-map=/build/r-base-wwoKA3/r-base-4.5.1=. -fstack-protector-strong -fstack-clash-protection -Wformat -Werror=format-security -fcf-protection -fdebug-prefix-map=/build/r-base-wwoKA3/r-base-4.5.1=/usr/src/r-base-4.5.1-1.2404.0 -Wdate-time -D_FORTIFY_SOURCE=3  -c raes.c -o raes.o
gcc -std=gnu2x -I"/usr/share/R/include" -DNDEBUG -I.      -fpic  -g -O2 -fno-omit-frame-pointer -mno-omit-leaf-frame-pointer -ffile-prefix-map=/build/r-base-wwoKA3/r-base-4.5.1=. -fstack-protector-strong -fstack-clash-protection -Wformat -Werror=format-security -fcf-protection -fdebug-prefix-map=/build/r-base-wwoKA3/r-base-4.5.1=/usr/src/r-base-4.5.1-1.2404.0 -Wdate-time -D_FORTIFY_SOURCE=3  -c sha1.c -o sha1.o
gcc -std=gnu2x -I"/usr/share/R/include" -DNDEBUG -I.      -fpic  -g -O2 -fno-omit-frame-pointer -mno-omit-leaf-frame-pointer -ffile-prefix-map=/build/r-base-wwoKA3/r-base-4.5.1=. -fstack-protector-strong -fstack-clash-protection -Wformat -Werror=format-security -fcf-protection -fdebug-prefix-map=/build/r-base-wwoKA3/r-base-4.5.1=/usr/src/r-base-4.5.1-1.2404.0 -Wdate-time -D_FORTIFY_SOURCE=3  -c sha2.c -o sha2.o
gcc -std=gnu2x -I"/usr/share/R/include" -DNDEBUG -I.      -fpic  -g -O2 -fno-omit-frame-pointer -mno-omit-leaf-frame-pointer -ffile-prefix-map=/build/r-base-wwoKA3/r-base-4.5.1=. -fstack-protector-strong -fstack-clash-protection -Wformat -Werror=format-security -fcf-protection -fdebug-prefix-map=/build/r-base-wwoKA3/r-base-4.5.1=/usr/src/r-base-4.5.1-1.2404.0 -Wdate-time -D_FORTIFY_SOURCE=3  -c sha256.c -o sha256.o
g++ -std=gnu++17 -I"/usr/share/R/include" -DNDEBUG -I.      -fpic  -g -O2 -fno-omit-frame-pointer -mno-omit-leaf-frame-pointer -ffile-prefix-map=/build/r-base-wwoKA3/r-base-4.5.1=. -fstack-protector-strong -fstack-clash-protection -Wformat -Werror=format-security -fcf-protection -fdebug-prefix-map=/build/r-base-wwoKA3/r-base-4.5.1=/usr/src/r-base-4.5.1-1.2404.0 -Wdate-time -D_FORTIFY_SOURCE=3   -c spooky_serialize.cpp -o spooky_serialize.o
gcc -std=gnu2x -I"/usr/share/R/include" -DNDEBUG -I.      -fpic  -g -O2 -fno-omit-frame-pointer -mno-omit-leaf-frame-pointer -ffile-prefix-map=/build/r-base-wwoKA3/r-base-4.5.1=. -fstack-protector-strong -fstack-clash-protection -Wformat -Werror=format-security -fcf-protection -fdebug-prefix-map=/build/r-base-wwoKA3/r-base-4.5.1=/usr/src/r-base-4.5.1-1.2404.0 -Wdate-time -D_FORTIFY_SOURCE=3  -c xxhash.c -o xxhash.o
g++ -std=gnu++17 -shared -L/usr/lib/R/lib -Wl,-Bsymbolic-functions -flto=auto -ffat-lto-objects -Wl,-z,relro -o digest.so SpookyV2.o aes.o blake3.o blake3_dispatch.o blake3_portable.o crc32.o crc32c.o crc32c_portable.o digest.o digest2int.o init.o md5.o pmurhash.o raes.o sha1.o sha2.o sha256.o spooky_serialize.o xxhash.o -L/usr/lib/R/lib -lR
installing to /home/jovyan/R/x86_64-pc-linux-gnu-library/4.5/00LOCK-digest/00new/digest/libs
** R
** demo
** inst
** byte-compile and prepare package for lazy loading
** help
*** installing help indices
** building package indices
** installing vignettes
** testing if installed package can be loaded from temporary location
** checking absolute paths in shared objects and dynamic libraries
** testing if installed package can be loaded from final location
** testing if installed package keeps a record of temporary installation path
* DONE (digest)
* installing *source* package ‘curl’ ...
** this is package ‘curl’ version ‘7.1.0’
** package ‘curl’ successfully unpacked and MD5 sums checked
** using staged installation
Found pkg-config cflags and libs!
Using PKG_CFLAGS=-I/usr/include/x86_64-linux-gnu 
Using PKG_LIBS=-lcurl 
** libs
using C compiler: ‘gcc (Ubuntu 13.3.0-6ubuntu2~24.04) 13.3.0’
gcc -std=gnu2x -I"/usr/share/R/include" -DNDEBUG -I/usr/include/x86_64-linux-gnu  -DSTRICT_R_HEADERS -DR_NO_REMAP     -fvisibility=hidden -fpic  -g -O2 -fno-omit-frame-pointer -mno-omit-leaf-frame-pointer -ffile-prefix-map=/build/r-base-wwoKA3/r-base-4.5.1=. -fstack-protector-strong -fstack-clash-protection -Wformat -Werror=format-security -fcf-protection -fdebug-prefix-map=/build/r-base-wwoKA3/r-base-4.5.1=/usr/src/r-base-4.5.1-1.2404.0 -Wdate-time -D_FORTIFY_SOURCE=3  -c callbacks.c -o callbacks.o
gcc -std=gnu2x -I"/usr/share/R/include" -DNDEBUG -I/usr/include/x86_64-linux-gnu  -DSTRICT_R_HEADERS -DR_NO_REMAP     -fvisibility=hidden -fpic  -g -O2 -fno-omit-frame-pointer -mno-omit-leaf-frame-pointer -ffile-prefix-map=/build/r-base-wwoKA3/r-base-4.5.1=. -fstack-protector-strong -fstack-clash-protection -Wformat -Werror=format-security -fcf-protection -fdebug-prefix-map=/build/r-base-wwoKA3/r-base-4.5.1=/usr/src/r-base-4.5.1-1.2404.0 -Wdate-time -D_FORTIFY_SOURCE=3  -c curl.c -o curl.o
gcc -std=gnu2x -I"/usr/share/R/include" -DNDEBUG -I/usr/include/x86_64-linux-gnu  -DSTRICT_R_HEADERS -DR_NO_REMAP     -fvisibility=hidden -fpic  -g -O2 -fno-omit-frame-pointer -mno-omit-leaf-frame-pointer -ffile-prefix-map=/build/r-base-wwoKA3/r-base-4.5.1=. -fstack-protector-strong -fstack-clash-protection -Wformat -Werror=format-security -fcf-protection -fdebug-prefix-map=/build/r-base-wwoKA3/r-base-4.5.1=/usr/src/r-base-4.5.1-1.2404.0 -Wdate-time -D_FORTIFY_SOURCE=3  -c download.c -o download.o
gcc -std=gnu2x -I"/usr/share/R/include" -DNDEBUG -I/usr/include/x86_64-linux-gnu  -DSTRICT_R_HEADERS -DR_NO_REMAP     -fvisibility=hidden -fpic  -g -O2 -fno-omit-frame-pointer -mno-omit-leaf-frame-pointer -ffile-prefix-map=/build/r-base-wwoKA3/r-base-4.5.1=. -fstack-protector-strong -fstack-clash-protection -Wformat -Werror=format-security -fcf-protection -fdebug-prefix-map=/build/r-base-wwoKA3/r-base-4.5.1=/usr/src/r-base-4.5.1-1.2404.0 -Wdate-time -D_FORTIFY_SOURCE=3  -c dryrun.c -o dryrun.o
gcc -std=gnu2x -I"/usr/share/R/include" -DNDEBUG -I/usr/include/x86_64-linux-gnu  -DSTRICT_R_HEADERS -DR_NO_REMAP     -fvisibility=hidden -fpic  -g -O2 -fno-omit-frame-pointer -mno-omit-leaf-frame-pointer -ffile-prefix-map=/build/r-base-wwoKA3/r-base-4.5.1=. -fstack-protector-strong -fstack-clash-protection -Wformat -Werror=format-security -fcf-protection -fdebug-prefix-map=/build/r-base-wwoKA3/r-base-4.5.1=/usr/src/r-base-4.5.1-1.2404.0 -Wdate-time -D_FORTIFY_SOURCE=3  -c escape.c -o escape.o
gcc -std=gnu2x -I"/usr/share/R/include" -DNDEBUG -I/usr/include/x86_64-linux-gnu  -DSTRICT_R_HEADERS -DR_NO_REMAP     -fvisibility=hidden -fpic  -g -O2 -fno-omit-frame-pointer -mno-omit-leaf-frame-pointer -ffile-prefix-map=/build/r-base-wwoKA3/r-base-4.5.1=. -fstack-protector-strong -fstack-clash-protection -Wformat -Werror=format-security -fcf-protection -fdebug-prefix-map=/build/r-base-wwoKA3/r-base-4.5.1=/usr/src/r-base-4.5.1-1.2404.0 -Wdate-time -D_FORTIFY_SOURCE=3  -c fetch.c -o fetch.o
gcc -std=gnu2x -I"/usr/share/R/include" -DNDEBUG -I/usr/include/x86_64-linux-gnu  -DSTRICT_R_HEADERS -DR_NO_REMAP     -fvisibility=hidden -fpic  -g -O2 -fno-omit-frame-pointer -mno-omit-leaf-frame-pointer -ffile-prefix-map=/build/r-base-wwoKA3/r-base-4.5.1=. -fstack-protector-strong -fstack-clash-protection -Wformat -Werror=format-security -fcf-protection -fdebug-prefix-map=/build/r-base-wwoKA3/r-base-4.5.1=/usr/src/r-base-4.5.1-1.2404.0 -Wdate-time -D_FORTIFY_SOURCE=3  -c findport.c -o findport.o
gcc -std=gnu2x -I"/usr/share/R/include" -DNDEBUG -I/usr/include/x86_64-linux-gnu  -DSTRICT_R_HEADERS -DR_NO_REMAP     -fvisibility=hidden -fpic  -g -O2 -fno-omit-frame-pointer -mno-omit-leaf-frame-pointer -ffile-prefix-map=/build/r-base-wwoKA3/r-base-4.5.1=. -fstack-protector-strong -fstack-clash-protection -Wformat -Werror=format-security -fcf-protection -fdebug-prefix-map=/build/r-base-wwoKA3/r-base-4.5.1=/usr/src/r-base-4.5.1-1.2404.0 -Wdate-time -D_FORTIFY_SOURCE=3  -c form.c -o form.o
gcc -std=gnu2x -I"/usr/share/R/include" -DNDEBUG -I/usr/include/x86_64-linux-gnu  -DSTRICT_R_HEADERS -DR_NO_REMAP     -fvisibility=hidden -fpic  -g -O2 -fno-omit-frame-pointer -mno-omit-leaf-frame-pointer -ffile-prefix-map=/build/r-base-wwoKA3/r-base-4.5.1=. -fstack-protector-strong -fstack-clash-protection -Wformat -Werror=format-security -fcf-protection -fdebug-prefix-map=/build/r-base-wwoKA3/r-base-4.5.1=/usr/src/r-base-4.5.1-1.2404.0 -Wdate-time -D_FORTIFY_SOURCE=3  -c getdate.c -o getdate.o
gcc -std=gnu2x -I"/usr/share/R/include" -DNDEBUG -I/usr/include/x86_64-linux-gnu  -DSTRICT_R_HEADERS -DR_NO_REMAP     -fvisibility=hidden -fpic  -g -O2 -fno-omit-frame-pointer -mno-omit-leaf-frame-pointer -ffile-prefix-map=/build/r-base-wwoKA3/r-base-4.5.1=. -fstack-protector-strong -fstack-clash-protection -Wformat -Werror=format-security -fcf-protection -fdebug-prefix-map=/build/r-base-wwoKA3/r-base-4.5.1=/usr/src/r-base-4.5.1-1.2404.0 -Wdate-time -D_FORTIFY_SOURCE=3  -c handle.c -o handle.o
gcc -std=gnu2x -I"/usr/share/R/include" -DNDEBUG -I/usr/include/x86_64-linux-gnu  -DSTRICT_R_HEADERS -DR_NO_REMAP     -fvisibility=hidden -fpic  -g -O2 -fno-omit-frame-pointer -mno-omit-leaf-frame-pointer -ffile-prefix-map=/build/r-base-wwoKA3/r-base-4.5.1=. -fstack-protector-strong -fstack-clash-protection -Wformat -Werror=format-security -fcf-protection -fdebug-prefix-map=/build/r-base-wwoKA3/r-base-4.5.1=/usr/src/r-base-4.5.1-1.2404.0 -Wdate-time -D_FORTIFY_SOURCE=3  -c ieproxy.c -o ieproxy.o
gcc -std=gnu2x -I"/usr/share/R/include" -DNDEBUG -I/usr/include/x86_64-linux-gnu  -DSTRICT_R_HEADERS -DR_NO_REMAP     -fvisibility=hidden -fpic  -g -O2 -fno-omit-frame-pointer -mno-omit-leaf-frame-pointer -ffile-prefix-map=/build/r-base-wwoKA3/r-base-4.5.1=. -fstack-protector-strong -fstack-clash-protection -Wformat -Werror=format-security -fcf-protection -fdebug-prefix-map=/build/r-base-wwoKA3/r-base-4.5.1=/usr/src/r-base-4.5.1-1.2404.0 -Wdate-time -D_FORTIFY_SOURCE=3  -c init.c -o init.o
gcc -std=gnu2x -I"/usr/share/R/include" -DNDEBUG -I/usr/include/x86_64-linux-gnu  -DSTRICT_R_HEADERS -DR_NO_REMAP     -fvisibility=hidden -fpic  -g -O2 -fno-omit-frame-pointer -mno-omit-leaf-frame-pointer -ffile-prefix-map=/build/r-base-wwoKA3/r-base-4.5.1=. -fstack-protector-strong -fstack-clash-protection -Wformat -Werror=format-security -fcf-protection -fdebug-prefix-map=/build/r-base-wwoKA3/r-base-4.5.1=/usr/src/r-base-4.5.1-1.2404.0 -Wdate-time -D_FORTIFY_SOURCE=3  -c interrupt.c -o interrupt.o
gcc -std=gnu2x -I"/usr/share/R/include" -DNDEBUG -I/usr/include/x86_64-linux-gnu  -DSTRICT_R_HEADERS -DR_NO_REMAP     -fvisibility=hidden -fpic  -g -O2 -fno-omit-frame-pointer -mno-omit-leaf-frame-pointer -ffile-prefix-map=/build/r-base-wwoKA3/r-base-4.5.1=. -fstack-protector-strong -fstack-clash-protection -Wformat -Werror=format-security -fcf-protection -fdebug-prefix-map=/build/r-base-wwoKA3/r-base-4.5.1=/usr/src/r-base-4.5.1-1.2404.0 -Wdate-time -D_FORTIFY_SOURCE=3  -c multi.c -o multi.o
gcc -std=gnu2x -I"/usr/share/R/include" -DNDEBUG -I/usr/include/x86_64-linux-gnu  -DSTRICT_R_HEADERS -DR_NO_REMAP     -fvisibility=hidden -fpic  -g -O2 -fno-omit-frame-pointer -mno-omit-leaf-frame-pointer -ffile-prefix-map=/build/r-base-wwoKA3/r-base-4.5.1=. -fstack-protector-strong -fstack-clash-protection -Wformat -Werror=format-security -fcf-protection -fdebug-prefix-map=/build/r-base-wwoKA3/r-base-4.5.1=/usr/src/r-base-4.5.1-1.2404.0 -Wdate-time -D_FORTIFY_SOURCE=3  -c nslookup.c -o nslookup.o
gcc -std=gnu2x -I"/usr/share/R/include" -DNDEBUG -I/usr/include/x86_64-linux-gnu  -DSTRICT_R_HEADERS -DR_NO_REMAP     -fvisibility=hidden -fpic  -g -O2 -fno-omit-frame-pointer -mno-omit-leaf-frame-pointer -ffile-prefix-map=/build/r-base-wwoKA3/r-base-4.5.1=. -fstack-protector-strong -fstack-clash-protection -Wformat -Werror=format-security -fcf-protection -fdebug-prefix-map=/build/r-base-wwoKA3/r-base-4.5.1=/usr/src/r-base-4.5.1-1.2404.0 -Wdate-time -D_FORTIFY_SOURCE=3  -c options.c -o options.o
gcc -std=gnu2x -I"/usr/share/R/include" -DNDEBUG -I/usr/include/x86_64-linux-gnu  -DSTRICT_R_HEADERS -DR_NO_REMAP     -fvisibility=hidden -fpic  -g -O2 -fno-omit-frame-pointer -mno-omit-leaf-frame-pointer -ffile-prefix-map=/build/r-base-wwoKA3/r-base-4.5.1=. -fstack-protector-strong -fstack-clash-protection -Wformat -Werror=format-security -fcf-protection -fdebug-prefix-map=/build/r-base-wwoKA3/r-base-4.5.1=/usr/src/r-base-4.5.1-1.2404.0 -Wdate-time -D_FORTIFY_SOURCE=3  -c reflist.c -o reflist.o
gcc -std=gnu2x -I"/usr/share/R/include" -DNDEBUG -I/usr/include/x86_64-linux-gnu  -DSTRICT_R_HEADERS -DR_NO_REMAP     -fvisibility=hidden -fpic  -g -O2 -fno-omit-frame-pointer -mno-omit-leaf-frame-pointer -ffile-prefix-map=/build/r-base-wwoKA3/r-base-4.5.1=. -fstack-protector-strong -fstack-clash-protection -Wformat -Werror=format-security -fcf-protection -fdebug-prefix-map=/build/r-base-wwoKA3/r-base-4.5.1=/usr/src/r-base-4.5.1-1.2404.0 -Wdate-time -D_FORTIFY_SOURCE=3  -c split.c -o split.o
gcc -std=gnu2x -I"/usr/share/R/include" -DNDEBUG -I/usr/include/x86_64-linux-gnu  -DSTRICT_R_HEADERS -DR_NO_REMAP     -fvisibility=hidden -fpic  -g -O2 -fno-omit-frame-pointer -mno-omit-leaf-frame-pointer -ffile-prefix-map=/build/r-base-wwoKA3/r-base-4.5.1=. -fstack-protector-strong -fstack-clash-protection -Wformat -Werror=format-security -fcf-protection -fdebug-prefix-map=/build/r-base-wwoKA3/r-base-4.5.1=/usr/src/r-base-4.5.1-1.2404.0 -Wdate-time -D_FORTIFY_SOURCE=3  -c ssl.c -o ssl.o
gcc -std=gnu2x -I"/usr/share/R/include" -DNDEBUG -I/usr/include/x86_64-linux-gnu  -DSTRICT_R_HEADERS -DR_NO_REMAP     -fvisibility=hidden -fpic  -g -O2 -fno-omit-frame-pointer -mno-omit-leaf-frame-pointer -ffile-prefix-map=/build/r-base-wwoKA3/r-base-4.5.1=. -fstack-protector-strong -fstack-clash-protection -Wformat -Werror=format-security -fcf-protection -fdebug-prefix-map=/build/r-base-wwoKA3/r-base-4.5.1=/usr/src/r-base-4.5.1-1.2404.0 -Wdate-time -D_FORTIFY_SOURCE=3  -c typechecking.c -o typechecking.o
gcc -std=gnu2x -I"/usr/share/R/include" -DNDEBUG -I/usr/include/x86_64-linux-gnu  -DSTRICT_R_HEADERS -DR_NO_REMAP     -fvisibility=hidden -fpic  -g -O2 -fno-omit-frame-pointer -mno-omit-leaf-frame-pointer -ffile-prefix-map=/build/r-base-wwoKA3/r-base-4.5.1=. -fstack-protector-strong -fstack-clash-protection -Wformat -Werror=format-security -fcf-protection -fdebug-prefix-map=/build/r-base-wwoKA3/r-base-4.5.1=/usr/src/r-base-4.5.1-1.2404.0 -Wdate-time -D_FORTIFY_SOURCE=3  -c urlparser.c -o urlparser.o
gcc -std=gnu2x -I"/usr/share/R/include" -DNDEBUG -I/usr/include/x86_64-linux-gnu  -DSTRICT_R_HEADERS -DR_NO_REMAP     -fvisibility=hidden -fpic  -g -O2 -fno-omit-frame-pointer -mno-omit-leaf-frame-pointer -ffile-prefix-map=/build/r-base-wwoKA3/r-base-4.5.1=. -fstack-protector-strong -fstack-clash-protection -Wformat -Werror=format-security -fcf-protection -fdebug-prefix-map=/build/r-base-wwoKA3/r-base-4.5.1=/usr/src/r-base-4.5.1-1.2404.0 -Wdate-time -D_FORTIFY_SOURCE=3  -c utils.c -o utils.o
gcc -std=gnu2x -I"/usr/share/R/include" -DNDEBUG -I/usr/include/x86_64-linux-gnu  -DSTRICT_R_HEADERS -DR_NO_REMAP     -fvisibility=hidden -fpic  -g -O2 -fno-omit-frame-pointer -mno-omit-leaf-frame-pointer -ffile-prefix-map=/build/r-base-wwoKA3/r-base-4.5.1=. -fstack-protector-strong -fstack-clash-protection -Wformat -Werror=format-security -fcf-protection -fdebug-prefix-map=/build/r-base-wwoKA3/r-base-4.5.1=/usr/src/r-base-4.5.1-1.2404.0 -Wdate-time -D_FORTIFY_SOURCE=3  -c version.c -o version.o
gcc -std=gnu2x -I"/usr/share/R/include" -DNDEBUG -I/usr/include/x86_64-linux-gnu  -DSTRICT_R_HEADERS -DR_NO_REMAP     -fvisibility=hidden -fpic  -g -O2 -fno-omit-frame-pointer -mno-omit-leaf-frame-pointer -ffile-prefix-map=/build/r-base-wwoKA3/r-base-4.5.1=. -fstack-protector-strong -fstack-clash-protection -Wformat -Werror=format-security -fcf-protection -fdebug-prefix-map=/build/r-base-wwoKA3/r-base-4.5.1=/usr/src/r-base-4.5.1-1.2404.0 -Wdate-time -D_FORTIFY_SOURCE=3  -c winidn.c -o winidn.o
gcc -std=gnu2x -I"/usr/share/R/include" -DNDEBUG -I/usr/include/x86_64-linux-gnu  -DSTRICT_R_HEADERS -DR_NO_REMAP     -fvisibility=hidden -fpic  -g -O2 -fno-omit-frame-pointer -mno-omit-leaf-frame-pointer -ffile-prefix-map=/build/r-base-wwoKA3/r-base-4.5.1=. -fstack-protector-strong -fstack-clash-protection -Wformat -Werror=format-security -fcf-protection -fdebug-prefix-map=/build/r-base-wwoKA3/r-base-4.5.1=/usr/src/r-base-4.5.1-1.2404.0 -Wdate-time -D_FORTIFY_SOURCE=3  -c writer.c -o writer.o
gcc -std=gnu2x -shared -L/usr/lib/R/lib -Wl,-Bsymbolic-functions -flto=auto -ffat-lto-objects -Wl,-z,relro -o curl.so callbacks.o curl.o download.o dryrun.o escape.o fetch.o findport.o form.o getdate.o handle.o ieproxy.o init.o interrupt.o multi.o nslookup.o options.o reflist.o split.o ssl.o typechecking.o urlparser.o utils.o version.o winidn.o writer.o -lcurl -L/usr/lib/R/lib -lR
installing to /home/jovyan/R/x86_64-pc-linux-gnu-library/4.5/00LOCK-curl/00new/curl/libs
** R
** inst
** byte-compile and prepare package for lazy loading
** help
*** installing help indices
** building package indices
** installing vignettes
** testing if installed package can be loaded from temporary location
** checking absolute paths in shared objects and dynamic libraries
** testing if installed package can be loaded from final location
** testing if installed package keeps a record of temporary installation path
* DONE (curl)
* installing *source* package ‘base64enc’ ...
** this is package ‘base64enc’ version ‘0.1-6’
** package ‘base64enc’ successfully unpacked and MD5 sums checked
** using staged installation
** libs
using C compiler: ‘gcc (Ubuntu 13.3.0-6ubuntu2~24.04) 13.3.0’
gcc -std=gnu2x -I"/usr/share/R/include" -DNDEBUG       -fpic  -g -O2 -fno-omit-frame-pointer -mno-omit-leaf-frame-pointer -ffile-prefix-map=/build/r-base-wwoKA3/r-base-4.5.1=. -fstack-protector-strong -fstack-clash-protection -Wformat -Werror=format-security -fcf-protection -fdebug-prefix-map=/build/r-base-wwoKA3/r-base-4.5.1=/usr/src/r-base-4.5.1-1.2404.0 -Wdate-time -D_FORTIFY_SOURCE=3  -c base64.c -o base64.o
gcc -std=gnu2x -I"/usr/share/R/include" -DNDEBUG       -fpic  -g -O2 -fno-omit-frame-pointer -mno-omit-leaf-frame-pointer -ffile-prefix-map=/build/r-base-wwoKA3/r-base-4.5.1=. -fstack-protector-strong -fstack-clash-protection -Wformat -Werror=format-security -fcf-protection -fdebug-prefix-map=/build/r-base-wwoKA3/r-base-4.5.1=/usr/src/r-base-4.5.1-1.2404.0 -Wdate-time -D_FORTIFY_SOURCE=3  -c dummy.c -o dummy.o
gcc -std=gnu2x -I"/usr/share/R/include" -DNDEBUG       -fpic  -g -O2 -fno-omit-frame-pointer -mno-omit-leaf-frame-pointer -ffile-prefix-map=/build/r-base-wwoKA3/r-base-4.5.1=. -fstack-protector-strong -fstack-clash-protection -Wformat -Werror=format-security -fcf-protection -fdebug-prefix-map=/build/r-base-wwoKA3/r-base-4.5.1=/usr/src/r-base-4.5.1-1.2404.0 -Wdate-time -D_FORTIFY_SOURCE=3  -c uriencode.c -o uriencode.o
gcc -std=gnu2x -I"/usr/share/R/include" -DNDEBUG       -fpic  -g -O2 -fno-omit-frame-pointer -mno-omit-leaf-frame-pointer -ffile-prefix-map=/build/r-base-wwoKA3/r-base-4.5.1=. -fstack-protector-strong -fstack-clash-protection -Wformat -Werror=format-security -fcf-protection -fdebug-prefix-map=/build/r-base-wwoKA3/r-base-4.5.1=/usr/src/r-base-4.5.1-1.2404.0 -Wdate-time -D_FORTIFY_SOURCE=3  -c utf8.c -o utf8.o
gcc -std=gnu2x -shared -L/usr/lib/R/lib -Wl,-Bsymbolic-functions -flto=auto -ffat-lto-objects -Wl,-z,relro -o base64enc.so base64.o dummy.o uriencode.o utf8.o -L/usr/lib/R/lib -lR
installing to /home/jovyan/R/x86_64-pc-linux-gnu-library/4.5/00LOCK-base64enc/00new/base64enc/libs
** R
** byte-compile and prepare package for lazy loading
** help
*** installing help indices
** building package indices
** testing if installed package can be loaded from temporary location
** checking absolute paths in shared objects and dynamic libraries
** testing if installed package can be loaded from final location
** testing if installed package keeps a record of temporary installation path
* DONE (base64enc)
* installing *source* package ‘lifecycle’ ...
** this is package ‘lifecycle’ version ‘1.0.5’
** package ‘lifecycle’ successfully unpacked and MD5 sums checked
** using staged installation
** R
** inst
** byte-compile and prepare package for lazy loading
** help
*** installing help indices
*** copying figures
** building package indices
** installing vignettes
** testing if installed package can be loaded from temporary location
** testing if installed package can be loaded from final location
** testing if installed package keeps a record of temporary installation path
* DONE (lifecycle)
* installing *source* package ‘xml2’ ...
** this is package ‘xml2’ version ‘1.5.2’
** package ‘xml2’ successfully unpacked and MD5 sums checked
** using staged installation
Found pkg-config cflags and libs!
Using PKG_CFLAGS=-I/opt/conda/include/libxml2
Using PKG_LIBS=-L/opt/conda/lib -lxml2 -ldl -lpthread -L/opt/conda/lib -lz -L/opt/conda/lib -liconv -L/opt/conda/lib -licuuc -licudata -lm
** libs
using C compiler: ‘gcc (Ubuntu 13.3.0-6ubuntu2~24.04) 13.3.0’
using C++ compiler: ‘g++ (Ubuntu 13.3.0-6ubuntu2~24.04) 13.3.0’
g++ -std=gnu++17 -I"/usr/share/R/include" -DNDEBUG -I../inst/include -I/opt/conda/include/libxml2 -DUCHAR_TYPE=wchar_t -DU_SHOW_CPLUSPLUS_API=0 -DSTRICT_R_HEADERS -DR_NO_REMAP     -fvisibility=hidden -fpic  -g -O2 -fno-omit-frame-pointer -mno-omit-leaf-frame-pointer -ffile-prefix-map=/build/r-base-wwoKA3/r-base-4.5.1=. -fstack-protector-strong -fstack-clash-protection -Wformat -Werror=format-security -fcf-protection -fdebug-prefix-map=/build/r-base-wwoKA3/r-base-4.5.1=/usr/src/r-base-4.5.1-1.2404.0 -Wdate-time -D_FORTIFY_SOURCE=3   -c connection.cpp -o connection.o
gcc -std=gnu2x -I"/usr/share/R/include" -DNDEBUG -I../inst/include -I/opt/conda/include/libxml2 -DUCHAR_TYPE=wchar_t -DU_SHOW_CPLUSPLUS_API=0 -DSTRICT_R_HEADERS -DR_NO_REMAP     -fvisibility=hidden -fpic  -g -O2 -fno-omit-frame-pointer -mno-omit-leaf-frame-pointer -ffile-prefix-map=/build/r-base-wwoKA3/r-base-4.5.1=. -fstack-protector-strong -fstack-clash-protection -Wformat -Werror=format-security -fcf-protection -fdebug-prefix-map=/build/r-base-wwoKA3/r-base-4.5.1=/usr/src/r-base-4.5.1-1.2404.0 -Wdate-time -D_FORTIFY_SOURCE=3  -c init.c -o init.o
g++ -std=gnu++17 -I"/usr/share/R/include" -DNDEBUG -I../inst/include -I/opt/conda/include/libxml2 -DUCHAR_TYPE=wchar_t -DU_SHOW_CPLUSPLUS_API=0 -DSTRICT_R_HEADERS -DR_NO_REMAP     -fvisibility=hidden -fpic  -g -O2 -fno-omit-frame-pointer -mno-omit-leaf-frame-pointer -ffile-prefix-map=/build/r-base-wwoKA3/r-base-4.5.1=. -fstack-protector-strong -fstack-clash-protection -Wformat -Werror=format-security -fcf-protection -fdebug-prefix-map=/build/r-base-wwoKA3/r-base-4.5.1=/usr/src/r-base-4.5.1-1.2404.0 -Wdate-time -D_FORTIFY_SOURCE=3   -c xml2_doc.cpp -o xml2_doc.o
gcc -std=gnu2x -I"/usr/share/R/include" -DNDEBUG -I../inst/include -I/opt/conda/include/libxml2 -DUCHAR_TYPE=wchar_t -DU_SHOW_CPLUSPLUS_API=0 -DSTRICT_R_HEADERS -DR_NO_REMAP     -fvisibility=hidden -fpic  -g -O2 -fno-omit-frame-pointer -mno-omit-leaf-frame-pointer -ffile-prefix-map=/build/r-base-wwoKA3/r-base-4.5.1=. -fstack-protector-strong -fstack-clash-protection -Wformat -Werror=format-security -fcf-protection -fdebug-prefix-map=/build/r-base-wwoKA3/r-base-4.5.1=/usr/src/r-base-4.5.1-1.2404.0 -Wdate-time -D_FORTIFY_SOURCE=3  -c xml2_init.c -o xml2_init.o
g++ -std=gnu++17 -I"/usr/share/R/include" -DNDEBUG -I../inst/include -I/opt/conda/include/libxml2 -DUCHAR_TYPE=wchar_t -DU_SHOW_CPLUSPLUS_API=0 -DSTRICT_R_HEADERS -DR_NO_REMAP     -fvisibility=hidden -fpic  -g -O2 -fno-omit-frame-pointer -mno-omit-leaf-frame-pointer -ffile-prefix-map=/build/r-base-wwoKA3/r-base-4.5.1=. -fstack-protector-strong -fstack-clash-protection -Wformat -Werror=format-security -fcf-protection -fdebug-prefix-map=/build/r-base-wwoKA3/r-base-4.5.1=/usr/src/r-base-4.5.1-1.2404.0 -Wdate-time -D_FORTIFY_SOURCE=3   -c xml2_namespace.cpp -o xml2_namespace.o
g++ -std=gnu++17 -I"/usr/share/R/include" -DNDEBUG -I../inst/include -I/opt/conda/include/libxml2 -DUCHAR_TYPE=wchar_t -DU_SHOW_CPLUSPLUS_API=0 -DSTRICT_R_HEADERS -DR_NO_REMAP     -fvisibility=hidden -fpic  -g -O2 -fno-omit-frame-pointer -mno-omit-leaf-frame-pointer -ffile-prefix-map=/build/r-base-wwoKA3/r-base-4.5.1=. -fstack-protector-strong -fstack-clash-protection -Wformat -Werror=format-security -fcf-protection -fdebug-prefix-map=/build/r-base-wwoKA3/r-base-4.5.1=/usr/src/r-base-4.5.1-1.2404.0 -Wdate-time -D_FORTIFY_SOURCE=3   -c xml2_node.cpp -o xml2_node.o
g++ -std=gnu++17 -I"/usr/share/R/include" -DNDEBUG -I../inst/include -I/opt/conda/include/libxml2 -DUCHAR_TYPE=wchar_t -DU_SHOW_CPLUSPLUS_API=0 -DSTRICT_R_HEADERS -DR_NO_REMAP     -fvisibility=hidden -fpic  -g -O2 -fno-omit-frame-pointer -mno-omit-leaf-frame-pointer -ffile-prefix-map=/build/r-base-wwoKA3/r-base-4.5.1=. -fstack-protector-strong -fstack-clash-protection -Wformat -Werror=format-security -fcf-protection -fdebug-prefix-map=/build/r-base-wwoKA3/r-base-4.5.1=/usr/src/r-base-4.5.1-1.2404.0 -Wdate-time -D_FORTIFY_SOURCE=3   -c xml2_output.cpp -o xml2_output.o
g++ -std=gnu++17 -I"/usr/share/R/include" -DNDEBUG -I../inst/include -I/opt/conda/include/libxml2 -DUCHAR_TYPE=wchar_t -DU_SHOW_CPLUSPLUS_API=0 -DSTRICT_R_HEADERS -DR_NO_REMAP     -fvisibility=hidden -fpic  -g -O2 -fno-omit-frame-pointer -mno-omit-leaf-frame-pointer -ffile-prefix-map=/build/r-base-wwoKA3/r-base-4.5.1=. -fstack-protector-strong -fstack-clash-protection -Wformat -Werror=format-security -fcf-protection -fdebug-prefix-map=/build/r-base-wwoKA3/r-base-4.5.1=/usr/src/r-base-4.5.1-1.2404.0 -Wdate-time -D_FORTIFY_SOURCE=3   -c xml2_schema.cpp -o xml2_schema.o
g++ -std=gnu++17 -I"/usr/share/R/include" -DNDEBUG -I../inst/include -I/opt/conda/include/libxml2 -DUCHAR_TYPE=wchar_t -DU_SHOW_CPLUSPLUS_API=0 -DSTRICT_R_HEADERS -DR_NO_REMAP     -fvisibility=hidden -fpic  -g -O2 -fno-omit-frame-pointer -mno-omit-leaf-frame-pointer -ffile-prefix-map=/build/r-base-wwoKA3/r-base-4.5.1=. -fstack-protector-strong -fstack-clash-protection -Wformat -Werror=format-security -fcf-protection -fdebug-prefix-map=/build/r-base-wwoKA3/r-base-4.5.1=/usr/src/r-base-4.5.1-1.2404.0 -Wdate-time -D_FORTIFY_SOURCE=3   -c xml2_url.cpp -o xml2_url.o
g++ -std=gnu++17 -I"/usr/share/R/include" -DNDEBUG -I../inst/include -I/opt/conda/include/libxml2 -DUCHAR_TYPE=wchar_t -DU_SHOW_CPLUSPLUS_API=0 -DSTRICT_R_HEADERS -DR_NO_REMAP     -fvisibility=hidden -fpic  -g -O2 -fno-omit-frame-pointer -mno-omit-leaf-frame-pointer -ffile-prefix-map=/build/r-base-wwoKA3/r-base-4.5.1=. -fstack-protector-strong -fstack-clash-protection -Wformat -Werror=format-security -fcf-protection -fdebug-prefix-map=/build/r-base-wwoKA3/r-base-4.5.1=/usr/src/r-base-4.5.1-1.2404.0 -Wdate-time -D_FORTIFY_SOURCE=3   -c xml2_xpath.cpp -o xml2_xpath.o
g++ -std=gnu++17 -shared -L/usr/lib/R/lib -Wl,-Bsymbolic-functions -flto=auto -ffat-lto-objects -Wl,-z,relro -o xml2.so connection.o init.o xml2_doc.o xml2_init.o xml2_namespace.o xml2_node.o xml2_output.o xml2_schema.o xml2_url.o xml2_xpath.o -L/opt/conda/lib -lxml2 -ldl -lpthread -L/opt/conda/lib -lz -L/opt/conda/lib -liconv -L/opt/conda/lib -licuuc -licudata -lm -L/usr/lib/R/lib -lR
installing to /home/jovyan/R/x86_64-pc-linux-gnu-library/4.5/00LOCK-xml2/00new/xml2/libs
** R
** inst
** byte-compile and prepare package for lazy loading
** help
*** installing help indices
*** copying figures
** building package indices
** installing vignettes
** testing if installed package can be loaded from temporary location
Error: package or namespace load failed for ‘xml2’ in dyn.load(file, DLLpath = DLLpath, ...):
 unable to load shared object '/home/jovyan/R/x86_64-pc-linux-gnu-library/4.5/00LOCK-xml2/00new/xml2/libs/xml2.so':
  libxml2.so.16: cannot open shared object file: No such file or directory
Error: loading failed
Execution halted
ERROR: loading failed
* removing ‘/home/jovyan/R/x86_64-pc-linux-gnu-library/4.5/xml2’
* installing *source* package ‘vctrs’ ...
** this is package ‘vctrs’ version ‘0.7.3’
** package ‘vctrs’ successfully unpacked and MD5 sums checked
** using staged installation
** libs
using C compiler: ‘gcc (Ubuntu 13.3.0-6ubuntu2~24.04) 13.3.0’
gcc -std=gnu2x -I"/usr/share/R/include" -DNDEBUG -I./rlang     -fvisibility=hidden -fpic  -g -O2 -fno-omit-frame-pointer -mno-omit-leaf-frame-pointer -ffile-prefix-map=/build/r-base-wwoKA3/r-base-4.5.1=. -fstack-protector-strong -fstack-clash-protection -Wformat -Werror=format-security -fcf-protection -fdebug-prefix-map=/build/r-base-wwoKA3/r-base-4.5.1=/usr/src/r-base-4.5.1-1.2404.0 -Wdate-time -D_FORTIFY_SOURCE=3  -c altrep-lazy-character.c -o altrep-lazy-character.o
gcc -std=gnu2x -I"/usr/share/R/include" -DNDEBUG -I./rlang     -fvisibility=hidden -fpic  -g -O2 -fno-omit-frame-pointer -mno-omit-leaf-frame-pointer -ffile-prefix-map=/build/r-base-wwoKA3/r-base-4.5.1=. -fstack-protector-strong -fstack-clash-protection -Wformat -Werror=format-security -fcf-protection -fdebug-prefix-map=/build/r-base-wwoKA3/r-base-4.5.1=/usr/src/r-base-4.5.1-1.2404.0 -Wdate-time -D_FORTIFY_SOURCE=3  -c altrep-rle.c -o altrep-rle.o
gcc -std=gnu2x -I"/usr/share/R/include" -DNDEBUG -I./rlang     -fvisibility=hidden -fpic  -g -O2 -fno-omit-frame-pointer -mno-omit-leaf-frame-pointer -ffile-prefix-map=/build/r-base-wwoKA3/r-base-4.5.1=. -fstack-protector-strong -fstack-clash-protection -Wformat -Werror=format-security -fcf-protection -fdebug-prefix-map=/build/r-base-wwoKA3/r-base-4.5.1=/usr/src/r-base-4.5.1-1.2404.0 -Wdate-time -D_FORTIFY_SOURCE=3  -c altrep.c -o altrep.o
gcc -std=gnu2x -I"/usr/share/R/include" -DNDEBUG -I./rlang     -fvisibility=hidden -fpic  -g -O2 -fno-omit-frame-pointer -mno-omit-leaf-frame-pointer -ffile-prefix-map=/build/r-base-wwoKA3/r-base-4.5.1=. -fstack-protector-strong -fstack-clash-protection -Wformat -Werror=format-security -fcf-protection -fdebug-prefix-map=/build/r-base-wwoKA3/r-base-4.5.1=/usr/src/r-base-4.5.1-1.2404.0 -Wdate-time -D_FORTIFY_SOURCE=3  -c arg-counter.c -o arg-counter.o
gcc -std=gnu2x -I"/usr/share/R/include" -DNDEBUG -I./rlang     -fvisibility=hidden -fpic  -g -O2 -fno-omit-frame-pointer -mno-omit-leaf-frame-pointer -ffile-prefix-map=/build/r-base-wwoKA3/r-base-4.5.1=. -fstack-protector-strong -fstack-clash-protection -Wformat -Werror=format-security -fcf-protection -fdebug-prefix-map=/build/r-base-wwoKA3/r-base-4.5.1=/usr/src/r-base-4.5.1-1.2404.0 -Wdate-time -D_FORTIFY_SOURCE=3  -c arg.c -o arg.o
gcc -std=gnu2x -I"/usr/share/R/include" -DNDEBUG -I./rlang     -fvisibility=hidden -fpic  -g -O2 -fno-omit-frame-pointer -mno-omit-leaf-frame-pointer -ffile-prefix-map=/build/r-base-wwoKA3/r-base-4.5.1=. -fstack-protector-strong -fstack-clash-protection -Wformat -Werror=format-security -fcf-protection -fdebug-prefix-map=/build/r-base-wwoKA3/r-base-4.5.1=/usr/src/r-base-4.5.1-1.2404.0 -Wdate-time -D_FORTIFY_SOURCE=3  -c assert.c -o assert.o
gcc -std=gnu2x -I"/usr/share/R/include" -DNDEBUG -I./rlang     -fvisibility=hidden -fpic  -g -O2 -fno-omit-frame-pointer -mno-omit-leaf-frame-pointer -ffile-prefix-map=/build/r-base-wwoKA3/r-base-4.5.1=. -fstack-protector-strong -fstack-clash-protection -Wformat -Werror=format-security -fcf-protection -fdebug-prefix-map=/build/r-base-wwoKA3/r-base-4.5.1=/usr/src/r-base-4.5.1-1.2404.0 -Wdate-time -D_FORTIFY_SOURCE=3  -c bind.c -o bind.o
gcc -std=gnu2x -I"/usr/share/R/include" -DNDEBUG -I./rlang     -fvisibility=hidden -fpic  -g -O2 -fno-omit-frame-pointer -mno-omit-leaf-frame-pointer -ffile-prefix-map=/build/r-base-wwoKA3/r-base-4.5.1=. -fstack-protector-strong -fstack-clash-protection -Wformat -Werror=format-security -fcf-protection -fdebug-prefix-map=/build/r-base-wwoKA3/r-base-4.5.1=/usr/src/r-base-4.5.1-1.2404.0 -Wdate-time -D_FORTIFY_SOURCE=3  -c c.c -o c.o
gcc -std=gnu2x -I"/usr/share/R/include" -DNDEBUG -I./rlang     -fvisibility=hidden -fpic  -g -O2 -fno-omit-frame-pointer -mno-omit-leaf-frame-pointer -ffile-prefix-map=/build/r-base-wwoKA3/r-base-4.5.1=. -fstack-protector-strong -fstack-clash-protection -Wformat -Werror=format-security -fcf-protection -fdebug-prefix-map=/build/r-base-wwoKA3/r-base-4.5.1=/usr/src/r-base-4.5.1-1.2404.0 -Wdate-time -D_FORTIFY_SOURCE=3  -c callables.c -o callables.o
gcc -std=gnu2x -I"/usr/share/R/include" -DNDEBUG -I./rlang     -fvisibility=hidden -fpic  -g -O2 -fno-omit-frame-pointer -mno-omit-leaf-frame-pointer -ffile-prefix-map=/build/r-base-wwoKA3/r-base-4.5.1=. -fstack-protector-strong -fstack-clash-protection -Wformat -Werror=format-security -fcf-protection -fdebug-prefix-map=/build/r-base-wwoKA3/r-base-4.5.1=/usr/src/r-base-4.5.1-1.2404.0 -Wdate-time -D_FORTIFY_SOURCE=3  -c case-when.c -o case-when.o
gcc -std=gnu2x -I"/usr/share/R/include" -DNDEBUG -I./rlang     -fvisibility=hidden -fpic  -g -O2 -fno-omit-frame-pointer -mno-omit-leaf-frame-pointer -ffile-prefix-map=/build/r-base-wwoKA3/r-base-4.5.1=. -fstack-protector-strong -fstack-clash-protection -Wformat -Werror=format-security -fcf-protection -fdebug-prefix-map=/build/r-base-wwoKA3/r-base-4.5.1=/usr/src/r-base-4.5.1-1.2404.0 -Wdate-time -D_FORTIFY_SOURCE=3  -c cast-bare.c -o cast-bare.o
gcc -std=gnu2x -I"/usr/share/R/include" -DNDEBUG -I./rlang     -fvisibility=hidden -fpic  -g -O2 -fno-omit-frame-pointer -mno-omit-leaf-frame-pointer -ffile-prefix-map=/build/r-base-wwoKA3/r-base-4.5.1=. -fstack-protector-strong -fstack-clash-protection -Wformat -Werror=format-security -fcf-protection -fdebug-prefix-map=/build/r-base-wwoKA3/r-base-4.5.1=/usr/src/r-base-4.5.1-1.2404.0 -Wdate-time -D_FORTIFY_SOURCE=3  -c cast-dispatch.c -o cast-dispatch.o
gcc -std=gnu2x -I"/usr/share/R/include" -DNDEBUG -I./rlang     -fvisibility=hidden -fpic  -g -O2 -fno-omit-frame-pointer -mno-omit-leaf-frame-pointer -ffile-prefix-map=/build/r-base-wwoKA3/r-base-4.5.1=. -fstack-protector-strong -fstack-clash-protection -Wformat -Werror=format-security -fcf-protection -fdebug-prefix-map=/build/r-base-wwoKA3/r-base-4.5.1=/usr/src/r-base-4.5.1-1.2404.0 -Wdate-time -D_FORTIFY_SOURCE=3  -c cast.c -o cast.o
gcc -std=gnu2x -I"/usr/share/R/include" -DNDEBUG -I./rlang     -fvisibility=hidden -fpic  -g -O2 -fno-omit-frame-pointer -mno-omit-leaf-frame-pointer -ffile-prefix-map=/build/r-base-wwoKA3/r-base-4.5.1=. -fstack-protector-strong -fstack-clash-protection -Wformat -Werror=format-security -fcf-protection -fdebug-prefix-map=/build/r-base-wwoKA3/r-base-4.5.1=/usr/src/r-base-4.5.1-1.2404.0 -Wdate-time -D_FORTIFY_SOURCE=3  -c compare.c -o compare.o
gcc -std=gnu2x -I"/usr/share/R/include" -DNDEBUG -I./rlang     -fvisibility=hidden -fpic  -g -O2 -fno-omit-frame-pointer -mno-omit-leaf-frame-pointer -ffile-prefix-map=/build/r-base-wwoKA3/r-base-4.5.1=. -fstack-protector-strong -fstack-clash-protection -Wformat -Werror=format-security -fcf-protection -fdebug-prefix-map=/build/r-base-wwoKA3/r-base-4.5.1=/usr/src/r-base-4.5.1-1.2404.0 -Wdate-time -D_FORTIFY_SOURCE=3  -c complete.c -o complete.o
gcc -std=gnu2x -I"/usr/share/R/include" -DNDEBUG -I./rlang     -fvisibility=hidden -fpic  -g -O2 -fno-omit-frame-pointer -mno-omit-leaf-frame-pointer -ffile-prefix-map=/build/r-base-wwoKA3/r-base-4.5.1=. -fstack-protector-strong -fstack-clash-protection -Wformat -Werror=format-security -fcf-protection -fdebug-prefix-map=/build/r-base-wwoKA3/r-base-4.5.1=/usr/src/r-base-4.5.1-1.2404.0 -Wdate-time -D_FORTIFY_SOURCE=3  -c conditions.c -o conditions.o
gcc -std=gnu2x -I"/usr/share/R/include" -DNDEBUG -I./rlang     -fvisibility=hidden -fpic  -g -O2 -fno-omit-frame-pointer -mno-omit-leaf-frame-pointer -ffile-prefix-map=/build/r-base-wwoKA3/r-base-4.5.1=. -fstack-protector-strong -fstack-clash-protection -Wformat -Werror=format-security -fcf-protection -fdebug-prefix-map=/build/r-base-wwoKA3/r-base-4.5.1=/usr/src/r-base-4.5.1-1.2404.0 -Wdate-time -D_FORTIFY_SOURCE=3  -c dictionary.c -o dictionary.o
gcc -std=gnu2x -I"/usr/share/R/include" -DNDEBUG -I./rlang     -fvisibility=hidden -fpic  -g -O2 -fno-omit-frame-pointer -mno-omit-leaf-frame-pointer -ffile-prefix-map=/build/r-base-wwoKA3/r-base-4.5.1=. -fstack-protector-strong -fstack-clash-protection -Wformat -Werror=format-security -fcf-protection -fdebug-prefix-map=/build/r-base-wwoKA3/r-base-4.5.1=/usr/src/r-base-4.5.1-1.2404.0 -Wdate-time -D_FORTIFY_SOURCE=3  -c dim.c -o dim.o
gcc -std=gnu2x -I"/usr/share/R/include" -DNDEBUG -I./rlang     -fvisibility=hidden -fpic  -g -O2 -fno-omit-frame-pointer -mno-omit-leaf-frame-pointer -ffile-prefix-map=/build/r-base-wwoKA3/r-base-4.5.1=. -fstack-protector-strong -fstack-clash-protection -Wformat -Werror=format-security -fcf-protection -fdebug-prefix-map=/build/r-base-wwoKA3/r-base-4.5.1=/usr/src/r-base-4.5.1-1.2404.0 -Wdate-time -D_FORTIFY_SOURCE=3  -c empty.c -o empty.o
gcc -std=gnu2x -I"/usr/share/R/include" -DNDEBUG -I./rlang     -fvisibility=hidden -fpic  -g -O2 -fno-omit-frame-pointer -mno-omit-leaf-frame-pointer -ffile-prefix-map=/build/r-base-wwoKA3/r-base-4.5.1=. -fstack-protector-strong -fstack-clash-protection -Wformat -Werror=format-security -fcf-protection -fdebug-prefix-map=/build/r-base-wwoKA3/r-base-4.5.1=/usr/src/r-base-4.5.1-1.2404.0 -Wdate-time -D_FORTIFY_SOURCE=3  -c encoding.c -o encoding.o
gcc -std=gnu2x -I"/usr/share/R/include" -DNDEBUG -I./rlang     -fvisibility=hidden -fpic  -g -O2 -fno-omit-frame-pointer -mno-omit-leaf-frame-pointer -ffile-prefix-map=/build/r-base-wwoKA3/r-base-4.5.1=. -fstack-protector-strong -fstack-clash-protection -Wformat -Werror=format-security -fcf-protection -fdebug-prefix-map=/build/r-base-wwoKA3/r-base-4.5.1=/usr/src/r-base-4.5.1-1.2404.0 -Wdate-time -D_FORTIFY_SOURCE=3  -c equal.c -o equal.o
gcc -std=gnu2x -I"/usr/share/R/include" -DNDEBUG -I./rlang     -fvisibility=hidden -fpic  -g -O2 -fno-omit-frame-pointer -mno-omit-leaf-frame-pointer -ffile-prefix-map=/build/r-base-wwoKA3/r-base-4.5.1=. -fstack-protector-strong -fstack-clash-protection -Wformat -Werror=format-security -fcf-protection -fdebug-prefix-map=/build/r-base-wwoKA3/r-base-4.5.1=/usr/src/r-base-4.5.1-1.2404.0 -Wdate-time -D_FORTIFY_SOURCE=3  -c expand.c -o expand.o
gcc -std=gnu2x -I"/usr/share/R/include" -DNDEBUG -I./rlang     -fvisibility=hidden -fpic  -g -O2 -fno-omit-frame-pointer -mno-omit-leaf-frame-pointer -ffile-prefix-map=/build/r-base-wwoKA3/r-base-4.5.1=. -fstack-protector-strong -fstack-clash-protection -Wformat -Werror=format-security -fcf-protection -fdebug-prefix-map=/build/r-base-wwoKA3/r-base-4.5.1=/usr/src/r-base-4.5.1-1.2404.0 -Wdate-time -D_FORTIFY_SOURCE=3  -c fields.c -o fields.o
gcc -std=gnu2x -I"/usr/share/R/include" -DNDEBUG -I./rlang     -fvisibility=hidden -fpic  -g -O2 -fno-omit-frame-pointer -mno-omit-leaf-frame-pointer -ffile-prefix-map=/build/r-base-wwoKA3/r-base-4.5.1=. -fstack-protector-strong -fstack-clash-protection -Wformat -Werror=format-security -fcf-protection -fdebug-prefix-map=/build/r-base-wwoKA3/r-base-4.5.1=/usr/src/r-base-4.5.1-1.2404.0 -Wdate-time -D_FORTIFY_SOURCE=3  -c fill.c -o fill.o
gcc -std=gnu2x -I"/usr/share/R/include" -DNDEBUG -I./rlang     -fvisibility=hidden -fpic  -g -O2 -fno-omit-frame-pointer -mno-omit-leaf-frame-pointer -ffile-prefix-map=/build/r-base-wwoKA3/r-base-4.5.1=. -fstack-protector-strong -fstack-clash-protection -Wformat -Werror=format-security -fcf-protection -fdebug-prefix-map=/build/r-base-wwoKA3/r-base-4.5.1=/usr/src/r-base-4.5.1-1.2404.0 -Wdate-time -D_FORTIFY_SOURCE=3  -c globals.c -o globals.o
gcc -std=gnu2x -I"/usr/share/R/include" -DNDEBUG -I./rlang     -fvisibility=hidden -fpic  -g -O2 -fno-omit-frame-pointer -mno-omit-leaf-frame-pointer -ffile-prefix-map=/build/r-base-wwoKA3/r-base-4.5.1=. -fstack-protector-strong -fstack-clash-protection -Wformat -Werror=format-security -fcf-protection -fdebug-prefix-map=/build/r-base-wwoKA3/r-base-4.5.1=/usr/src/r-base-4.5.1-1.2404.0 -Wdate-time -D_FORTIFY_SOURCE=3  -c group.c -o group.o
gcc -std=gnu2x -I"/usr/share/R/include" -DNDEBUG -I./rlang     -fvisibility=hidden -fpic  -g -O2 -fno-omit-frame-pointer -mno-omit-leaf-frame-pointer -ffile-prefix-map=/build/r-base-wwoKA3/r-base-4.5.1=. -fstack-protector-strong -fstack-clash-protection -Wformat -Werror=format-security -fcf-protection -fdebug-prefix-map=/build/r-base-wwoKA3/r-base-4.5.1=/usr/src/r-base-4.5.1-1.2404.0 -Wdate-time -D_FORTIFY_SOURCE=3  -c growable.c -o growable.o
gcc -std=gnu2x -I"/usr/share/R/include" -DNDEBUG -I./rlang     -fvisibility=hidden -fpic  -g -O2 -fno-omit-frame-pointer -mno-omit-leaf-frame-pointer -ffile-prefix-map=/build/r-base-wwoKA3/r-base-4.5.1=. -fstack-protector-strong -fstack-clash-protection -Wformat -Werror=format-security -fcf-protection -fdebug-prefix-map=/build/r-base-wwoKA3/r-base-4.5.1=/usr/src/r-base-4.5.1-1.2404.0 -Wdate-time -D_FORTIFY_SOURCE=3  -c hash.c -o hash.o
gcc -std=gnu2x -I"/usr/share/R/include" -DNDEBUG -I./rlang     -fvisibility=hidden -fpic  -g -O2 -fno-omit-frame-pointer -mno-omit-leaf-frame-pointer -ffile-prefix-map=/build/r-base-wwoKA3/r-base-4.5.1=. -fstack-protector-strong -fstack-clash-protection -Wformat -Werror=format-security -fcf-protection -fdebug-prefix-map=/build/r-base-wwoKA3/r-base-4.5.1=/usr/src/r-base-4.5.1-1.2404.0 -Wdate-time -D_FORTIFY_SOURCE=3  -c if-else.c -o if-else.o
gcc -std=gnu2x -I"/usr/share/R/include" -DNDEBUG -I./rlang     -fvisibility=hidden -fpic  -g -O2 -fno-omit-frame-pointer -mno-omit-leaf-frame-pointer -ffile-prefix-map=/build/r-base-wwoKA3/r-base-4.5.1=. -fstack-protector-strong -fstack-clash-protection -Wformat -Werror=format-security -fcf-protection -fdebug-prefix-map=/build/r-base-wwoKA3/r-base-4.5.1=/usr/src/r-base-4.5.1-1.2404.0 -Wdate-time -D_FORTIFY_SOURCE=3  -c init.c -o init.o
gcc -std=gnu2x -I"/usr/share/R/include" -DNDEBUG -I./rlang     -fvisibility=hidden -fpic  -g -O2 -fno-omit-frame-pointer -mno-omit-leaf-frame-pointer -ffile-prefix-map=/build/r-base-wwoKA3/r-base-4.5.1=. -fstack-protector-strong -fstack-clash-protection -Wformat -Werror=format-security -fcf-protection -fdebug-prefix-map=/build/r-base-wwoKA3/r-base-4.5.1=/usr/src/r-base-4.5.1-1.2404.0 -Wdate-time -D_FORTIFY_SOURCE=3  -c interval.c -o interval.o
gcc -std=gnu2x -I"/usr/share/R/include" -DNDEBUG -I./rlang     -fvisibility=hidden -fpic  -g -O2 -fno-omit-frame-pointer -mno-omit-leaf-frame-pointer -ffile-prefix-map=/build/r-base-wwoKA3/r-base-4.5.1=. -fstack-protector-strong -fstack-clash-protection -Wformat -Werror=format-security -fcf-protection -fdebug-prefix-map=/build/r-base-wwoKA3/r-base-4.5.1=/usr/src/r-base-4.5.1-1.2404.0 -Wdate-time -D_FORTIFY_SOURCE=3  -c list-combine.c -o list-combine.o
gcc -std=gnu2x -I"/usr/share/R/include" -DNDEBUG -I./rlang     -fvisibility=hidden -fpic  -g -O2 -fno-omit-frame-pointer -mno-omit-leaf-frame-pointer -ffile-prefix-map=/build/r-base-wwoKA3/r-base-4.5.1=. -fstack-protector-strong -fstack-clash-protection -Wformat -Werror=format-security -fcf-protection -fdebug-prefix-map=/build/r-base-wwoKA3/r-base-4.5.1=/usr/src/r-base-4.5.1-1.2404.0 -Wdate-time -D_FORTIFY_SOURCE=3  -c list-unchop.c -o list-unchop.o
gcc -std=gnu2x -I"/usr/share/R/include" -DNDEBUG -I./rlang     -fvisibility=hidden -fpic  -g -O2 -fno-omit-frame-pointer -mno-omit-leaf-frame-pointer -ffile-prefix-map=/build/r-base-wwoKA3/r-base-4.5.1=. -fstack-protector-strong -fstack-clash-protection -Wformat -Werror=format-security -fcf-protection -fdebug-prefix-map=/build/r-base-wwoKA3/r-base-4.5.1=/usr/src/r-base-4.5.1-1.2404.0 -Wdate-time -D_FORTIFY_SOURCE=3  -c match-joint.c -o match-joint.o
gcc -std=gnu2x -I"/usr/share/R/include" -DNDEBUG -I./rlang     -fvisibility=hidden -fpic  -g -O2 -fno-omit-frame-pointer -mno-omit-leaf-frame-pointer -ffile-prefix-map=/build/r-base-wwoKA3/r-base-4.5.1=. -fstack-protector-strong -fstack-clash-protection -Wformat -Werror=format-security -fcf-protection -fdebug-prefix-map=/build/r-base-wwoKA3/r-base-4.5.1=/usr/src/r-base-4.5.1-1.2404.0 -Wdate-time -D_FORTIFY_SOURCE=3  -c match.c -o match.o
gcc -std=gnu2x -I"/usr/share/R/include" -DNDEBUG -I./rlang     -fvisibility=hidden -fpic  -g -O2 -fno-omit-frame-pointer -mno-omit-leaf-frame-pointer -ffile-prefix-map=/build/r-base-wwoKA3/r-base-4.5.1=. -fstack-protector-strong -fstack-clash-protection -Wformat -Werror=format-security -fcf-protection -fdebug-prefix-map=/build/r-base-wwoKA3/r-base-4.5.1=/usr/src/r-base-4.5.1-1.2404.0 -Wdate-time -D_FORTIFY_SOURCE=3  -c missing.c -o missing.o
gcc -std=gnu2x -I"/usr/share/R/include" -DNDEBUG -I./rlang     -fvisibility=hidden -fpic  -g -O2 -fno-omit-frame-pointer -mno-omit-leaf-frame-pointer -ffile-prefix-map=/build/r-base-wwoKA3/r-base-4.5.1=. -fstack-protector-strong -fstack-clash-protection -Wformat -Werror=format-security -fcf-protection -fdebug-prefix-map=/build/r-base-wwoKA3/r-base-4.5.1=/usr/src/r-base-4.5.1-1.2404.0 -Wdate-time -D_FORTIFY_SOURCE=3  -c names.c -o names.o
gcc -std=gnu2x -I"/usr/share/R/include" -DNDEBUG -I./rlang     -fvisibility=hidden -fpic  -g -O2 -fno-omit-frame-pointer -mno-omit-leaf-frame-pointer -ffile-prefix-map=/build/r-base-wwoKA3/r-base-4.5.1=. -fstack-protector-strong -fstack-clash-protection -Wformat -Werror=format-security -fcf-protection -fdebug-prefix-map=/build/r-base-wwoKA3/r-base-4.5.1=/usr/src/r-base-4.5.1-1.2404.0 -Wdate-time -D_FORTIFY_SOURCE=3  -c order-collate.c -o order-collate.o
gcc -std=gnu2x -I"/usr/share/R/include" -DNDEBUG -I./rlang     -fvisibility=hidden -fpic  -g -O2 -fno-omit-frame-pointer -mno-omit-leaf-frame-pointer -ffile-prefix-map=/build/r-base-wwoKA3/r-base-4.5.1=. -fstack-protector-strong -fstack-clash-protection -Wformat -Werror=format-security -fcf-protection -fdebug-prefix-map=/build/r-base-wwoKA3/r-base-4.5.1=/usr/src/r-base-4.5.1-1.2404.0 -Wdate-time -D_FORTIFY_SOURCE=3  -c order-groups.c -o order-groups.o
gcc -std=gnu2x -I"/usr/share/R/include" -DNDEBUG -I./rlang     -fvisibility=hidden -fpic  -g -O2 -fno-omit-frame-pointer -mno-omit-leaf-frame-pointer -ffile-prefix-map=/build/r-base-wwoKA3/r-base-4.5.1=. -fstack-protector-strong -fstack-clash-protection -Wformat -Werror=format-security -fcf-protection -fdebug-prefix-map=/build/r-base-wwoKA3/r-base-4.5.1=/usr/src/r-base-4.5.1-1.2404.0 -Wdate-time -D_FORTIFY_SOURCE=3  -c order-sortedness.c -o order-sortedness.o
gcc -std=gnu2x -I"/usr/share/R/include" -DNDEBUG -I./rlang     -fvisibility=hidden -fpic  -g -O2 -fno-omit-frame-pointer -mno-omit-leaf-frame-pointer -ffile-prefix-map=/build/r-base-wwoKA3/r-base-4.5.1=. -fstack-protector-strong -fstack-clash-protection -Wformat -Werror=format-security -fcf-protection -fdebug-prefix-map=/build/r-base-wwoKA3/r-base-4.5.1=/usr/src/r-base-4.5.1-1.2404.0 -Wdate-time -D_FORTIFY_SOURCE=3  -c order.c -o order.o
gcc -std=gnu2x -I"/usr/share/R/include" -DNDEBUG -I./rlang     -fvisibility=hidden -fpic  -g -O2 -fno-omit-frame-pointer -mno-omit-leaf-frame-pointer -ffile-prefix-map=/build/r-base-wwoKA3/r-base-4.5.1=. -fstack-protector-strong -fstack-clash-protection -Wformat -Werror=format-security -fcf-protection -fdebug-prefix-map=/build/r-base-wwoKA3/r-base-4.5.1=/usr/src/r-base-4.5.1-1.2404.0 -Wdate-time -D_FORTIFY_SOURCE=3  -c parallel.c -o parallel.o
gcc -std=gnu2x -I"/usr/share/R/include" -DNDEBUG -I./rlang     -fvisibility=hidden -fpic  -g -O2 -fno-omit-frame-pointer -mno-omit-leaf-frame-pointer -ffile-prefix-map=/build/r-base-wwoKA3/r-base-4.5.1=. -fstack-protector-strong -fstack-clash-protection -Wformat -Werror=format-security -fcf-protection -fdebug-prefix-map=/build/r-base-wwoKA3/r-base-4.5.1=/usr/src/r-base-4.5.1-1.2404.0 -Wdate-time -D_FORTIFY_SOURCE=3  -c poly-op.c -o poly-op.o
gcc -std=gnu2x -I"/usr/share/R/include" -DNDEBUG -I./rlang     -fvisibility=hidden -fpic  -g -O2 -fno-omit-frame-pointer -mno-omit-leaf-frame-pointer -ffile-prefix-map=/build/r-base-wwoKA3/r-base-4.5.1=. -fstack-protector-strong -fstack-clash-protection -Wformat -Werror=format-security -fcf-protection -fdebug-prefix-map=/build/r-base-wwoKA3/r-base-4.5.1=/usr/src/r-base-4.5.1-1.2404.0 -Wdate-time -D_FORTIFY_SOURCE=3  -c proxy-restore.c -o proxy-restore.o
gcc -std=gnu2x -I"/usr/share/R/include" -DNDEBUG -I./rlang     -fvisibility=hidden -fpic  -g -O2 -fno-omit-frame-pointer -mno-omit-leaf-frame-pointer -ffile-prefix-map=/build/r-base-wwoKA3/r-base-4.5.1=. -fstack-protector-strong -fstack-clash-protection -Wformat -Werror=format-security -fcf-protection -fdebug-prefix-map=/build/r-base-wwoKA3/r-base-4.5.1=/usr/src/r-base-4.5.1-1.2404.0 -Wdate-time -D_FORTIFY_SOURCE=3  -c proxy.c -o proxy.o
gcc -std=gnu2x -I"/usr/share/R/include" -DNDEBUG -I./rlang     -fvisibility=hidden -fpic  -g -O2 -fno-omit-frame-pointer -mno-omit-leaf-frame-pointer -ffile-prefix-map=/build/r-base-wwoKA3/r-base-4.5.1=. -fstack-protector-strong -fstack-clash-protection -Wformat -Werror=format-security -fcf-protection -fdebug-prefix-map=/build/r-base-wwoKA3/r-base-4.5.1=/usr/src/r-base-4.5.1-1.2404.0 -Wdate-time -D_FORTIFY_SOURCE=3  -c ptype-common.c -o ptype-common.o
gcc -std=gnu2x -I"/usr/share/R/include" -DNDEBUG -I./rlang     -fvisibility=hidden -fpic  -g -O2 -fno-omit-frame-pointer -mno-omit-leaf-frame-pointer -ffile-prefix-map=/build/r-base-wwoKA3/r-base-4.5.1=. -fstack-protector-strong -fstack-clash-protection -Wformat -Werror=format-security -fcf-protection -fdebug-prefix-map=/build/r-base-wwoKA3/r-base-4.5.1=/usr/src/r-base-4.5.1-1.2404.0 -Wdate-time -D_FORTIFY_SOURCE=3  -c ptype.c -o ptype.o
gcc -std=gnu2x -I"/usr/share/R/include" -DNDEBUG -I./rlang     -fvisibility=hidden -fpic  -g -O2 -fno-omit-frame-pointer -mno-omit-leaf-frame-pointer -ffile-prefix-map=/build/r-base-wwoKA3/r-base-4.5.1=. -fstack-protector-strong -fstack-clash-protection -Wformat -Werror=format-security -fcf-protection -fdebug-prefix-map=/build/r-base-wwoKA3/r-base-4.5.1=/usr/src/r-base-4.5.1-1.2404.0 -Wdate-time -D_FORTIFY_SOURCE=3  -c ptype2-dispatch.c -o ptype2-dispatch.o
gcc -std=gnu2x -I"/usr/share/R/include" -DNDEBUG -I./rlang     -fvisibility=hidden -fpic  -g -O2 -fno-omit-frame-pointer -mno-omit-leaf-frame-pointer -ffile-prefix-map=/build/r-base-wwoKA3/r-base-4.5.1=. -fstack-protector-strong -fstack-clash-protection -Wformat -Werror=format-security -fcf-protection -fdebug-prefix-map=/build/r-base-wwoKA3/r-base-4.5.1=/usr/src/r-base-4.5.1-1.2404.0 -Wdate-time -D_FORTIFY_SOURCE=3  -c ptype2.c -o ptype2.o
gcc -std=gnu2x -I"/usr/share/R/include" -DNDEBUG -I./rlang     -fvisibility=hidden -fpic  -g -O2 -fno-omit-frame-pointer -mno-omit-leaf-frame-pointer -ffile-prefix-map=/build/r-base-wwoKA3/r-base-4.5.1=. -fstack-protector-strong -fstack-clash-protection -Wformat -Werror=format-security -fcf-protection -fdebug-prefix-map=/build/r-base-wwoKA3/r-base-4.5.1=/usr/src/r-base-4.5.1-1.2404.0 -Wdate-time -D_FORTIFY_SOURCE=3  -c rank.c -o rank.o
gcc -std=gnu2x -I"/usr/share/R/include" -DNDEBUG -I./rlang     -fvisibility=hidden -fpic  -g -O2 -fno-omit-frame-pointer -mno-omit-leaf-frame-pointer -ffile-prefix-map=/build/r-base-wwoKA3/r-base-4.5.1=. -fstack-protector-strong -fstack-clash-protection -Wformat -Werror=format-security -fcf-protection -fdebug-prefix-map=/build/r-base-wwoKA3/r-base-4.5.1=/usr/src/r-base-4.5.1-1.2404.0 -Wdate-time -D_FORTIFY_SOURCE=3  -c recode.c -o recode.o
gcc -std=gnu2x -I"/usr/share/R/include" -DNDEBUG -I./rlang     -fvisibility=hidden -fpic  -g -O2 -fno-omit-frame-pointer -mno-omit-leaf-frame-pointer -ffile-prefix-map=/build/r-base-wwoKA3/r-base-4.5.1=. -fstack-protector-strong -fstack-clash-protection -Wformat -Werror=format-security -fcf-protection -fdebug-prefix-map=/build/r-base-wwoKA3/r-base-4.5.1=/usr/src/r-base-4.5.1-1.2404.0 -Wdate-time -D_FORTIFY_SOURCE=3  -c rep.c -o rep.o
gcc -std=gnu2x -I"/usr/share/R/include" -DNDEBUG -I./rlang     -fvisibility=hidden -fpic  -g -O2 -fno-omit-frame-pointer -mno-omit-leaf-frame-pointer -ffile-prefix-map=/build/r-base-wwoKA3/r-base-4.5.1=. -fstack-protector-strong -fstack-clash-protection -Wformat -Werror=format-security -fcf-protection -fdebug-prefix-map=/build/r-base-wwoKA3/r-base-4.5.1=/usr/src/r-base-4.5.1-1.2404.0 -Wdate-time -D_FORTIFY_SOURCE=3  -c rlang-dev.c -o rlang-dev.o
gcc -std=gnu2x -I"/usr/share/R/include" -DNDEBUG -I./rlang     -fvisibility=hidden -fpic  -g -O2 -fno-omit-frame-pointer -mno-omit-leaf-frame-pointer -ffile-prefix-map=/build/r-base-wwoKA3/r-base-4.5.1=. -fstack-protector-strong -fstack-clash-protection -Wformat -Werror=format-security -fcf-protection -fdebug-prefix-map=/build/r-base-wwoKA3/r-base-4.5.1=/usr/src/r-base-4.5.1-1.2404.0 -Wdate-time -D_FORTIFY_SOURCE=3  -c rlang.c -o rlang.o
gcc -std=gnu2x -I"/usr/share/R/include" -DNDEBUG -I./rlang     -fvisibility=hidden -fpic  -g -O2 -fno-omit-frame-pointer -mno-omit-leaf-frame-pointer -ffile-prefix-map=/build/r-base-wwoKA3/r-base-4.5.1=. -fstack-protector-strong -fstack-clash-protection -Wformat -Werror=format-security -fcf-protection -fdebug-prefix-map=/build/r-base-wwoKA3/r-base-4.5.1=/usr/src/r-base-4.5.1-1.2404.0 -Wdate-time -D_FORTIFY_SOURCE=3  -c runs.c -o runs.o
gcc -std=gnu2x -I"/usr/share/R/include" -DNDEBUG -I./rlang     -fvisibility=hidden -fpic  -g -O2 -fno-omit-frame-pointer -mno-omit-leaf-frame-pointer -ffile-prefix-map=/build/r-base-wwoKA3/r-base-4.5.1=. -fstack-protector-strong -fstack-clash-protection -Wformat -Werror=format-security -fcf-protection -fdebug-prefix-map=/build/r-base-wwoKA3/r-base-4.5.1=/usr/src/r-base-4.5.1-1.2404.0 -Wdate-time -D_FORTIFY_SOURCE=3  -c set.c -o set.o
gcc -std=gnu2x -I"/usr/share/R/include" -DNDEBUG -I./rlang     -fvisibility=hidden -fpic  -g -O2 -fno-omit-frame-pointer -mno-omit-leaf-frame-pointer -ffile-prefix-map=/build/r-base-wwoKA3/r-base-4.5.1=. -fstack-protector-strong -fstack-clash-protection -Wformat -Werror=format-security -fcf-protection -fdebug-prefix-map=/build/r-base-wwoKA3/r-base-4.5.1=/usr/src/r-base-4.5.1-1.2404.0 -Wdate-time -D_FORTIFY_SOURCE=3  -c shape.c -o shape.o
gcc -std=gnu2x -I"/usr/share/R/include" -DNDEBUG -I./rlang     -fvisibility=hidden -fpic  -g -O2 -fno-omit-frame-pointer -mno-omit-leaf-frame-pointer -ffile-prefix-map=/build/r-base-wwoKA3/r-base-4.5.1=. -fstack-protector-strong -fstack-clash-protection -Wformat -Werror=format-security -fcf-protection -fdebug-prefix-map=/build/r-base-wwoKA3/r-base-4.5.1=/usr/src/r-base-4.5.1-1.2404.0 -Wdate-time -D_FORTIFY_SOURCE=3  -c size-common.c -o size-common.o
gcc -std=gnu2x -I"/usr/share/R/include" -DNDEBUG -I./rlang     -fvisibility=hidden -fpic  -g -O2 -fno-omit-frame-pointer -mno-omit-leaf-frame-pointer -ffile-prefix-map=/build/r-base-wwoKA3/r-base-4.5.1=. -fstack-protector-strong -fstack-clash-protection -Wformat -Werror=format-security -fcf-protection -fdebug-prefix-map=/build/r-base-wwoKA3/r-base-4.5.1=/usr/src/r-base-4.5.1-1.2404.0 -Wdate-time -D_FORTIFY_SOURCE=3  -c size.c -o size.o
gcc -std=gnu2x -I"/usr/share/R/include" -DNDEBUG -I./rlang     -fvisibility=hidden -fpic  -g -O2 -fno-omit-frame-pointer -mno-omit-leaf-frame-pointer -ffile-prefix-map=/build/r-base-wwoKA3/r-base-4.5.1=. -fstack-protector-strong -fstack-clash-protection -Wformat -Werror=format-security -fcf-protection -fdebug-prefix-map=/build/r-base-wwoKA3/r-base-4.5.1=/usr/src/r-base-4.5.1-1.2404.0 -Wdate-time -D_FORTIFY_SOURCE=3  -c slice-array.c -o slice-array.o
gcc -std=gnu2x -I"/usr/share/R/include" -DNDEBUG -I./rlang     -fvisibility=hidden -fpic  -g -O2 -fno-omit-frame-pointer -mno-omit-leaf-frame-pointer -ffile-prefix-map=/build/r-base-wwoKA3/r-base-4.5.1=. -fstack-protector-strong -fstack-clash-protection -Wformat -Werror=format-security -fcf-protection -fdebug-prefix-map=/build/r-base-wwoKA3/r-base-4.5.1=/usr/src/r-base-4.5.1-1.2404.0 -Wdate-time -D_FORTIFY_SOURCE=3  -c slice-assign-array.c -o slice-assign-array.o
gcc -std=gnu2x -I"/usr/share/R/include" -DNDEBUG -I./rlang     -fvisibility=hidden -fpic  -g -O2 -fno-omit-frame-pointer -mno-omit-leaf-frame-pointer -ffile-prefix-map=/build/r-base-wwoKA3/r-base-4.5.1=. -fstack-protector-strong -fstack-clash-protection -Wformat -Werror=format-security -fcf-protection -fdebug-prefix-map=/build/r-base-wwoKA3/r-base-4.5.1=/usr/src/r-base-4.5.1-1.2404.0 -Wdate-time -D_FORTIFY_SOURCE=3  -c slice-assign.c -o slice-assign.o
gcc -std=gnu2x -I"/usr/share/R/include" -DNDEBUG -I./rlang     -fvisibility=hidden -fpic  -g -O2 -fno-omit-frame-pointer -mno-omit-leaf-frame-pointer -ffile-prefix-map=/build/r-base-wwoKA3/r-base-4.5.1=. -fstack-protector-strong -fstack-clash-protection -Wformat -Werror=format-security -fcf-protection -fdebug-prefix-map=/build/r-base-wwoKA3/r-base-4.5.1=/usr/src/r-base-4.5.1-1.2404.0 -Wdate-time -D_FORTIFY_SOURCE=3  -c slice-chop.c -o slice-chop.o
gcc -std=gnu2x -I"/usr/share/R/include" -DNDEBUG -I./rlang     -fvisibility=hidden -fpic  -g -O2 -fno-omit-frame-pointer -mno-omit-leaf-frame-pointer -ffile-prefix-map=/build/r-base-wwoKA3/r-base-4.5.1=. -fstack-protector-strong -fstack-clash-protection -Wformat -Werror=format-security -fcf-protection -fdebug-prefix-map=/build/r-base-wwoKA3/r-base-4.5.1=/usr/src/r-base-4.5.1-1.2404.0 -Wdate-time -D_FORTIFY_SOURCE=3  -c slice-interleave.c -o slice-interleave.o
gcc -std=gnu2x -I"/usr/share/R/include" -DNDEBUG -I./rlang     -fvisibility=hidden -fpic  -g -O2 -fno-omit-frame-pointer -mno-omit-leaf-frame-pointer -ffile-prefix-map=/build/r-base-wwoKA3/r-base-4.5.1=. -fstack-protector-strong -fstack-clash-protection -Wformat -Werror=format-security -fcf-protection -fdebug-prefix-map=/build/r-base-wwoKA3/r-base-4.5.1=/usr/src/r-base-4.5.1-1.2404.0 -Wdate-time -D_FORTIFY_SOURCE=3  -c slice.c -o slice.o
gcc -std=gnu2x -I"/usr/share/R/include" -DNDEBUG -I./rlang     -fvisibility=hidden -fpic  -g -O2 -fno-omit-frame-pointer -mno-omit-leaf-frame-pointer -ffile-prefix-map=/build/r-base-wwoKA3/r-base-4.5.1=. -fstack-protector-strong -fstack-clash-protection -Wformat -Werror=format-security -fcf-protection -fdebug-prefix-map=/build/r-base-wwoKA3/r-base-4.5.1=/usr/src/r-base-4.5.1-1.2404.0 -Wdate-time -D_FORTIFY_SOURCE=3  -c split.c -o split.o
gcc -std=gnu2x -I"/usr/share/R/include" -DNDEBUG -I./rlang     -fvisibility=hidden -fpic  -g -O2 -fno-omit-frame-pointer -mno-omit-leaf-frame-pointer -ffile-prefix-map=/build/r-base-wwoKA3/r-base-4.5.1=. -fstack-protector-strong -fstack-clash-protection -Wformat -Werror=format-security -fcf-protection -fdebug-prefix-map=/build/r-base-wwoKA3/r-base-4.5.1=/usr/src/r-base-4.5.1-1.2404.0 -Wdate-time -D_FORTIFY_SOURCE=3  -c subscript-loc.c -o subscript-loc.o
gcc -std=gnu2x -I"/usr/share/R/include" -DNDEBUG -I./rlang     -fvisibility=hidden -fpic  -g -O2 -fno-omit-frame-pointer -mno-omit-leaf-frame-pointer -ffile-prefix-map=/build/r-base-wwoKA3/r-base-4.5.1=. -fstack-protector-strong -fstack-clash-protection -Wformat -Werror=format-security -fcf-protection -fdebug-prefix-map=/build/r-base-wwoKA3/r-base-4.5.1=/usr/src/r-base-4.5.1-1.2404.0 -Wdate-time -D_FORTIFY_SOURCE=3  -c subscript.c -o subscript.o
gcc -std=gnu2x -I"/usr/share/R/include" -DNDEBUG -I./rlang     -fvisibility=hidden -fpic  -g -O2 -fno-omit-frame-pointer -mno-omit-leaf-frame-pointer -ffile-prefix-map=/build/r-base-wwoKA3/r-base-4.5.1=. -fstack-protector-strong -fstack-clash-protection -Wformat -Werror=format-security -fcf-protection -fdebug-prefix-map=/build/r-base-wwoKA3/r-base-4.5.1=/usr/src/r-base-4.5.1-1.2404.0 -Wdate-time -D_FORTIFY_SOURCE=3  -c type-data-frame.c -o type-data-frame.o
gcc -std=gnu2x -I"/usr/share/R/include" -DNDEBUG -I./rlang     -fvisibility=hidden -fpic  -g -O2 -fno-omit-frame-pointer -mno-omit-leaf-frame-pointer -ffile-prefix-map=/build/r-base-wwoKA3/r-base-4.5.1=. -fstack-protector-strong -fstack-clash-protection -Wformat -Werror=format-security -fcf-protection -fdebug-prefix-map=/build/r-base-wwoKA3/r-base-4.5.1=/usr/src/r-base-4.5.1-1.2404.0 -Wdate-time -D_FORTIFY_SOURCE=3  -c type-date-time.c -o type-date-time.o
gcc -std=gnu2x -I"/usr/share/R/include" -DNDEBUG -I./rlang     -fvisibility=hidden -fpic  -g -O2 -fno-omit-frame-pointer -mno-omit-leaf-frame-pointer -ffile-prefix-map=/build/r-base-wwoKA3/r-base-4.5.1=. -fstack-protector-strong -fstack-clash-protection -Wformat -Werror=format-security -fcf-protection -fdebug-prefix-map=/build/r-base-wwoKA3/r-base-4.5.1=/usr/src/r-base-4.5.1-1.2404.0 -Wdate-time -D_FORTIFY_SOURCE=3  -c type-factor.c -o type-factor.o
gcc -std=gnu2x -I"/usr/share/R/include" -DNDEBUG -I./rlang     -fvisibility=hidden -fpic  -g -O2 -fno-omit-frame-pointer -mno-omit-leaf-frame-pointer -ffile-prefix-map=/build/r-base-wwoKA3/r-base-4.5.1=. -fstack-protector-strong -fstack-clash-protection -Wformat -Werror=format-security -fcf-protection -fdebug-prefix-map=/build/r-base-wwoKA3/r-base-4.5.1=/usr/src/r-base-4.5.1-1.2404.0 -Wdate-time -D_FORTIFY_SOURCE=3  -c type-info.c -o type-info.o
gcc -std=gnu2x -I"/usr/share/R/include" -DNDEBUG -I./rlang     -fvisibility=hidden -fpic  -g -O2 -fno-omit-frame-pointer -mno-omit-leaf-frame-pointer -ffile-prefix-map=/build/r-base-wwoKA3/r-base-4.5.1=. -fstack-protector-strong -fstack-clash-protection -Wformat -Werror=format-security -fcf-protection -fdebug-prefix-map=/build/r-base-wwoKA3/r-base-4.5.1=/usr/src/r-base-4.5.1-1.2404.0 -Wdate-time -D_FORTIFY_SOURCE=3  -c type-integer64.c -o type-integer64.o
gcc -std=gnu2x -I"/usr/share/R/include" -DNDEBUG -I./rlang     -fvisibility=hidden -fpic  -g -O2 -fno-omit-frame-pointer -mno-omit-leaf-frame-pointer -ffile-prefix-map=/build/r-base-wwoKA3/r-base-4.5.1=. -fstack-protector-strong -fstack-clash-protection -Wformat -Werror=format-security -fcf-protection -fdebug-prefix-map=/build/r-base-wwoKA3/r-base-4.5.1=/usr/src/r-base-4.5.1-1.2404.0 -Wdate-time -D_FORTIFY_SOURCE=3  -c type-tibble.c -o type-tibble.o
gcc -std=gnu2x -I"/usr/share/R/include" -DNDEBUG -I./rlang     -fvisibility=hidden -fpic  -g -O2 -fno-omit-frame-pointer -mno-omit-leaf-frame-pointer -ffile-prefix-map=/build/r-base-wwoKA3/r-base-4.5.1=. -fstack-protector-strong -fstack-clash-protection -Wformat -Werror=format-security -fcf-protection -fdebug-prefix-map=/build/r-base-wwoKA3/r-base-4.5.1=/usr/src/r-base-4.5.1-1.2404.0 -Wdate-time -D_FORTIFY_SOURCE=3  -c typeof2-s3.c -o typeof2-s3.o
gcc -std=gnu2x -I"/usr/share/R/include" -DNDEBUG -I./rlang     -fvisibility=hidden -fpic  -g -O2 -fno-omit-frame-pointer -mno-omit-leaf-frame-pointer -ffile-prefix-map=/build/r-base-wwoKA3/r-base-4.5.1=. -fstack-protector-strong -fstack-clash-protection -Wformat -Werror=format-security -fcf-protection -fdebug-prefix-map=/build/r-base-wwoKA3/r-base-4.5.1=/usr/src/r-base-4.5.1-1.2404.0 -Wdate-time -D_FORTIFY_SOURCE=3  -c typeof2.c -o typeof2.o
gcc -std=gnu2x -I"/usr/share/R/include" -DNDEBUG -I./rlang     -fvisibility=hidden -fpic  -g -O2 -fno-omit-frame-pointer -mno-omit-leaf-frame-pointer -ffile-prefix-map=/build/r-base-wwoKA3/r-base-4.5.1=. -fstack-protector-strong -fstack-clash-protection -Wformat -Werror=format-security -fcf-protection -fdebug-prefix-map=/build/r-base-wwoKA3/r-base-4.5.1=/usr/src/r-base-4.5.1-1.2404.0 -Wdate-time -D_FORTIFY_SOURCE=3  -c unspecified.c -o unspecified.o
gcc -std=gnu2x -I"/usr/share/R/include" -DNDEBUG -I./rlang     -fvisibility=hidden -fpic  -g -O2 -fno-omit-frame-pointer -mno-omit-leaf-frame-pointer -ffile-prefix-map=/build/r-base-wwoKA3/r-base-4.5.1=. -fstack-protector-strong -fstack-clash-protection -Wformat -Werror=format-security -fcf-protection -fdebug-prefix-map=/build/r-base-wwoKA3/r-base-4.5.1=/usr/src/r-base-4.5.1-1.2404.0 -Wdate-time -D_FORTIFY_SOURCE=3  -c utils-dispatch.c -o utils-dispatch.o
gcc -std=gnu2x -I"/usr/share/R/include" -DNDEBUG -I./rlang     -fvisibility=hidden -fpic  -g -O2 -fno-omit-frame-pointer -mno-omit-leaf-frame-pointer -ffile-prefix-map=/build/r-base-wwoKA3/r-base-4.5.1=. -fstack-protector-strong -fstack-clash-protection -Wformat -Werror=format-security -fcf-protection -fdebug-prefix-map=/build/r-base-wwoKA3/r-base-4.5.1=/usr/src/r-base-4.5.1-1.2404.0 -Wdate-time -D_FORTIFY_SOURCE=3  -c utils.c -o utils.o
gcc -std=gnu2x -I"/usr/share/R/include" -DNDEBUG -I./rlang     -fvisibility=hidden -fpic  -g -O2 -fno-omit-frame-pointer -mno-omit-leaf-frame-pointer -ffile-prefix-map=/build/r-base-wwoKA3/r-base-4.5.1=. -fstack-protector-strong -fstack-clash-protection -Wformat -Werror=format-security -fcf-protection -fdebug-prefix-map=/build/r-base-wwoKA3/r-base-4.5.1=/usr/src/r-base-4.5.1-1.2404.0 -Wdate-time -D_FORTIFY_SOURCE=3  -c version.c -o version.o
gcc -std=gnu2x -shared -L/usr/lib/R/lib -Wl,-Bsymbolic-functions -flto=auto -ffat-lto-objects -Wl,-z,relro -o vctrs.so altrep-lazy-character.o altrep-rle.o altrep.o arg-counter.o arg.o assert.o bind.o c.o callables.o case-when.o cast-bare.o cast-dispatch.o cast.o compare.o complete.o conditions.o dictionary.o dim.o empty.o encoding.o equal.o expand.o fields.o fill.o globals.o group.o growable.o hash.o if-else.o init.o interval.o list-combine.o list-unchop.o match-joint.o match.o missing.o names.o order-collate.o order-groups.o order-sortedness.o order.o parallel.o poly-op.o proxy-restore.o proxy.o ptype-common.o ptype.o ptype2-dispatch.o ptype2.o rank.o recode.o rep.o rlang-dev.o rlang.o runs.o set.o shape.o size-common.o size.o slice-array.o slice-assign-array.o slice-assign.o slice-chop.o slice-interleave.o slice.o split.o subscript-loc.o subscript.o type-data-frame.o type-date-time.o type-factor.o type-info.o type-integer64.o type-tibble.o typeof2-s3.o typeof2.o unspecified.o utils-dispatch.o utils.o version.o -L/usr/lib/R/lib -lR
installing to /home/jovyan/R/x86_64-pc-linux-gnu-library/4.5/00LOCK-vctrs/00new/vctrs/libs
** R
** inst
** byte-compile and prepare package for lazy loading
** help
*** installing help indices
*** copying figures
** building package indices
** installing vignettes
** testing if installed package can be loaded from temporary location
** checking absolute paths in shared objects and dynamic libraries
** testing if installed package can be loaded from final location
** testing if installed package keeps a record of temporary installation path
* DONE (vctrs)
* installing *source* package ‘httr2’ ...
** this is package ‘httr2’ version ‘1.2.2’
** package ‘httr2’ successfully unpacked and MD5 sums checked
** using staged installation
** R
** inst
** byte-compile and prepare package for lazy loading
** help
*** installing help indices
*** copying figures
** building package indices
** installing vignettes
** testing if installed package can be loaded from temporary location
** testing if installed package can be loaded from final location
** testing if installed package keeps a record of temporary installation path
* DONE (httr2)
* installing *source* package ‘paws.common’ ...
** this is package ‘paws.common’ version ‘0.8.9’
** package ‘paws.common’ successfully unpacked and MD5 sums checked
** using staged installation
** libs
using C++ compiler: ‘g++ (Ubuntu 13.3.0-6ubuntu2~24.04) 13.3.0’
g++ -std=gnu++17 -I"/usr/share/R/include" -DNDEBUG  -I'/home/jovyan/R/x86_64-pc-linux-gnu-library/4.5/Rcpp/include'     -fpic  -g -O2 -fno-omit-frame-pointer -mno-omit-leaf-frame-pointer -ffile-prefix-map=/build/r-base-wwoKA3/r-base-4.5.1=. -fstack-protector-strong -fstack-clash-protection -Wformat -Werror=format-security -fcf-protection -fdebug-prefix-map=/build/r-base-wwoKA3/r-base-4.5.1=/usr/src/r-base-4.5.1-1.2404.0 -Wdate-time -D_FORTIFY_SOURCE=3   -c RcppExports.cpp -o RcppExports.o
g++ -std=gnu++17 -I"/usr/share/R/include" -DNDEBUG  -I'/home/jovyan/R/x86_64-pc-linux-gnu-library/4.5/Rcpp/include'     -fpic  -g -O2 -fno-omit-frame-pointer -mno-omit-leaf-frame-pointer -ffile-prefix-map=/build/r-base-wwoKA3/r-base-4.5.1=. -fstack-protector-strong -fstack-clash-protection -Wformat -Werror=format-security -fcf-protection -fdebug-prefix-map=/build/r-base-wwoKA3/r-base-4.5.1=/usr/src/r-base-4.5.1-1.2404.0 -Wdate-time -D_FORTIFY_SOURCE=3   -c encoding.cpp -o encoding.o
g++ -std=gnu++17 -I"/usr/share/R/include" -DNDEBUG  -I'/home/jovyan/R/x86_64-pc-linux-gnu-library/4.5/Rcpp/include'     -fpic  -g -O2 -fno-omit-frame-pointer -mno-omit-leaf-frame-pointer -ffile-prefix-map=/build/r-base-wwoKA3/r-base-4.5.1=. -fstack-protector-strong -fstack-clash-protection -Wformat -Werror=format-security -fcf-protection -fdebug-prefix-map=/build/r-base-wwoKA3/r-base-4.5.1=/usr/src/r-base-4.5.1-1.2404.0 -Wdate-time -D_FORTIFY_SOURCE=3   -c fstring.cpp -o fstring.o
g++ -std=gnu++17 -I"/usr/share/R/include" -DNDEBUG  -I'/home/jovyan/R/x86_64-pc-linux-gnu-library/4.5/Rcpp/include'     -fpic  -g -O2 -fno-omit-frame-pointer -mno-omit-leaf-frame-pointer -ffile-prefix-map=/build/r-base-wwoKA3/r-base-4.5.1=. -fstack-protector-strong -fstack-clash-protection -Wformat -Werror=format-security -fcf-protection -fdebug-prefix-map=/build/r-base-wwoKA3/r-base-4.5.1=/usr/src/r-base-4.5.1-1.2404.0 -Wdate-time -D_FORTIFY_SOURCE=3   -c ini_utils.cpp -o ini_utils.o
g++ -std=gnu++17 -I"/usr/share/R/include" -DNDEBUG  -I'/home/jovyan/R/x86_64-pc-linux-gnu-library/4.5/Rcpp/include'     -fpic  -g -O2 -fno-omit-frame-pointer -mno-omit-leaf-frame-pointer -ffile-prefix-map=/build/r-base-wwoKA3/r-base-4.5.1=. -fstack-protector-strong -fstack-clash-protection -Wformat -Werror=format-security -fcf-protection -fdebug-prefix-map=/build/r-base-wwoKA3/r-base-4.5.1=/usr/src/r-base-4.5.1-1.2404.0 -Wdate-time -D_FORTIFY_SOURCE=3   -c json_builder.cpp -o json_builder.o
g++ -std=gnu++17 -I"/usr/share/R/include" -DNDEBUG  -I'/home/jovyan/R/x86_64-pc-linux-gnu-library/4.5/Rcpp/include'     -fpic  -g -O2 -fno-omit-frame-pointer -mno-omit-leaf-frame-pointer -ffile-prefix-map=/build/r-base-wwoKA3/r-base-4.5.1=. -fstack-protector-strong -fstack-clash-protection -Wformat -Werror=format-security -fcf-protection -fdebug-prefix-map=/build/r-base-wwoKA3/r-base-4.5.1=/usr/src/r-base-4.5.1-1.2404.0 -Wdate-time -D_FORTIFY_SOURCE=3   -c json_escape.cpp -o json_escape.o
g++ -std=gnu++17 -I"/usr/share/R/include" -DNDEBUG  -I'/home/jovyan/R/x86_64-pc-linux-gnu-library/4.5/Rcpp/include'     -fpic  -g -O2 -fno-omit-frame-pointer -mno-omit-leaf-frame-pointer -ffile-prefix-map=/build/r-base-wwoKA3/r-base-4.5.1=. -fstack-protector-strong -fstack-clash-protection -Wformat -Werror=format-security -fcf-protection -fdebug-prefix-map=/build/r-base-wwoKA3/r-base-4.5.1=/usr/src/r-base-4.5.1-1.2404.0 -Wdate-time -D_FORTIFY_SOURCE=3   -c populate.cpp -o populate.o
g++ -std=gnu++17 -I"/usr/share/R/include" -DNDEBUG  -I'/home/jovyan/R/x86_64-pc-linux-gnu-library/4.5/Rcpp/include'     -fpic  -g -O2 -fno-omit-frame-pointer -mno-omit-leaf-frame-pointer -ffile-prefix-map=/build/r-base-wwoKA3/r-base-4.5.1=. -fstack-protector-strong -fstack-clash-protection -Wformat -Werror=format-security -fcf-protection -fdebug-prefix-map=/build/r-base-wwoKA3/r-base-4.5.1=/usr/src/r-base-4.5.1-1.2404.0 -Wdate-time -D_FORTIFY_SOURCE=3   -c resolve_endpoint.cpp -o resolve_endpoint.o
g++ -std=gnu++17 -I"/usr/share/R/include" -DNDEBUG  -I'/home/jovyan/R/x86_64-pc-linux-gnu-library/4.5/Rcpp/include'     -fpic  -g -O2 -fno-omit-frame-pointer -mno-omit-leaf-frame-pointer -ffile-prefix-map=/build/r-base-wwoKA3/r-base-4.5.1=. -fstack-protector-strong -fstack-clash-protection -Wformat -Werror=format-security -fcf-protection -fdebug-prefix-map=/build/r-base-wwoKA3/r-base-4.5.1=/usr/src/r-base-4.5.1-1.2404.0 -Wdate-time -D_FORTIFY_SOURCE=3   -c set_partition_name.cpp -o set_partition_name.o
g++ -std=gnu++17 -I"/usr/share/R/include" -DNDEBUG  -I'/home/jovyan/R/x86_64-pc-linux-gnu-library/4.5/Rcpp/include'     -fpic  -g -O2 -fno-omit-frame-pointer -mno-omit-leaf-frame-pointer -ffile-prefix-map=/build/r-base-wwoKA3/r-base-4.5.1=. -fstack-protector-strong -fstack-clash-protection -Wformat -Werror=format-security -fcf-protection -fdebug-prefix-map=/build/r-base-wwoKA3/r-base-4.5.1=/usr/src/r-base-4.5.1-1.2404.0 -Wdate-time -D_FORTIFY_SOURCE=3   -c url_parse.cpp -o url_parse.o
g++ -std=gnu++17 -I"/usr/share/R/include" -DNDEBUG  -I'/home/jovyan/R/x86_64-pc-linux-gnu-library/4.5/Rcpp/include'     -fpic  -g -O2 -fno-omit-frame-pointer -mno-omit-leaf-frame-pointer -ffile-prefix-map=/build/r-base-wwoKA3/r-base-4.5.1=. -fstack-protector-strong -fstack-clash-protection -Wformat -Werror=format-security -fcf-protection -fdebug-prefix-map=/build/r-base-wwoKA3/r-base-4.5.1=/usr/src/r-base-4.5.1-1.2404.0 -Wdate-time -D_FORTIFY_SOURCE=3   -c utils.cpp -o utils.o
g++ -std=gnu++17 -shared -L/usr/lib/R/lib -Wl,-Bsymbolic-functions -flto=auto -ffat-lto-objects -Wl,-z,relro -o paws.common.so RcppExports.o encoding.o fstring.o ini_utils.o json_builder.o json_escape.o populate.o resolve_endpoint.o set_partition_name.o url_parse.o utils.o -L/usr/lib/R/lib -lR
installing to /home/jovyan/R/x86_64-pc-linux-gnu-library/4.5/00LOCK-paws.common/00new/paws.common/libs
** R
** byte-compile and prepare package for lazy loading
** help
*** installing help indices
** building package indices
** testing if installed package can be loaded from temporary location
** checking absolute paths in shared objects and dynamic libraries
** testing if installed package can be loaded from final location
** testing if installed package keeps a record of temporary installation path
* DONE (paws.common)

The downloaded source packages are in
	‘/tmp/Rtmp01F3fN/downloaded_packages’
── R CMD build ─────────────────────────────────────────────────────────────────
* checking for file ‘/tmp/Rtmp01F3fN/remotes2f5c64669cc1/AdaptationAtlas-data-management-2c4ccec/R/AtlasDataManageR/DESCRIPTION’ ... OK
* preparing ‘AtlasDataManageR’:
* checking DESCRIPTION meta-information ... OK
* checking for LF line-endings in source and make files and shell scripts
* checking for empty or unneeded directories
  NB: this package now depends on R (>= 4.1.0)
  WARNING: Added dependency on R >= 4.1.0 because package code uses the
  pipe |> or function shorthand \(...) syntax added in R 4.1.0.
  File(s) using such syntax:
    ‘class_s3-upload.r’
* building ‘AtlasDataManageR_0.0.0.9000.tar.gz’

Installing package into ‘/home/jovyan/R/x86_64-pc-linux-gnu-library/4.5’
(as ‘lib’ is unspecified)
* installing *source* package ‘AtlasDataManageR’ ...
** this is package ‘AtlasDataManageR’ version ‘0.0.0.9000’
** using staged installation
** R
** byte-compile and prepare package for lazy loading
** help
*** installing help indices
** building package indices
** testing if installed package can be loaded from temporary location
** testing if installed package can be loaded from final location
** testing if installed package keeps a record of temporary installation path
* DONE (AtlasDataManageR)
Warning message:
In i.p(...) : installation of package ‘xml2’ had non-zero exit status
project_dir          : /home/jovyan/atlas/hazards_prototype 
working_dir          : /home/jovyan/common_data/nex-gddp-cimp6_hazards 
admin dir            : Data/chirts_chirps_hist/admin 
maps dir             : Data/chirts_chirps_hist/maps 
metadata dir         : /home/jovyan/atlas/hazards_prototype/metadata 
mode                 : --smoke 
tier                 : all 
tier 1 enabled       : TRUE 
tier 2 enabled       : FALSE 
overwrite            : FALSE 
workers              : 16 

[06:24:06] === SMOKE TEST: upload obs_monthly_adm0.parquet + 4 inline checks ===
[06:24:06]   local : Data/chirts_chirps_hist/admin/obs_monthly_adm0.parquet (4.6 MB)
[06:24:06]   s3    : s3://digital-atlas/domain=climate/type=observational/source=chirps-chirts-era5/region=africa/processing=admin-monthly/variable=adm0_obs.parquet
Error in initialize(...) : unused argument (overwrite = FALSE)
Calls: build_uploader -> <Anonymous>
Execution halted
