admin0_name,admin1_name,severity,vop_total,exp_hist,exp_2050,d_pp,yw_base,yw_pct,irr_pct
Angola,Bengo,extreme,2059561.86,17.0878577058132,12.3624351831802,-4.72542252263304,6.8807547963163,-9.57699301697043,-12.0166113878699
Angola,Benguela,extreme,56688601.81,8.15530080543364,6.9581024651488,-1.19719834028484,8.6384101869653,-11.8465998596671,-11.6550901400813
Angola,Bié,extreme,110304020.24,0,0,0,12.8642194840333,-11.0280758023755,-11.8758808537893
Angola,Cabinda,extreme,1521047.87,0.900037419598109,1.46556860172981,0.565531182131697,6.00976371628153,-10.2906761934207,-13.6638462104189
Angola,Cuando Cubango,extreme,13007339.26,16.7962098652911,21.45033618505,4.65412631975896,9.36364508249391,-19.6249699393988,-13.7338138803382
Angola,Cuanza Norte,extreme,3872931.93,1.91103281280753,1.41938977997994,-0.491643032827587,7.47722513176634,-6.00126589179943,-11.226489813381
Angola,Cuanza Sul,extreme,116009662.76,2.83921780448076,2.11976394163599,-0.719453862844761,11.1142107908446,-9.64654030402899,-11.0174103535433
Angola,Cunene,extreme,1005926.13,56.2996608906064,65.3374020615212,9.03774117091481,5.99161570352971,-27.6889708749242,-16.1369773355582
Angola,Huambo,extreme,179242574.38,0,0,0,13.2914362036641,-12.5083259542426,-12.1203163068717
Angola,Huíla,extreme,52822104.84,5.21544154354452,7.51453962696728,2.29909808342276,10.7234636638666,-15.8994653725012,-11.8866383969851
Angola,Luanda,extreme,4005576.71,24.6391486533284,19.1664036313013,-5.47274502202705,2.29462671184261,6.03124699128433,-12.6335037340763
Angola,Lunda Norte,extreme,5459858.79,0,0,0,9.59493168442222,-11.6741752633888,-12.258220316976
Angola,Lunda Sul,extreme,8911464.04,0,0,0,9.89835715386608,-12.2136674409436,-12.8441298792109
Angola,Malanje,extreme,25012185.74,0,0,0,9.42695592131008,-8.50381969700517,-10.5607777828368
Angola,Moxico,extreme,13409451.62,0.23035244747764,0.630928112480114,0.400575665002474,9.56521775614008,-14.1673987024081,-12.4576404166303
Angola,Namibe,extreme,4245194.71,35.5941741951337,33.9450390015209,-1.64913519361283,6.88562440445712,-17.9448673314216,-12.5676535346699
Angola,Uíge,extreme,11512517.92,0,0,0,9.8593105282549,-8.85712958017883,-11.0325371602026
Angola,Zaire,extreme,2633355.13,1.79987117802831,1.94250290882719,0.142631730798876,7.70290173489492,-10.7921758854859,-11.8907566436391
Benin,Alibori,extreme,62770402.82,0.466743858311916,12.3057613986489,11.839017540337,6.64460494847343,-20.9939488201042,-14.3814338479608
Benin,Atlantique,extreme,26821227.62,0,0,0,7.19625056014884,-21.7327772191145,-17.0434706548525
Benin,Borgou,extreme,55548025.48,0,0,0,8.38509163802496,-19.1089146025158,-16.9799401660402
Benin,Collines,extreme,27942571.04,0,0,0,8.01259561755781,-19.5013337581258,-18.5606991150744
Benin,Couffo,extreme,25956634.48,0,0,0,7.21925969842745,-21.9563742446417,-17.0475686845507
Benin,Donga,extreme,14595412.79,0,0,0,8.67985818922519,-18.6967312369674,-17.6526540308334
Benin,Mono,extreme,12577620.2,0,0,0,7.21925969842745,-21.9563742446417,-17.0475686845507
Benin,Oueme,extreme,13144815.43,0,0,0,6.32618277710365,-12.0840576290687,-16.8916432747134
Benin,Plateau,extreme,49063430.51,0,0,0,7.21033204275435,-21.7522037879647,-17.0437806999108
Benin,Zou,extreme,18158588.64,0,0,0,7.21925969842745,-21.9563742446417,-17.0475686845507
Botswana,Central,extreme,189736.82,90.5506901612455,88.1694970960302,-2.38119306521529,4.98867517669558,-11.4042730882295,-15.113142932764
Botswana,Chobe,extreme,200919.46,59.2341826919105,62.2448417888442,3.01065909693367,6.48272068284152,-27.5227797346103,-17.42304267315
Botswana,Gaborone,extreme,133552.81,94.6996173274078,92.3664578828405,-2.33315944456729,4.13531769169053,-15.7875618461384,-15.8958833085075
Botswana,Kweneng,extreme,188341.31,99.6440982596967,97.2479165616932,-2.39618169800347,4.15925236306059,-13.3242331858067,-17.0111088583296
Botswana,North East,extreme,178667.75,81.848011182768,80.3312293348968,-1.51678184787126,5.27072926308317,-11.2243904155488,-14.241709707424
Botswana,North West,extreme,344563.04,68.5947047599766,74.3916120545024,5.79690729452585,5.14808820009415,-29.898807610761,-18.6694380386668
Botswana,South East,extreme,332802.44,93.5452877088281,89.9386434786957,-3.60664423013245,4.53620192038707,-10.5911161262693,-15.2989863688843
Botswana,Southern,extreme,429026.28,97.8042650440901,94.903277253785,-2.90098779030507,5.06111443857143,-10.2748669863228,-15.4956411050855
Burkina Faso,Cascades,extreme,40292042.43,0,0,0,8.14354852958842,-18.6279197847118,-14.7366667619407
Burkina Faso,Centre,extreme,4045026.92,14.2831682316715,20.8166228965418,6.53345466487032,5.7020315843263,-14.2807702465012,-11.5400542380903
Burkina Faso,Centre-Est,extreme,28226953.54,2.36470789897364,7.28305304745969,4.91834514848605,6.39045191243067,-20.7264595495551,-13.5412021986854
Burkina Faso,Centre-Nord,extreme,3224477.43,59.2157967128336,45.4331603121192,-13.7826364007144,5.10762109140251,-8.72081611748895,-10.2055558262057
Burkina Faso,Centre-Ouest,extreme,39914223.76,3.84437389845409,4.04138136244191,0.19700746398782,7.14590411693948,-21.3568567101328,-15.3050967092219
Burkina Faso,Centre-Sud,extreme,22386937.85,1.83668710189411,4.1211665757137,2.2844794738196,6.42021157475842,-20.6123997457435,-14.0264285375677
Burkina Faso,Est,extreme,23553630.96,11.6882488507836,26.9758111213949,15.2875622706114,5.77489032065419,-15.9920558256258,-12.0867413023662
Burkina Faso,Hauts-Bassins,extreme,103393102.04,0.153391277436133,0.192726590138392,0.0393353127022593,7.5277458832614,-19.5943773181117,-14.5938838695752
Burkina Faso,Nord,extreme,2877754.28,46.5675964523281,36.4170772773553,-10.1505191749728,5.45804365106085,-10.1811011849766,-10.6875866048478
Burkina Faso,Plateau-Central,extreme,9596423.17,22.4001689162693,24.9057274534508,2.50555853718151,5.558132819469,-13.2474891172056,-11.2668205216434
Burkina Faso,Sahel,extreme,1030277.48,87.3032767832604,75.1855703960452,-12.1177063872152,3.53179386637443,9.16053792086606,-7.80935614637967
Burkina Faso,Sud-Ouest,extreme,27528809.03,0.00842390238340071,0.00174726047710899,-0.00667664190629172,7.46826797564226,-18.7409515129201,-14.3728143423125
Burundi,Bubanza,extreme,1215020.97,2.52431857204901,1.56441744375819,-0.959901128290815,8.21335790531359,-14.9221253339117,-13.5401976857124
Burundi,Bururi,extreme,11124298.76,0,0,0,8.48923029447813,-12.0537418428913,-15.3720025632437
Burundi,Cankuzo,extreme,3987600.64,0,0,0,6.32968494092526,-9.74886929562584,-15.4419967500324
Burundi,Cibitoke,extreme,1537080.32,0,0.00494443907784858,0.00494443907784858,9.00732824246068,-14.8216496879007,-14.1684646033357
Burundi,Gitega,extreme,5355146.91,0,0,0,7.47911204210178,-9.92136372956616,-15.2286221656668
Burundi,Karuzi,extreme,4549951.03,0,0,0,6.54709157852637,-8.44067540640374,-15.636853446349
Burundi,Kirundo,extreme,3468881.36,0.091210960296434,0.0706567837188874,-0.0205541765775466,10.1316501100024,-20.7414035168311,-17.7258559902487
Burundi,Makamba,extreme,6414416.97,0,0,0,7.94142311605941,-9.89488687120675,-14.8439589433119
Burundi,Muramvya,extreme,1838933.29,0,0,0,13.5378227548039,-20.8442117055965,-16.3721445979579
Burundi,Muyinga,extreme,1898772.97,0.112072376930877,0.0232781910730486,-0.088794185857828,6.34374761547626,-10.6178038599345,-15.7764209662705
Burundi,Mwaro,extreme,2560283.48,0,0,0,13.6041414377021,-20.8457024596142,-16.3494521112516
Burundi,Ngozi,extreme,2263079.38,0,0,0,7.56439693889602,-12.5129733899626,-14.6571181681605
Burundi,Rumonge,extreme,4188568.89,0,0,0,8.29451640092315,-11.2120818211434,-15.1931902849993
Burundi,Rutana,extreme,6128436.34,0,0,0,6.92145101652985,-6.56833516357046,-14.0208829338468
Burundi,Ruyigi,extreme,3434331.46,0,0,0,6.3734890759692,-4.73508657045659,-13.8683848079195
Cameroon,Adamaoua,extreme,64732379.25,1.06938445337617,3.08071172897604,2.01132727559987,11.2647689240128,-14.7134978144533,-14.9226520924907
Cameroon,Est,extreme,25838023.57,0,0.0633794607224286,0.0633794607224286,9.42764500935113,-13.6427262134024,-13.4720379088692
Cameroon,Extrême-Nord,extreme,96412073.51,24.3724692816224,38.9898211203818,14.6173518387593,5.08741877277234,-11.2289189624521,-11.8702073025272
Cameroon,Nord,extreme,151090888.77,0.021883516781963,1.39685458016781,1.37497106338585,7.3019658507667,-19.3692471228058,-14.8401281261529
Cameroon,Nord-Ouest,extreme,78016936.16,28.9739204236907,34.1525754681726,5.17865504448182,12.3479668608552,-13.6923752105765,-14.4335629655431
Cameroon,Ouest,extreme,114822613.8,2.15168329498523,2.43294757674294,0.281264281757711,10.6081174950751,-13.1508248449773,-12.9241510922878
Cameroon,Sud,extreme,36745050.25,4.92202892007203,5.28128819200621,0.359259271934183,9.99316364785824,-16.7531132025306,-14.3258302446806
Cameroon,Sud-Ouest,extreme,72181908.8,48.6423642484777,49.7024969226084,1.06013267413066,7.93092122314986,-16.2346624155386,-18.2537259292624
Chad,Barh-El-Gazel,extreme,272333.25,100,100,0,2.65283300124089,27.2990844042048,-4.97549735793049
Chad,Chari-Baguirmi,extreme,19378412.49,60.7725891172833,79.7160397322103,18.943450614927,4.23716526576365,-4.3481511280734,-9.21012290859552
Chad,Guéra,extreme,851496.93,64.4885472458486,88.634846869031,24.1462996231824,4.28279825835736,-6.21027812228163,-9.52164389963121
Chad,Hadjer-Lamis,extreme,2679749.42,100,99.8584039249461,-0.141596075053911,2.49522436376498,30.5307977678096,-5.73621057824696
Chad,Lac,extreme,2559322.01,99.9999996092715,99.9999996092715,0,1.95883735549848,45.7492083754348,-5.15246391955667
Chad,Logone Occidental,extreme,4761500.91,0,0.519269038635971,0.519269038635971,7.36742174146509,-18.8984541368383,-15.7766625929948
Chad,Logone Oriental,extreme,6791236.68,0,3.09258843265642,3.09258843265642,7.40420854017604,-18.7666549316128,-15.5027589067939
Chad,Mandoul,extreme,2162188.99,0,11.8156183932839,11.8156183932839,6.42594641094928,-19.1236570354743,-14.7816827376397
Chad,Mayo-Kebbi Est,extreme,11034052.27,14.1876978801008,33.7237662913482,19.5360684112474,5.43284802430211,-15.4316014019975,-12.8601486588325
Chad,Mayo-Kebbi Ouest,extreme,15786559.34,0.279775973020857,0.69628218304344,0.416506210022583,6.85767027755794,-18.76526103692,-15.2438358696174
Chad,Moyen-Chari,extreme,7581169.68,0.0485413221881613,26.9658388651182,26.9172975429301,5.88148240577008,-19.586309834326,-13.828143986555
Chad,N'Djamena,extreme,1568348.22,92.4429269923232,93.4511852221186,1.00825822979542,2.25164444797807,36.1913415351533,-5.85539574210446
Chad,Ouaddaï,extreme,16749324.25,78.4218384213321,75.6058860105953,-2.8159524107368,3.73143400581049,6.82447713241729,-7.77492778090428
Chad,Salamat,extreme,17349144.51,26.5807400321205,67.309497556315,40.7287575241945,4.96918535504435,-17.4082216157751,-13.0934581048558
Chad,Sila,extreme,18556222.08,34.7155362348412,62.1745253439002,27.458989109059,5.17311977927301,-9.95748115018367,-11.262640982854
Chad,Tandjilé,extreme,4453464.81,0,21.7831518017541,21.7831518017541,6.20329331569885,-18.8983929616793,-14.6137513419477
Eritrea,Anseba,extreme,3283616.29,90.8614995328824,73.1241347325634,-17.737364800319,4.75618553664376,-10.4515878251194,-13.8147242142047
Eritrea,Debub,extreme,7668778.86,53.0096912978398,30.8236427618151,-22.1860485360247,7.93599024589469,-2.5717173858951,-14.7057871215895
Eritrea,Gash Barka,extreme,8866394.39,69.6892640707358,64.5063229586384,-5.18294111209731,5.0639319140537,-11.1097894934665,-13.235247954188
Eritrea,Maekel,extreme,1388280.14,93.315316028363,67.4825615527425,-25.8327544756205,4.19429111035445,19.5288415105182,-14.9926498135265
Eritrea,Semienawi Keih Bahri,extreme,3199367.68,93.3658553430158,89.105013400648,-4.26084194236782,3.25820361159327,7.63711894377576,-12.3465555294804
Eswatini,Hhohho,extreme,5619017.25,7.72720532224741,7.47555989439257,-0.251645427854844,11.5918352049875,-12.0096528173023,-11.6299887096765
Eswatini,Lubombo,extreme,933612.76,32.6212336686572,30.3143885908329,-2.30684507782434,4.32327451184243,-11.6335566515057,-13.2169433041814
Eswatini,Manzini,extreme,6601940.6,13.4524991030668,11.6646459981782,-1.78785310488858,6.79326815443154,-9.66263055983204,-12.2734517761415
Eswatini,Shiselweni,extreme,4041816.19,10.8713998693741,10.035018440559,-0.83638142881505,8.28566192254335,0.155286923962956,-11.9868048823455
Ethiopia,Afar,extreme,3451572.53,96.2680335157263,87.9584587492357,-8.30957476649057,1.61077426160901,22.4691786240208,-10.8876795917305
Ethiopia,Amhara,extreme,466402398.93,0.752697886643351,1.41839171821946,0.665693831576108,12.2906117582918,-8.22645080504976,-10.598659654827
Ethiopia,Benishangul Gumz,extreme,43315508.37,0.446505206283003,1.84630870119002,1.39980349490701,11.577616399628,-13.7694424455332,-13.5995247982936
Ethiopia,Gambela,extreme,2086945.19,1.17765431108423,9.28773793048202,8.11008361939779,6.5793895230497,-13.9748784306516,-12.4749162747595
Ethiopia,Harari,extreme,194756.94,0,0,0,7.55146890685444,-2.17069438953279,-14.2116019940858
Ethiopia,Oromia,extreme,895903431.4,1.45743419908504,1.15212886101688,-0.305305338068158,7.55638240682284,-6.0756735164485,-10.6970948947142
Ethiopia,Sidama,extreme,26894281.44,0.00376288171988431,0.00260650206090801,-0.00115637965897631,13.4448083415136,-6.90922097511335,-6.62319410919087
Ethiopia,Somali,extreme,15791104.72,77.2999686623572,58.0648103003651,-19.235158361992,3.35671200498615,1.49433934957906,-12.7318035583454
Ethiopia,South West Ethiopia,extreme,38146877.74,0.0260886357930273,0.10326139997218,0.077172764179153,12.8491410068103,-14.7922931197318,-14.3047742209424
Ethiopia,Tigray,extreme,39839536.45,12.4729312707653,9.71945294810276,-2.75347832266256,8.01488281412528,2.08850870810013,-14.2707757226817
Gabon,Estuaire,extreme,562880.07,24.83672942977,28.3975234724513,3.56079404268124,4.99455208156622,-11.967381198212,-11.1680220089036
Gabon,Haut-Ogooue,extreme,2241507.33,0.611508149741362,0.865221350848761,0.2537132011074,8.47616639677164,-16.2524519095621,-15.3520855828601
Gabon,Moyen-Ogooue,extreme,1413603.09,0,0,0,5.04383667220803,-10.872291559191,-11.6033768791006
Gabon,Ngounie,extreme,3566494.29,3.19893965118335,3.13027278111807,-0.0686668700652819,6.50979674846435,-10.4334617297375,-16.4033205420037
Gabon,Nyanga,extreme,391973.66,0,0,0,6.19324995381966,-8.83352306078924,-15.4845778687463
Gabon,Ogooue-Ivindo,extreme,131352.47,0,0,0,7.7937199838012,-14.1495398348717,-15.9215229749073
Gabon,Ogooue-Maritime,extreme,205648.9,6.63412252630576,7.18019887293343,0.546076346627675,5.13039977024985,-9.02776921551864,-13.2037682318323
Gabon,Woleu-Ntem,extreme,939833.93,0,0.027132453070725,0.027132453070725,8.68746907851155,-14.0052597036066,-15.1128558227137
Gambia,Central River North,extreme,2204443.46,12.8402476695864,92.211210533837,79.3709628642506,4.66231291917049,-24.8277375414282,-14.1582388646214
Gambia,Central River South,extreme,1684399.74,7.99816081662421,88.033378585062,80.0352177684378,4.85928667310462,-24.5731284646036,-13.9262776596312
Gambia,Lower River,extreme,1161334.1,4.25243691716277,55.8599803450187,51.6075434278559,5.00505996367368,-24.358228189676,-13.5223425652458
Gambia,North Bank,extreme,3554737.56,10.2167035925994,51.0303213495176,40.8136177569182,4.98045519699823,-23.0673807125514,-13.1657951692949
Gambia,Upper River,extreme,4067299.8,3.2252847454225,86.6107042318346,83.3854194864121,5.66425144096174,-23.7023912799878,-12.9869374984012
Gambia,West Coast,extreme,2503106.18,0,22.5058770778953,22.5058770778953,6.49419951106634,-19.2362220635149,-10.902986279751
Ghana,Ashanti,extreme,67863428.42,0,0,0,6.34572682139283,-21.2718433214242,-17.0230164727548
Ghana,Central,extreme,56519480.18,0.387064777141055,0.402052529988431,0.0149877528473759,5.65059831768759,-21.601174755492,-16.9440635243311
Ghana,Eastern,extreme,135293797.24,0.318220797097054,0.0628683662778094,-0.255352430819245,5.87481298379028,-22.3916115483103,-16.1540805554506
Ghana,Greater Accra,extreme,6564530.23,4.82401617335533,1.95438204265837,-2.86963413069697,5.4401225357925,-29.0367611955711,-14.5912261342326
Ghana,Northern,extreme,80990565.05,0.184807946342387,0.106325965187225,-0.0784819811551617,7.74886331197103,-17.7937550486817,-16.1048831249765
Ghana,Upper East,extreme,28129411.34,0,0.466991642349811,0.466991642349811,7.04050504581703,-17.8867962176604,-14.9890786056411
Ghana,Upper West,extreme,41990434.78,0.0455056016926529,0.00226003851822941,-0.0432455631744235,7.24758671300037,-20.2088380647186,-15.15773668055
Ghana,Volta,extreme,40375365.9,0.434794821265013,0.228012794306342,-0.206782026958671,6.10101052095976,-24.8880652590938,-16.2001850031161
Ghana,Western,extreme,28331132.36,0,0,0,5.66066092628037,-21.5351331472011,-17.6731787022557
Guinea,Boke,extreme,9392257.59,3.22790337780759,22.6609628154374,19.4330594376298,7.04690719691677,-15.3363721822391,-12.8854678547114
Guinea,Faranah,extreme,11417702.82,0.0910428320291489,0.557073528736317,0.466030696707168,8.3350133109274,-20.2749380549853,-14.7542498401845
Guinea,Kankan,extreme,21101358.72,0,4.51106022427735,4.51106022427735,7.09088799260558,-24.7124728807222,-15.6146062144566
Guinea,Kindia,extreme,7980396.85,4.57900787227142,8.22257354281824,3.64356567054682,6.96127287343807,-14.8283315343976,-12.587200392273
Guinea,Labe,extreme,25365080.61,0.333596416668356,1.0307004500389,0.697104033370545,9.56789678141177,-17.0854176377307,-15.4761026274342
Guinea,Mamou,extreme,10177597.27,0.635454501531873,0.744664953715544,0.109210452183671,9.26455639637826,-16.1478931340995,-15.1952936655595
Guinea,Nzerekore,extreme,11881647.4,0.28884041787,0.611051629086384,0.322211211216384,6.65270449488221,-14.9968217828693,-11.0869424239714
Guinea-Bissau,Biombo,extreme,527946.32,0,0,0,7.0678963940467,-18.4880790473161,-12.7465119175488
Guinea-Bissau,Cacheu,extreme,1890686.08,0,0,0,7.0678963940467,-18.4880790473161,-12.7465119175488
Guinea-Bissau,Oio,extreme,1216889.26,0,2.90749546100851,2.90749546100851,7.04417737475168,-19.1359742388271,-12.6730978480242
Guinea-Bissau,Quinara,extreme,298663.35,0.0455362199613712,0.72020889071257,0.674672670751199,6.5813992820701,-14.8779256900317,-11.5694017753681
Guinea-Bissau,Tombali,extreme,740541.4,0.414291489982869,3.58697028957463,3.17267879959176,6.5813992820701,-14.8779256900317,-11.5694017753681
Kenya,Baringo,extreme,43302506.28,9.92793574626323,9.91884851243303,-0.00908723383019883,5.18776338770249,2.11759327606153,-12.1486721262253
Kenya,Bomet,extreme,19752825.96,0,0,0,12.3006721166437,-9.32305881130406,-9.90832003893061
Kenya,Bungoma,extreme,107350362.73,0,0.131583160417701,0.131583160417701,8.9254961915115,-8.34307454281547,-10.3227551977321
Kenya,Busia,extreme,20551755.92,0,0,0,8.76695985735805,-12.3490888037872,-11.6597856549725
Kenya,Elgeyo-Marakwet,extreme,36466609.09,0.655224069258258,0.655097926463116,-0.000126142795143003,6.02859220113051,0.0831298707682626,-10.8020901839739
Kenya,Embu,extreme,12621554.53,50.0841555212138,44.7749679848668,-5.309187536347,3.7504526470597,-17.4292948735372,-12.4424365812508
Kenya,Homa Bay,extreme,53489217.01,0.0800591266684537,0.0197441663766093,-0.0603149602918444,5.89803344293073,-5.47475779066293,-12.1464881195331
Kenya,Isiolo,extreme,262793.21,82.6094403276249,80.3787890866739,-2.230651240951,1.38763461592367,-4.76976059224289,-11.0057127828589
Kenya,Kajiado,extreme,5552612.53,69.7184249591426,63.7417968726876,-5.97662808645501,3.45726314209299,-13.5629208185117,-12.324856560258
Kenya,Kakamega,extreme,78372885.29,0.0478315936197683,0.436874307655083,0.389042714035315,8.82792235119084,-6.53919214473449,-9.76561110114472
Kenya,Kericho,extreme,23161731.51,0,0,0,10.4436978436638,-9.58510524827718,-10.3514566350323
Kenya,Kiambu,extreme,11790820.48,28.4841415887625,28.7710597049138,0.28691811615132,3.98472839891094,-17.0676507378797,-11.3384890067258
Kenya,Kilifi,extreme,25345302.36,32.3738966829197,36.1609732242311,3.78707654131139,3.08780891908375,-10.4784455589362,-13.2527322000229
Kenya,Kirinyaga,extreme,14387591.47,27.8630583051994,25.5666906283099,-2.29636767688956,3.98472839891094,-17.0676507378797,-11.3384890067258
Kenya,Kisii,extreme,21908870.48,0,0,0,6.46120737943706,4.93574032126577,-10.6372620892248
Kenya,Kisumu,extreme,21787905.65,0,0,0,9.00931507282272,-9.86146481239248,-10.8469088041804
Kenya,Kitui,extreme,12551072.46,80.1660577776634,75.2469323246979,-4.91912545296547,3.04614767854629,-17.3581515171316,-13.1232401934736
Kenya,Kwale,extreme,17783927.47,37.1575908142185,27.9010640836807,-9.25652673053778,3.43786325885744,-11.4333934329952,-12.9902667953754
Kenya,Laikipia,extreme,14338828.19,25.5172664845216,24.493354362453,-1.0239121220686,5.02369017136224,14.4647670069744,-11.3457849165402
Kenya,Machakos,extreme,31301969.48,59.7208364538984,52.5436139425946,-7.17722251130379,3.87635229975783,-15.8969154437468,-11.3914723172445
Kenya,Makueni,extreme,24701230.88,74.2483364051695,66.901289576546,-7.34704682862348,3.1751805994903,-16.9728323528605,-12.1002366400403
Kenya,Mandera,extreme,307772.3,97.6806554715938,97.8561098578397,0.175454386245931,1.4598645591055,-0.796257535793141,-9.77682162115887
Kenya,Marsabit,extreme,203146.71,77.7639962763857,71.0683426770731,-6.69565359931254,2.1747049096786,-9.87293699331377,-14.4732087999037
Kenya,Meru,extreme,658616.22,41.8097811195722,37.8457123330488,-3.96406878652336,3.01500217245671,-18.2612703343235,-15.8054559163475
Kenya,Migori,extreme,41451645.47,0.435555688930773,0.121085663622993,-0.314470025307779,5.53749203454571,-3.29497250648006,-12.1257438411308
Kenya,Nairobi,extreme,1403494.14,46.1901465438253,46.0084571496679,-0.181689394157353,3.76958808998791,-14.6655950964871,-11.4391296159114
Kenya,Nakuru,extreme,56054920.37,7.72722353614861,7.1022864250302,-0.624937111118404,6.72437679496113,6.78619754673901,-11.3426333706794
Kenya,Nandi,extreme,9319110.82,0,0,0,10.0773750033206,-8.09120332796826,-9.93159975937479
Kenya,Narok,extreme,82825895.69,9.68958190327057,7.49246711828707,-2.1971147849835,9.87581104053013,-9.45699645229444,-10.6886726469929
Kenya,Nyamira,extreme,20553445.53,0,0,0,9.00931507282272,-9.86146481239248,-10.8469088041804
Kenya,Samburu,extreme,2751024.33,48.5505339024028,42.033724943465,-6.51680895893785,2.55741950158822,24.0774018137781,-13.569848217269
Kenya,Siaya,extreme,29728362.56,0.143751610650432,0.0432785356880416,-0.10047307496239,7.76490991623861,-12.4592372852647,-12.0366117038553
Kenya,Taita Taveta,extreme,4623199.65,80.1009318297556,68.6638960097689,-11.4370358199867,3.81188568824589,-2.14991187125857,-13.3757785126186
Kenya,Tana River,extreme,2796354.31,81.9740542821271,88.2210452079658,6.24699092583873,1.85710932623637,-0.390725276438874,-14.0028777980768
Kenya,Tharaka-Nithi,extreme,9922707.06,66.9971002852522,68.1294122573845,1.13231197213234,2.7573446657375,-17.8026452592639,-16.5404519889453
Kenya,Trans Nzoia,extreme,131048759,0,0,0,8.15041100387701,7.17733777917304,-6.98154126116976
Kenya,Turkana,extreme,1107589.88,97.6875122766561,91.6730116746823,-6.01450060197372,1.30157549423377,-4.17059643252252,-15.194980848113
Kenya,Uasin Gishu,extreme,131926855.73,0,0,0,8.59582568727782,4.49000911094636,-7.32061552740058
Kenya,Vihiga,extreme,12534466.16,0,0.029670190597092,0.029670190597092,9.00931507282272,-9.86146481239248,-10.8469088041804
Kenya,West Pokot,extreme,27124996.04,9.30946126692965,8.5194961746435,-0.789965092286149,5.70462380908431,2.48053719735229,-10.271127921466
Lesotho,Berea,extreme,4144810.78,25.04666811352,19.3120034299853,-5.73466468353472,7.75454735830771,-11.1856470813054,-9.46491453491238
Lesotho,Butha-Buthe,extreme,1141313.42,22.6971833906939,14.4489670506109,-8.24821634008299,10.4318919247137,-14.9201922466646,-8.80180880958625
Lesotho,Leribe,extreme,3251519.76,27.4087216372937,22.4835785712709,-4.92514306602276,8.70775171341472,-12.8817240151896,-8.97914254247769
Lesotho,Mafeteng,extreme,2915414.59,54.9541737732746,49.9914833725244,-4.96269040075018,7.25434394694889,-10.0651656355722,-9.36501444099648
Lesotho,Maseru,extreme,1929529.15,26.6627223537929,23.0926285824705,-3.5700937713224,7.74741096720981,-8.84952738722144,-8.10484501640969
Lesotho,Quthing,extreme,521747.33,30.3321149722031,26.267120523645,-4.06499444855808,7.67176648285764,-9.93998353135714,-5.38139261813294
Lesotho,Thaba-Tseka,extreme,453976.79,28.654108065745,22.1350523228291,-6.51905574291585,10.662606172132,3.88905665535985,9.98299027723151
Liberia,Grand Gedeh,extreme,164750.09,0,0,0,7.09089999120069,-15.3258157100174,-14.1614033044369
Liberia,Nimba,extreme,561729.34,0,0,0,6.55763143976142,-14.9891906243131,-11.2274065417551
Mali,Kayes,extreme,24032080.83,38.8693474613284,62.1803251483155,23.3109776869871,5.53551400061168,-22.4216238657073,-14.1276293429763
Mali,Koulikoro,extreme,110041875.61,39.7124719637446,35.9828735928977,-3.72959837084697,5.76141421927354,-19.8959351062327,-13.8289954001343
Mali,Mopti,extreme,689609.76,73.2750650164812,65.4773215506695,-7.79774346581174,4.82985855121556,-11.9056431147093,-11.4374331836529
Mali,Sikasso,extreme,241755107.95,0.0182817233417632,3.81990150210599,3.80161977876422,7.36984368637636,-23.0365622332483,-15.036443787048
Mali,Ségou,extreme,24469583.31,36.3285998269008,41.8637615124963,5.53516168559554,5.59024255563709,-20.0696401720153,-13.2081440147771
Mauritania,Assaba,extreme,484858.11,98.5329501861895,99.9319161640918,1.39896597790228,2.93770603851128,-0.57223519969196,-15.5614341864926
Mauritania,Brakna,extreme,328030.92,99.9994146893226,99.9994146893226,0,1.65197424547275,23.6691742448478,-2.92013003644509
Mauritania,Gorgol,extreme,741406.24,98.1723595960023,98.3352932125308,0.162933616528505,2.56650134732719,-0.108301141641875,-14.0130716542783
Mauritania,Guidimakha,extreme,371843.55,94.2170437002336,99.0698910872597,4.85284738702609,2.44164682873541,4.29133819120791,-13.4956281444329
Mauritania,Hodh El Gharbi,extreme,198085.56,99.6660231063789,99.9694273525036,0.303404246124742,2.48497994326275,5.49319478640929,-13.7599123801097
Mauritania,Trarza,extreme,199429.83,96.9102766622225,96.8129993391661,-0.0972773230564314,1.71056034424124,21.9500209715457,-2.84045518629739
Mozambique,Cabo Delgado,extreme,23753762.36,0.833324830820611,1.63696594293958,0.803641112118965,7.57948416631707,-22.583680754412,-13.7482623983514
Mozambique,Gaza,extreme,14983993.21,60.6349981120954,67.6103883525452,6.9753902404498,3.64399018034254,-11.2698619936797,-14.1295294917543
Mozambique,Inhambane,extreme,3804757.41,34.9753704796648,46.1224937860099,11.147123306345,4.965372446609,-16.4917488737104,-14.5637629761761
Mozambique,Manica,extreme,44508520.5,21.155596488542,31.111009407738,9.955412919196,5.72831360854306,-17.143218505975,-13.6658522798413
Mozambique,Maputo,extreme,4660118.9,56.0563379616773,58.4488520239258,2.3925140622485,4.48686484408972,-11.5100831196709,-12.9568512786851
Mozambique,Nampula,extreme,37434458.1,2.83196299294099,3.84831802867743,1.01635503573645,6.34361553239799,-23.4022261865732,-14.8018950805566
Mozambique,Niassa,extreme,31799701.31,0.00510696620753889,0.335883658021692,0.330776691814153,9.07579793689564,-15.527123835611,-10.1716564424404
Mozambique,Sofala,extreme,46383401.31,23.1084088214315,34.9194615801236,11.8110527586921,4.48185086088626,-20.2677173127713,-15.7851727182533
Mozambique,Tete,extreme,108646413.41,8.16746979627701,12.1161164799099,3.94864668363285,7.74997365655497,-16.7340858249078,-12.6802570157297
Namibia,Kavango East,extreme,1577641.9,61.6847841072173,74.0605963875579,12.3758122803407,6.23515323302004,-33.362150233042,-17.8994217474435
Namibia,Kavango West,extreme,2642761.96,62.3864738843146,77.3783651706565,14.991891286342,6.35141919942565,-34.5151062281094,-18.0202268745962
Namibia,Ohangwena,extreme,475035.14,82.3804318981539,88.8252182775363,6.44478637938238,6.24987691600239,-30.2995043546228,-16.7495345577689
Namibia,Omusati,extreme,1794902.32,94.6918381608644,97.2831769474787,2.5913387866143,4.99171211532898,-27.6419539898267,-17.7286479195939
Namibia,Oshana,extreme,168649.36,93.2662892998823,95.1156885504932,1.84939925061086,4.25164521807487,-34.0574027789831,-20.3690588758673
Namibia,Oshikoto,extreme,1293551.33,85.2567636415325,92.7653949379805,7.50863129644806,4.83417957472529,-33.4903508265882,-19.8683676727442
Namibia,Zambezi,extreme,13134828.39,65.3617980006209,67.4031646027467,2.04136660212582,6.17666347147057,-27.6937762375729,-17.8462002637393
Niger,Maradi,extreme,3144316.64,90.1670004837681,63.0248867047945,-27.1421137789736,4.0559124514206,8.7014626901982,-6.74641010651815
Nigeria,Abia,extreme,4397980.03,42.6012393694293,58.8137049817391,16.2124656123098,7.57157882884695,-16.6866922852764,-16.2908143561667
Nigeria,Adamawa,extreme,113712459.27,0.00291260959552018,0.202298852277738,0.199386242682218,7.67196181471631,-18.574419547047,-14.6824314484435
Nigeria,Anambra,extreme,4075808.17,0.261248801608835,0.267824184669614,0.00657538306077837,7.58400575440379,-16.3218104058956,-15.800973769666
Nigeria,Bauchi,extreme,161267170.51,9.22426985787388,5.00856062300612,-4.21570923486776,7.16972156136452,-14.4385662689199,-11.9143440487809
Nigeria,Bayelsa,extreme,32768221.79,54.0409031453885,54.3358596450711,0.294956499682556,6.68349078639338,-14.5548388434329,-12.7243855323158
Nigeria,Benue,extreme,104184650.49,0.415064021394885,1.38795205742788,0.972888036032994,7.74909092940864,-15.6431487853301,-15.3789337930373
Nigeria,Borno,extreme,158680663.5,49.3246040655735,53.1897322196413,3.86512815406775,4.81256900517725,-6.96584729615869,-9.88960734798824
Nigeria,Cross River,extreme,131567732.57,69.7592640742429,75.5124231901932,5.75315911595024,7.56790828705724,-16.2874248469301,-15.8864099869377
Nigeria,Delta,extreme,106294910.25,7.40511844027828,8.65986619523958,1.2547477549613,7.27573158962905,-16.3010791617528,-14.9838628737153
Nigeria,Ebonyi,extreme,4379337.96,2.29781306944395,7.26874707792591,4.97093400848196,7.59635305505194,-16.2799427878469,-15.6607895836296
Nigeria,Edo,extreme,49957108.11,0.136308930953449,0.189424495492479,0.0531155645390299,7.71152809457249,-17.0951428296068,-16.5901665335385
Nigeria,Ekiti,extreme,558449.77,0,0,0,8.64928116453758,-16.6072417105308,-17.780241668469
Nigeria,Enugu,extreme,41547448.78,0.177782275853136,0.958771264414566,0.78098898856143,7.67693098629247,-16.2779755438941,-15.6852291892373
Nigeria,Federal Capital Territory,extreme,8273277.03,0,0.0882842430335009,0.0882842430335009,7.93576328963249,-16.7782593760031,-16.7028579947827
Nigeria,Gombe,extreme,146862752.15,0,0,0,7.6581383299049,-17.8888324460305,-13.945331921369
Nigeria,Jigawa,extreme,94084206.08,48.9994951552234,25.3870877963197,-23.6124073589037,5.11834896950703,-2.43998352736753,-8.11412293919174
Nigeria,Kaduna,extreme,246502195.83,0,0.376334984309742,0.376334984309742,8.85115482499161,-16.4106042467936,-16.8323125258307
Nigeria,Kano,extreme,290056870.65,4.00151803816615,1.1142976867802,-2.88722035138594,7.44072441825636,-15.6408090494319,-12.0966588000457
Nigeria,Katsina,extreme,101410668.04,19.3844280685009,5.65530640005041,-13.7291216684505,7.21981644098396,-12.8666031209475,-11.3488607424169
Nigeria,Kebbi,extreme,93607935.11,14.6053590263839,33.0694870724619,18.464128046078,5.45983635911823,-13.8926534739488,-11.5753105543291
Nigeria,Kogi,extreme,101767764.44,0,0,0,7.79892473686083,-16.5705520699813,-15.6748361364721
Nigeria,Kwara,extreme,87920252.19,0,0.00285031029549871,0.00285031029549871,8.18294402541779,-16.4195588761489,-16.693480274575
Nigeria,Lagos,extreme,58739838.69,0,0,0,6.09006023977713,-8.98992641876064,-16.8514669182657
Nigeria,Niger,extreme,191276137.76,0,0.182229212740248,0.182229212740248,7.53045887597851,-16.6177946884782,-15.3300853995353
Nigeria,Ogun,extreme,84444214.83,0,0,0,6.882398287571,-14.0352437295601,-17.1846084484284
Nigeria,Ondo,extreme,90557548.79,1.68128446534115,2.71354517964973,1.03226071430859,7.99606675217976,-17.0107051702933,-17.9762391991951
Nigeria,Osun,extreme,736869.62,0,0,0,8.25928264112487,-15.9532942350893,-17.8365519469493
Nigeria,Oyo,extreme,80089964.04,0,0,0,8.07888874786575,-15.8338467632316,-18.6973790680085
Nigeria,Plateau,extreme,166017987.01,0,0.00667216860022088,0.00667216860022088,9.22131850087472,-16.2505520475362,-14.8003056521156
Nigeria,Rivers,extreme,47497512.9,39.107443455213,41.2102567164101,2.10281326119709,7.20319336088207,-16.5144626258464,-15.0849531737632
Nigeria,Sokoto,extreme,89478378.95,55.7958945902428,56.8752257217776,1.07933113153477,4.24005596196163,-1.51127660124721,-8.67385040335035
Nigeria,Taraba,extreme,167496340.94,1.71712049580252,2.73023158257418,1.01311108677166,7.8949537894339,-17.2131567207446,-14.601484738226
Nigeria,Yobe,extreme,79900117.84,65.0794346813444,47.9210219397594,-17.158412741585,4.92168502412066,-3.04445398946245,-8.53066019440116
Nigeria,Zamfara,extreme,63433705.72,10.0953159323009,8.15979760483714,-1.93551832746372,6.76893667298979,-15.7198058045237,-12.5809072895179
Senegal,Diourbel,extreme,243906.6,94.4652584226913,98.0416274098364,3.57636898714507,3.58846356067624,-14.7873622720028,-13.8743520996751
Senegal,Fatick,extreme,9487774.96,33.1787802015911,61.5293788544917,28.3505986529006,4.6350809835861,-19.779121370042,-12.8293314107546
Senegal,Kaffrine,extreme,13186173.12,37.4029292283401,96.835221893401,59.432292665061,4.68737979278228,-23.2742528947216,-13.7220360623807
Senegal,Kaolack,extreme,11056023.83,30.567336430931,80.2173469989708,49.6500105680398,5.0830918667761,-22.0544947955182,-12.6888259248482
Senegal,Kolda,extreme,10975030.98,0.85582446346771,51.8244550777569,50.9686306142892,6.15837087480002,-24.5627754189222,-12.6872905064266
Senegal,Louga,extreme,918420.85,96.9136316972769,99.4736781073731,2.56004641009619,2.98503360997124,-7.58329444766492,-13.1248677246879
Senegal,Matam,extreme,397215.52,92.9367009627418,97.805342550563,4.86864158782113,3.24164997051253,-10.4071379358375,-13.9504004923424
Senegal,Saint Louis,extreme,2103964.14,97.7472458252069,97.56335485832,-0.183890966886906,2.10551469675962,8.9400013204448,-8.17875969833315
Senegal,Tambacounda,extreme,12765565.13,40.7208059107682,97.0342000049002,56.3133940941321,4.72135002672376,-21.3932042244888,-13.2489467384812
Senegal,Ziguinchor,extreme,1381009.57,0,5.37505326628548,5.37505326628548,6.49419951106634,-19.2362220635149,-10.902986279751
Sierra Leone,Eastern,extreme,3856752.6,5.33005409784387,2.56091095913178,-2.76914313871209,6.32684740652333,-16.6427380532002,-10.2605889958179
Sierra Leone,Northern,extreme,6156484.92,9.87860780791127,6.79070939720583,-3.08789841070544,6.24815405156622,-15.7905004787434,-10.1439281329624
Sierra Leone,Southern,extreme,9455615.77,9.06909735821467,6.13960015001752,-2.92949720819716,6.28075372504505,-15.4255145751901,-10.3128697539264
Sierra Leone,Western,extreme,513625.47,13.0756755501241,8.38334594271581,-4.69232960740829,5.98965532070712,-13.7095021075297,-8.68499241626969
Somalia,Awdal,extreme,223066.23,92.9096259886582,66.2798667463022,-26.629759242356,3.55033921052605,4.26729987615892,-13.9519711687959
Somalia,Bay,extreme,773522.06,92.4688560271959,91.0851850818579,-1.38367094533801,2.31670166566182,-9.06978378346539,-13.4423015328539
Somalia,Gedo,extreme,1196710.73,99.2357610096803,99.3561744031492,0.120413393468951,1.72066195985488,-1.76674445346159,-12.0402161622151
Somalia,Hiraan,extreme,301379.93,95.0882827532676,96.8601326571414,1.77184990387381,2.29932263814007,-13.5473885955487,-14.8079970934993
Somalia,Lower Juba,extreme,1026879.53,90.3795404315831,89.2257536772595,-1.15378675432356,2.04127862353551,-1.65513014137776,-14.718104268189
Somalia,Lower Shabelle,extreme,12216213.79,90.7442452347586,90.4201186217125,-0.324126613046118,2.39842344144624,-12.1824863669714,-13.2058814882635
Somalia,Middle Juba,extreme,873493.18,88.8437388829985,90.5604094126986,1.71667052970008,2.06024507449916,-3.78629506110239,-14.1959271564061
Somalia,Middle Shabelle,extreme,3580235.58,94.6537154965652,92.9801943368207,-1.67352115974447,2.48172311718007,-14.0460961125945,-13.529853308409
Somalia,Woqooyi Galbeed,extreme,1600881.8,99.4872950645076,88.8324172340519,-10.6548778304557,5.11274159125663,6.85740894389905,-13.3672971133123
South Africa,Eastern Cape,extreme,44144890.67,39.5278541529119,38.1505418733434,-1.37731227956851,8.27809173516591,-4.65045690893654,-9.31776444151527
South Africa,Free State,extreme,891027742.37,71.6227518688185,66.7249814712411,-4.8977703975774,5.9902159966375,-5.01660555832312,-11.9702039324265
South Africa,Gauteng,extreme,79946898.57,44.5063306225014,42.5849465194582,-1.92138410304314,7.26032782408155,-0.764102492388961,-11.9163960607554
South Africa,Limpopo,extreme,19665713.23,76.4033921590954,73.301562121884,-3.10183003721141,5.41349338242855,-1.14085553755229,-12.7258860257559
South Africa,Mpumalanga,extreme,462109846.01,20.2927898658041,18.3941254950366,-1.89866437076741,8.51202717728483,-5.57169492416412,-11.5758568921421
South Africa,North West,extreme,315965308.08,77.9906710320259,75.9055003403335,-2.08517069169247,5.05696696937882,-5.34430792507141,-13.590357324766
South Africa,Western Cape,extreme,575943.71,47.0129277043411,54.6647171474449,7.65178944310374,2.36419690539503,-7.50044339907176,-9.63294618401855
South Sudan,Central Equatoria,extreme,8049469.22,8.43802220290992,22.3795252924764,13.9415030895664,7.27711983308394,-16.5084483873053,-13.6987220278413
South Sudan,Eastern Equatoria,extreme,9283069.16,12.6601017373009,9.27487434554457,-3.38522739175628,5.52925710629014,-13.7149722451349,-13.8945791397856
South Sudan,Jonglei,extreme,1475820.12,20.9954448920238,65.0123268410245,44.0168819490007,4.8176356069232,-11.6307934151781,-12.6923575887903
South Sudan,Lakes,extreme,2565192.33,7.55674331834604,52.2863328536461,44.7295895353001,5.59196948675896,-14.1125806460591,-13.9726931568678
South Sudan,Unity,extreme,754149.6,26.0875295829899,80.0876908242078,54.0001612412179,4.99986810130642,-14.4400266295393,-12.841898614756
South Sudan,Upper Nile,extreme,1807838.27,57.0505679139097,81.4496531263275,24.3990852124178,4.19616869859448,-7.61748101280087,-12.0833952249549
South Sudan,Warrap,extreme,1878124.41,23.0302634743989,72.011044252388,48.980780777989,5.32162598120054,-16.5932566315687,-13.6693114639943
South Sudan,Western Equatoria,extreme,17318728.42,0.487928431872714,2.58549004950561,2.0975616176329,8.21480547506159,-17.1829209595738,-13.6681159681849
Sudan,Central Darfur,extreme,149817.04,17.4392712604654,36.6113227173625,19.172051456897,5.72043151936958,-13.5644301183358,-12.8595388423019
Sudan,Gedaref,extreme,234979.88,4.86977863806893,36.5878133906614,31.7180347525924,5.45481821123555,-19.0267494337556,-12.6946115863762
Sudan,West Darfur,extreme,1130486.71,67.2849130619147,69.333322812791,2.04840975087625,5.38898684325692,-6.68394718989557,-10.1366961326603
Togo,Centrale,extreme,35454158.49,0,0,0,8.50652692909759,-18.596716772997,-18.8718423259056
Togo,Kara,extreme,18484991.23,0,0,0,8.0160197903965,-17.7920976545493,-16.7215383186394
Togo,Maritime,extreme,35576318.2,0.164291874362648,0.0435964168995992,-0.120695457463049,6.74180882148507,-21.8990341962966,-17.0449029978012
Togo,Plateaux,extreme,99279025.78,0,0,0,7.80375922628581,-20.0236894953842,-18.0831488501284
Togo,Savanes,extreme,24560573.35,0,1.28038541901547,1.28038541901547,7.05379935037974,-19.115610628698,-15.0746954730125
Uganda,Central,extreme,213030782.42,0.147338331312692,0.0485925080047406,-0.0987458233079516,8.30600672399275,-11.349111679811,-12.3479771494271
Uganda,Eastern,extreme,125416682.95,0,0.0180590009775888,0.0180590009775888,8.49167724360211,-14.1639479944671,-12.5048524430044
Uganda,Northern,extreme,88885770.38,3.54913951526017,2.07328911266843,-1.47585040259174,7.55751674157658,-10.8481517788032,-13.3051355218332
Uganda,Western,extreme,190462224.67,0.386302323872777,0.249965052558262,-0.136337271314516,8.17991655970495,-8.67022400459449,-12.7950716539784
Zambia,Central,extreme,88698458.98,1.57463840529059,4.76090345713016,3.18626505183957,9.86304822372935,-12.5549365448181,-11.1751923052897
Zambia,Copperbelt,extreme,29989737.33,0,0.0113505495648167,0.0113505495648167,10.5101113869681,-12.5773537355833,-11.6018279934616
Zambia,Eastern,extreme,81581034.33,0.0400129763836496,0.958769408139717,0.918756431756067,9.85464734963386,-13.3555349208023,-10.2229907893195
Zambia,Luapula,extreme,17888774.45,0,0,0,10.3833274820115,-12.580944955296,-12.6284636902383
Zambia,Lusaka,extreme,18329182.19,4.38417814646645,11.0324071147224,6.648228968256,9.32047262058698,-13.7168876738478,-11.0882935316811
Zambia,North-Western,extreme,25452961.28,0,0.0645543747120335,0.0645543747120335,10.2532100299575,-13.8366679077867,-11.9972800869233
Zambia,Northern,extreme,38763463.78,0,0,0,11.4451275227779,-14.5850330357474,-12.8299354363901
Zambia,Southern,extreme,58698054.74,16.7932924586046,22.723362910544,5.93007045193948,8.46962935892506,-19.5449040560323,-13.236161888472
Zambia,Western,extreme,14401980.26,7.79646256784968,13.3283615540798,5.53189898623011,8.37811852280324,-24.4168251546684,-15.0182556690557
Zimbabwe,Harare,extreme,308313.2,7.33507355507322,16.3502568167694,9.01518326169622,10.0807030816549,-12.216110435003,-11.5097268935706
Zimbabwe,Manicaland,extreme,26670010.36,52.460568298032,58.1155567275153,5.65498842948331,6.95312917521493,-7.91782019270819,-11.9808182487998
Zimbabwe,Mashonaland Central,extreme,44070878.36,14.8497062993414,21.9209495238207,7.07124322447927,7.90571212189949,-14.7811609730099,-12.4054366747781
Zimbabwe,Mashonaland East,extreme,38750332.27,18.7076615227176,28.9645516373788,10.2568901146612,9.69052535606662,-12.7943206234835,-11.5270140630142
Zimbabwe,Mashonaland West,extreme,59093282.26,12.0198180374352,24.7917757141013,12.771957676666,8.99235558668908,-13.3908018158849,-11.511992948963
Zimbabwe,Masvingo,extreme,14298167.78,70.4298421654135,72.5339719016782,2.10412973626471,5.28410277755319,-10.0107086282511,-12.3988325702815
Zimbabwe,Midlands,extreme,32077674.12,46.4648744302413,53.3900460985168,6.92517166827555,7.84649664722684,-11.0634136533973,-11.8927625628805
Angola,Bengo,moderate,2059561.86,96.2948983722198,96.292519225424,-0.00237914679581763,6.8807547963163,-9.57699301697043,-12.0166113878699
Angola,Benguela,moderate,56688601.81,98.7650025090644,98.8221533276867,0.0571508186223895,8.6384101869653,-11.8465998596671,-11.6550901400813
Angola,Bié,moderate,110304020.24,99.6416855531285,99.7065970584791,0.0649115053505796,12.8642194840333,-11.0280758023755,-11.8758808537893
Angola,Cabinda,moderate,1521047.87,76.003393634153,76.3018063330249,0.298412698871857,6.00976371628153,-10.2906761934207,-13.6638462104189
Angola,Cuando Cubango,moderate,13007339.26,100,100,0,9.36364508249391,-19.6249699393988,-13.7338138803382
Angola,Cuanza Norte,moderate,3872931.93,97.2459384278412,98.2294052351186,0.983466807277452,7.47722513176634,-6.00126589179943,-11.226489813381
Angola,Cuanza Sul,moderate,116009662.76,92.7224624577471,94.7789058118972,2.05644335415013,11.1142107908446,-9.64654030402899,-11.0174103535433
Angola,Cunene,moderate,1005926.13,99.9999870765858,99.9999870765858,0,5.99161570352971,-27.6889708749242,-16.1369773355582
Angola,Huambo,moderate,179242574.38,98.3764413169884,98.7874162221124,0.410974905123993,13.2914362036641,-12.5083259542426,-12.1203163068717
Angola,Huíla,moderate,52822104.84,99.9119121811959,99.9119121811959,0,10.7234636638666,-15.8994653725012,-11.8866383969851
Angola,Luanda,moderate,4005576.71,97.6588711990988,97.6588711990988,0,2.29462671184261,6.03124699128433,-12.6335037340763
Angola,Lunda Norte,moderate,5459858.79,64.195231686569,79.7724660567641,15.5772343701951,9.59493168442222,-11.6741752633888,-12.258220316976
Angola,Lunda Sul,moderate,8911464.04,92.3534333198073,97.159983602425,4.80655028261775,9.89835715386608,-12.2136674409436,-12.8441298792109
Angola,Malanje,moderate,25012185.74,98.6840344805468,99.0847591554787,0.400724674931979,9.42695592131008,-8.50381969700517,-10.5607777828368
Angola,Moxico,moderate,13409451.62,99.8905874720625,99.9421332041019,0.0515457320394148,9.56521775614008,-14.1673987024081,-12.4576404166303
Angola,Namibe,moderate,4245194.71,99.030439996002,99.030439996002,0,6.88562440445712,-17.9448673314216,-12.5676535346699
Angola,Uíge,moderate,11512517.92,64.3868357166475,77.1815432709442,12.7947075542967,9.8593105282549,-8.85712958017883,-11.0325371602026
Angola,Zaire,moderate,2633355.13,85.2816991683154,86.7258264554694,1.444127287154,7.70290173489492,-10.7921758854859,-11.8907566436391
Benin,Alibori,moderate,62770402.82,99.9999875418993,99.9999875418993,0,6.64460494847343,-20.9939488201042,-14.3814338479608
Benin,Atlantique,moderate,26821227.62,93.3397842734538,94.717812174475,1.37802790102118,7.19625056014884,-21.7327772191145,-17.0434706548525
Benin,Borgou,moderate,55548025.48,99.9591317966681,99.9743636612158,0.0152318645476299,8.38509163802496,-19.1089146025158,-16.9799401660402
Benin,Collines,moderate,27942571.04,95.4550422787437,99.178901470192,3.72385919144826,8.01259561755781,-19.5013337581258,-18.5606991150744
Benin,Couffo,moderate,25956634.48,93.4090589389846,99.3313444386107,5.92228549962614,7.21925969842745,-21.9563742446417,-17.0475686845507
Benin,Donga,moderate,14595412.79,99.296019979165,99.937981952753,0.64196197358801,8.67985818922519,-18.6967312369674,-17.6526540308334
Benin,Mono,moderate,12577620.2,87.5347865886426,92.3773560915761,4.84256950293347,7.21925969842745,-21.9563742446417,-17.0475686845507
Benin,Oueme,moderate,13144815.43,90.7821038914352,93.1459484174743,2.36384452603912,6.32618277710365,-12.0840576290687,-16.8916432747134
Benin,Plateau,moderate,49063430.51,95.4679269531575,98.4610441990066,2.99311724584909,7.21033204275435,-21.7522037879647,-17.0437806999108
Benin,Zou,moderate,18158588.64,98.2561274652015,99.6605317669667,1.40440430176515,7.21925969842745,-21.9563742446417,-17.0475686845507
Botswana,Central,moderate,189736.82,100,100,0,4.98867517669558,-11.4042730882295,-15.113142932764
Botswana,Chobe,moderate,200919.46,82.7739632587107,82.7739632587107,0,6.48272068284152,-27.5227797346103,-17.42304267315
Botswana,Gaborone,moderate,133552.81,99.9993934983472,99.9993934983472,0,4.13531769169053,-15.7875618461384,-15.8958833085075
Botswana,Kweneng,moderate,188341.31,100,100,0,4.15925236306059,-13.3242331858067,-17.0111088583296
Botswana,North East,moderate,178667.75,100,100,0,5.27072926308317,-11.2243904155488,-14.241709707424
Botswana,North West,moderate,344563.04,99.9999883910938,99.9999883910938,0,5.14808820009415,-29.898807610761,-18.6694380386668
Botswana,South East,moderate,332802.44,99.9995673108647,99.9995673108647,0,4.53620192038707,-10.5911161262693,-15.2989863688843
Botswana,Southern,moderate,429026.28,100,100,0,5.06111443857143,-10.2748669863228,-15.4956411050855
Burkina Faso,Cascades,moderate,40292042.43,100,100,0,8.14354852958842,-18.6279197847118,-14.7366667619407
Burkina Faso,Centre,moderate,4045026.92,100,100,0,5.7020315843263,-14.2807702465012,-11.5400542380903
Burkina Faso,Centre-Est,moderate,28226953.54,99.9062224693767,99.9062224693767,0,6.39045191243067,-20.7264595495551,-13.5412021986854
Burkina Faso,Centre-Nord,moderate,3224477.43,99.7069779458807,99.7069779458807,0,5.10762109140251,-8.72081611748895,-10.2055558262057
Burkina Faso,Centre-Ouest,moderate,39914223.76,99.8438407311269,99.8438407311269,0,7.14590411693948,-21.3568567101328,-15.3050967092219
Burkina Faso,Centre-Sud,moderate,22386937.85,99.2090796374815,99.2090796374815,0,6.42021157475842,-20.6123997457435,-14.0264285375677
Burkina Faso,Est,moderate,23553630.96,98.1652596971826,98.1652596971826,0,5.77489032065419,-15.9920558256258,-12.0867413023662
Burkina Faso,Hauts-Bassins,moderate,103393102.04,99.8384563024955,99.8384563024955,0,7.5277458832614,-19.5943773181117,-14.5938838695752
Burkina Faso,Nord,moderate,2877754.28,99.5519325576331,99.5519325576331,0,5.45804365106085,-10.1811011849766,-10.6875866048478
Burkina Faso,Plateau-Central,moderate,9596423.17,99.5603969390191,99.5603969390191,0,5.558132819469,-13.2474891172056,-11.2668205216434
Burkina Faso,Sahel,moderate,1030277.48,99.7390528229347,99.7390528229347,0,3.53179386637443,9.16053792086606,-7.80935614637967
Burkina Faso,Sud-Ouest,moderate,27528809.03,99.9999926259069,99.9999926259069,0,7.46826797564226,-18.7409515129201,-14.3728143423125
Burundi,Bubanza,moderate,1215020.97,79.5570631180135,81.107242124389,1.5501790063755,8.21335790531359,-14.9221253339117,-13.5401976857124
Burundi,Bururi,moderate,11124298.76,43.8867213595044,54.9877536730234,11.1010323135191,8.48923029447813,-12.0537418428913,-15.3720025632437
Burundi,Cankuzo,moderate,3987600.64,91.3040780332506,88.9740804134288,-2.32999761982182,6.32968494092526,-9.74886929562584,-15.4419967500324
Burundi,Cibitoke,moderate,1537080.32,37.896197903308,46.8604008930386,8.96420298973055,9.00732824246068,-14.8216496879007,-14.1684646033357
Burundi,Gitega,moderate,5355146.91,64.884830582547,67.7925005795966,2.90766999704962,7.47911204210178,-9.92136372956616,-15.2286221656668
Burundi,Karuzi,moderate,4549951.03,85.6178005942187,80.9253764649858,-4.69242412923288,6.54709157852637,-8.44067540640374,-15.636853446349
Burundi,Kirundo,moderate,3468881.36,85.2780966830183,78.684501334459,-6.59359534855929,10.1316501100024,-20.7414035168311,-17.7258559902487
Burundi,Makamba,moderate,6414416.97,60.803951758066,69.611938557839,8.80798679977302,7.94142311605941,-9.89488687120675,-14.8439589433119
Burundi,Muramvya,moderate,1838933.29,58.8745119731885,60.8459266078108,1.97141463462223,13.5378227548039,-20.8442117055965,-16.3721445979579
Burundi,Muyinga,moderate,1898772.97,88.7484721251325,83.1563343773532,-5.5921377477793,6.34374761547626,-10.6178038599345,-15.7764209662705
Burundi,Mwaro,moderate,2560283.48,49.5537705066941,57.1042234745037,7.55045296780964,13.6041414377021,-20.8457024596142,-16.3494521112516
Burundi,Ngozi,moderate,2263079.38,67.968937086069,61.301429028972,-6.66750805709697,7.56439693889602,-12.5129733899626,-14.6571181681605
Burundi,Rumonge,moderate,4188568.89,37.8641020752078,47.1793123593581,9.3152102841503,8.29451640092315,-11.2120818211434,-15.1931902849993
Burundi,Rutana,moderate,6128436.34,76.3546480765108,80.1498086541273,3.79516057761644,6.92145101652985,-6.56833516357046,-14.0208829338468
Burundi,Ruyigi,moderate,3434331.46,89.4293121025657,86.2723658012905,-3.15694630127518,6.3734890759692,-4.73508657045659,-13.8683848079195
Cameroon,Adamaoua,moderate,64732379.25,98.6250076695582,98.6659207339424,0.0409130643842275,11.2647689240128,-14.7134978144533,-14.9226520924907
Cameroon,Est,moderate,25838023.57,64.857480118786,77.6869985648055,12.8295184460195,9.42764500935113,-13.6427262134024,-13.4720379088692
Cameroon,Extrême-Nord,moderate,96412073.51,99.5167882060418,99.5167882060418,0,5.08741877277234,-11.2289189624521,-11.8702073025272
Cameroon,Nord,moderate,151090888.77,98.73787507273,98.7311896927694,-0.00668537996051555,7.3019658507667,-19.3692471228058,-14.8401281261529
Cameroon,Nord-Ouest,moderate,78016936.16,99.2318050547757,99.2318050547757,0,12.3479668608552,-13.6923752105765,-14.4335629655431
Cameroon,Ouest,moderate,114822613.8,97.4809380275578,97.0825922793965,-0.398345748161319,10.6081174950751,-13.1508248449773,-12.9241510922878
Cameroon,Sud,moderate,36745050.25,93.5987425952697,92.1861986023546,-1.41254399291508,9.99316364785824,-16.7531132025306,-14.3258302446806
Cameroon,Sud-Ouest,moderate,72181908.8,97.3278542614545,97.3278542614545,0,7.93092122314986,-16.2346624155386,-18.2537259292624
Chad,Barh-El-Gazel,moderate,272333.25,100,100,0,2.65283300124089,27.2990844042048,-4.97549735793049
Chad,Chari-Baguirmi,moderate,19378412.49,98.8181823969421,98.8181823969421,0,4.23716526576365,-4.3481511280734,-9.21012290859552
Chad,Guéra,moderate,851496.93,99.9977768563417,99.9977768563417,0,4.28279825835736,-6.21027812228163,-9.52164389963121
Chad,Hadjer-Lamis,moderate,2679749.42,100,100,0,2.49522436376498,30.5307977678096,-5.73621057824696
Chad,Lac,moderate,2559322.01,99.9999996092715,99.9999996092715,0,1.95883735549848,45.7492083754348,-5.15246391955667
Chad,Logone Occidental,moderate,4761500.91,100,100,0,7.36742174146509,-18.8984541368383,-15.7766625929948
Chad,Logone Oriental,moderate,6791236.68,99.7444106159469,99.7444106159469,0,7.40420854017604,-18.7666549316128,-15.5027589067939
Chad,Mandoul,moderate,2162188.99,97.8397360167855,97.8397360167855,0,6.42594641094928,-19.1236570354743,-14.7816827376397
Chad,Mayo-Kebbi Est,moderate,11034052.27,97.5883359668007,97.5883359668007,0,5.43284802430211,-15.4316014019975,-12.8601486588325
Chad,Mayo-Kebbi Ouest,moderate,15786559.34,99.1768229086453,99.1768229086453,0,6.85767027755794,-18.76526103692,-15.2438358696174
Chad,Moyen-Chari,moderate,7581169.68,99.5152637185137,99.5152637185137,0,5.88148240577008,-19.586309834326,-13.828143986555
Chad,N'Djamena,moderate,1568348.22,100,100,0,2.25164444797807,36.1913415351533,-5.85539574210446
Chad,Ouaddaï,moderate,16749324.25,99.9999567146716,99.9999567146716,0,3.73143400581049,6.82447713241729,-7.77492778090428
Chad,Salamat,moderate,17349144.51,99.9999048368063,99.9999048368063,0,4.96918535504435,-17.4082216157751,-13.0934581048558
Chad,Sila,moderate,18556222.08,99.7283925586646,99.7283925586646,0,5.17311977927301,-9.95748115018367,-11.262640982854
Chad,Tandjilé,moderate,4453464.81,99.6048737162919,99.6048737162919,0,6.20329331569885,-18.8983929616793,-14.6137513419477
Eritrea,Anseba,moderate,3283616.29,99.999899805589,99.999899805589,0,4.75618553664376,-10.4515878251194,-13.8147242142047
Eritrea,Debub,moderate,7668778.86,100,100,0,7.93599024589469,-2.5717173858951,-14.7057871215895
Eritrea,Gash Barka,moderate,8866394.39,99.9999843228269,99.9999843228269,0,5.0639319140537,-11.1097894934665,-13.235247954188
Eritrea,Maekel,moderate,1388280.14,99.9998458524373,99.9998458524373,0,4.19429111035445,19.5288415105182,-14.9926498135265
Eritrea,Semienawi Keih Bahri,moderate,3199367.68,94.22264964557,94.22264964557,0,3.25820361159327,7.63711894377576,-12.3465555294804
Eswatini,Hhohho,moderate,5619017.25,99.6261579371375,99.5226878863915,-0.103470050745969,11.5918352049875,-12.0096528173023,-11.6299887096765
Eswatini,Lubombo,moderate,933612.76,99.5797229677966,99.5797229677966,0,4.32327451184243,-11.6335566515057,-13.2169433041814
Eswatini,Manzini,moderate,6601940.6,99.3865803639615,99.3675253606493,-0.0190550033122037,6.79326815443154,-9.66263055983204,-12.2734517761415
Eswatini,Shiselweni,moderate,4041816.19,99.9999458164375,99.9813155778368,-0.0186302386007213,8.28566192254335,0.155286923962956,-11.9868048823455
Ethiopia,Afar,moderate,3451572.53,99.9788058922812,99.9788058922812,0,1.61077426160901,22.4691786240208,-10.8876795917305
Ethiopia,Amhara,moderate,466402398.93,99.4521046770209,99.4767391986836,0.0246345216627475,12.2906117582918,-8.22645080504976,-10.598659654827
Ethiopia,Benishangul Gumz,moderate,43315508.37,98.30299724588,98.6129301199288,0.309932874048812,11.577616399628,-13.7694424455332,-13.5995247982936
Ethiopia,Gambela,moderate,2086945.19,91.5264573862623,92.6293612914674,1.1029039052051,6.5793895230497,-13.9748784306516,-12.4749162747595
Ethiopia,Harari,moderate,194756.94,100,99.3412609584028,-0.658739041597187,7.55146890685444,-2.17069438953279,-14.2116019940858
Ethiopia,Oromia,moderate,895903431.4,96.7118687832274,96.4349941879238,-0.27687459530361,7.55638240682284,-6.0756735164485,-10.6970948947142
Ethiopia,Sidama,moderate,26894281.44,42.8416093796927,47.8360689007499,4.9944595210572,13.4448083415136,-6.90922097511335,-6.62319410919087
Ethiopia,Somali,moderate,15791104.72,99.9999321136793,99.9999321136793,0,3.35671200498615,1.49433934957906,-12.7318035583454
Ethiopia,South West Ethiopia,moderate,38146877.74,71.0020782948618,76.3588312483474,5.35675295348563,12.8491410068103,-14.7922931197318,-14.3047742209424
Ethiopia,Tigray,moderate,39839536.45,99.9999436489427,99.9999436489427,0,8.01488281412528,2.08850870810013,-14.2707757226817
Gabon,Estuaire,moderate,562880.07,89.9736954623389,89.9736954623389,0,4.99455208156622,-11.967381198212,-11.1680220089036
Gabon,Haut-Ogooue,moderate,2241507.33,94.9791674337286,95.01878363253,0.0396161988013688,8.47616639677164,-16.2524519095621,-15.3520855828601
Gabon,Moyen-Ogooue,moderate,1413603.09,89.1512623957267,89.5175604065778,0.366298010851125,5.04383667220803,-10.872291559191,-11.6033768791006
Gabon,Ngounie,moderate,3566494.29,99.7516527637564,99.7706630283151,0.0190102645587018,6.50979674846435,-10.4334617297375,-16.4033205420037
Gabon,Nyanga,moderate,391973.66,64.9857441951584,76.9880812909725,12.002337095814,6.19324995381966,-8.83352306078924,-15.4845778687463
Gabon,Ogooue-Ivindo,moderate,131352.47,57.9007003065873,71.5997194418955,13.6990191353082,7.7937199838012,-14.1495398348717,-15.9215229749073
Gabon,Ogooue-Maritime,moderate,205648.9,99.9995623608976,99.9995623608976,0,5.13039977024985,-9.02776921551864,-13.2037682318323
Gabon,Woleu-Ntem,moderate,939833.93,99.0832497396641,96.4548066486597,-2.62844309100439,8.68746907851155,-14.0052597036066,-15.1128558227137
Gambia,Central River North,moderate,2204443.46,99.9999791330552,99.9999791330552,0,4.66231291917049,-24.8277375414282,-14.1582388646214
Gambia,Central River South,moderate,1684399.74,98.9007514332673,98.9007514332673,0,4.85928667310462,-24.5731284646036,-13.9262776596312
Gambia,Lower River,moderate,1161334.1,89.8185113138416,89.8185113138416,0,5.00505996367368,-24.358228189676,-13.5223425652458
Gambia,North Bank,moderate,3554737.56,92.823336302779,92.823336302779,0,4.98045519699823,-23.0673807125514,-13.1657951692949
Gambia,Upper River,moderate,4067299.8,100,100,0,5.66425144096174,-23.7023912799878,-12.9869374984012
Gambia,West Coast,moderate,2503106.18,92.8429252649602,92.8429252649602,0,6.49419951106634,-19.2362220635149,-10.902986279751
Ghana,Ashanti,moderate,67863428.42,64.0462912233163,82.8439371675352,18.7976459442189,6.34572682139283,-21.2718433214242,-17.0230164727548
Ghana,Central,moderate,56519480.18,75.755758658147,82.1210082827765,6.36524962462951,5.65059831768759,-21.601174755492,-16.9440635243311
Ghana,Eastern,moderate,135293797.24,62.3984075561453,79.2293158938023,16.8309083376571,5.87481298379028,-22.3916115483103,-16.1540805554506
Ghana,Greater Accra,moderate,6564530.23,89.4193917056575,88.5854858802288,-0.83390582542873,5.4401225357925,-29.0367611955711,-14.5912261342326
Ghana,Northern,moderate,80990565.05,99.7369594225346,99.7545478910077,0.0175884684730931,7.74886331197103,-17.7937550486817,-16.1048831249765
Ghana,Upper East,moderate,28129411.34,99.8370590146875,99.8370590146875,0,7.04050504581703,-17.8867962176604,-14.9890786056411
Ghana,Upper West,moderate,41990434.78,99.9999886164551,99.9999886164551,0,7.24758671300037,-20.2088380647186,-15.15773668055
Ghana,Volta,moderate,40375365.9,72.2070261163875,85.6759467782309,13.4689206618435,6.10101052095976,-24.8880652590938,-16.2001850031161
Ghana,Western,moderate,28331132.36,70.929600499738,82.8483969569087,11.9187964571706,5.66066092628037,-21.5351331472011,-17.6731787022557
Guinea,Boke,moderate,9392257.59,91.9947085906105,91.9947085906105,0,7.04690719691677,-15.3363721822391,-12.8854678547114
Guinea,Faranah,moderate,11417702.82,99.7891272843621,99.7854225111107,-0.00370477325141394,8.3350133109274,-20.2749380549853,-14.7542498401845
Guinea,Kankan,moderate,21101358.72,97.7537336515172,97.7651073267002,0.0113736751829379,7.09088799260558,-24.7124728807222,-15.6146062144566
Guinea,Kindia,moderate,7980396.85,97.0113660450357,97.0113660450357,0,6.96127287343807,-14.8283315343976,-12.587200392273
Guinea,Labe,moderate,25365080.61,99.8741040468548,99.8519909690916,-0.022113077763251,9.56789678141177,-17.0854176377307,-15.4761026274342
Guinea,Mamou,moderate,10177597.27,99.5157769688405,98.966344735313,-0.549432233527554,9.26455639637826,-16.1478931340995,-15.1952936655595
Guinea,Nzerekore,moderate,11881647.4,96.8484134615878,99.3873627322083,2.53894927062051,6.65270449488221,-14.9968217828693,-11.0869424239714
Guinea-Bissau,Biombo,moderate,527946.32,83.5912635966475,83.5912635966475,0,7.0678963940467,-18.4880790473161,-12.7465119175488
Guinea-Bissau,Cacheu,moderate,1890686.08,88.2836668475393,88.2836668475393,0,7.0678963940467,-18.4880790473161,-12.7465119175488
Guinea-Bissau,Oio,moderate,1216889.26,96.4353979095846,96.4353979095846,0,7.04417737475168,-19.1359742388271,-12.6730978480242
Guinea-Bissau,Quinara,moderate,298663.35,55.1855458662739,55.1855458662739,0,6.5813992820701,-14.8779256900317,-11.5694017753681
Guinea-Bissau,Tombali,moderate,740541.4,84.0256871526696,84.0256871526696,0,6.5813992820701,-14.8779256900317,-11.5694017753681
Kenya,Baringo,moderate,43302506.28,97.0328177503355,97.5336779051672,0.500860154831656,5.18776338770249,2.11759327606153,-12.1486721262253
Kenya,Bomet,moderate,19752825.96,65.4164726918902,73.4991338930422,8.08266120115199,12.3006721166437,-9.32305881130406,-9.90832003893061
Kenya,Bungoma,moderate,107350362.73,57.0377392706179,76.8928608165123,19.8551215458944,8.9254961915115,-8.34307454281547,-10.3227551977321
Kenya,Busia,moderate,20551755.92,59.3830621943276,78.353859702709,18.9707975083815,8.76695985735805,-12.3490888037872,-11.6597856549725
Kenya,Elgeyo-Marakwet,moderate,36466609.09,83.7907273598934,86.7916342917641,3.0009069318707,6.02859220113051,0.0831298707682626,-10.8020901839739
Kenya,Embu,moderate,12621554.53,96.7723030548124,96.7945824023628,0.0222793475503806,3.7504526470597,-17.4292948735372,-12.4424365812508
Kenya,Homa Bay,moderate,53489217.01,75.5530427608329,76.4868496623372,0.933806901504312,5.89803344293073,-5.47475779066293,-12.1464881195331
Kenya,Isiolo,moderate,262793.21,100,100,0,1.38763461592367,-4.76976059224289,-11.0057127828589
Kenya,Kajiado,moderate,5552612.53,99.9999904549436,99.9999904549436,0,3.45726314209299,-13.5629208185117,-12.324856560258
Kenya,Kakamega,moderate,78372885.29,74.9806846877667,82.9573439326927,7.97665924492596,8.82792235119084,-6.53919214473449,-9.76561110114472
Kenya,Kericho,moderate,23161731.51,56.3177109378383,66.3899285481356,10.0722176102973,10.4436978436638,-9.58510524827718,-10.3514566350323
Kenya,Kiambu,moderate,11790820.48,98.9957401166369,99.3059644989184,0.310224382281504,3.98472839891094,-17.0676507378797,-11.3384890067258
Kenya,Kilifi,moderate,25345302.36,94.498860813748,94.498860813748,0,3.08780891908375,-10.4784455589362,-13.2527322000229
Kenya,Kirinyaga,moderate,14387591.47,95.5828084823985,95.9619198862337,0.379111403835267,3.98472839891094,-17.0676507378797,-11.3384890067258
Kenya,Kisii,moderate,21908870.48,50.8582083689419,65.0071303904116,14.1489220214697,6.46120737943706,4.93574032126577,-10.6372620892248
Kenya,Kisumu,moderate,21787905.65,80.0585989319263,84.2590210133391,4.20042208141287,9.00931507282272,-9.86146481239248,-10.8469088041804
Kenya,Kitui,moderate,12551072.46,99.9999883675279,99.9999883675279,0,3.04614767854629,-17.3581515171316,-13.1232401934736
Kenya,Kwale,moderate,17783927.47,99.6000294641328,99.6000294641328,0,3.43786325885744,-11.4333934329952,-12.9902667953754
Kenya,Laikipia,moderate,14338828.19,99.3088264348609,99.5713025556519,0.262476120791007,5.02369017136224,14.4647670069744,-11.3457849165402
Kenya,Machakos,moderate,31301969.48,100,100,0,3.87635229975783,-15.8969154437468,-11.3914723172445
Kenya,Makueni,moderate,24701230.88,100,100,0,3.1751805994903,-16.9728323528605,-12.1002366400403
Kenya,Mandera,moderate,307772.3,99.9995776098109,99.9995776098109,0,1.4598645591055,-0.796257535793141,-9.77682162115887
Kenya,Marsabit,moderate,203146.71,99.9868518668109,99.9868518668109,0,2.1747049096786,-9.87293699331377,-14.4732087999037
Kenya,Meru,moderate,658616.22,98.6453081887355,98.481479851802,-0.163828336933449,3.01500217245671,-18.2612703343235,-15.8054559163475
Kenya,Migori,moderate,41451645.47,83.3057737719766,80.9015676452952,-2.40420612668142,5.53749203454571,-3.29497250648006,-12.1257438411308
Kenya,Nairobi,moderate,1403494.14,100,100,0,3.76958808998791,-14.6655950964871,-11.4391296159114
Kenya,Nakuru,moderate,56054920.37,89.6524188568747,91.7956704966416,2.1432516397668,6.72437679496113,6.78619754673901,-11.3426333706794
Kenya,Nandi,moderate,9319110.82,60.2197581764566,72.7508356854158,12.5310775089592,10.0773750033206,-8.09120332796826,-9.93159975937479
Kenya,Narok,moderate,82825895.69,94.8716851721136,95.7832841276214,0.91159895550777,9.87581104053013,-9.45699645229444,-10.6886726469929
Kenya,Nyamira,moderate,20553445.53,45.4448622074899,62.8696584285058,17.4247962210159,9.00931507282272,-9.86146481239248,-10.8469088041804
Kenya,Samburu,moderate,2751024.33,99.9999880044681,99.960075598459,-0.0399124060091509,2.55741950158822,24.0774018137781,-13.569848217269
Kenya,Siaya,moderate,29728362.56,71.9140987225635,76.2220285569607,4.30792983439719,7.76490991623861,-12.4592372852647,-12.0366117038553
Kenya,Taita Taveta,moderate,4623199.65,99.4435963845948,99.4435963845948,0,3.81188568824589,-2.14991187125857,-13.3757785126186
Kenya,Tana River,moderate,2796354.31,90.1037823064703,90.1037823064703,0,1.85710932623637,-0.390725276438874,-14.0028777980768
Kenya,Tharaka-Nithi,moderate,9922707.06,99.9999893174313,99.9999893174313,0,2.7573446657375,-17.8026452592639,-16.5404519889453
Kenya,Trans Nzoia,moderate,131048759,74.3715405958175,81.1585686210123,6.78702802519482,8.15041100387701,7.17733777917304,-6.98154126116976
Kenya,Turkana,moderate,1107589.88,99.9641672421204,99.9641672421204,0,1.30157549423377,-4.17059643252252,-15.194980848113
Kenya,Uasin Gishu,moderate,131926855.73,85.7121413030739,86.3017073892935,0.589566086219648,8.59582568727782,4.49000911094636,-7.32061552740058
Kenya,Vihiga,moderate,12534466.16,53.0737321803899,74.8382729687788,21.7645407883889,9.00931507282272,-9.86146481239248,-10.8469088041804
Kenya,West Pokot,moderate,27124996.04,93.5224173400469,94.7854737456397,1.26305640559275,5.70462380908431,2.48053719735229,-10.271127921466
Lesotho,Berea,moderate,4144810.78,99.9999811812881,99.9988713598163,-0.00110982147175775,7.75454735830771,-11.1856470813054,-9.46491453491238
Lesotho,Butha-Buthe,moderate,1141313.42,99.9257504568728,99.8659947413919,-0.0597557154808612,10.4318919247137,-14.9201922466646,-8.80180880958625
Lesotho,Leribe,moderate,3251519.76,100,99.9995768132746,-0.000423186725456048,8.70775171341472,-12.8817240151896,-8.97914254247769
Lesotho,Mafeteng,moderate,2915414.59,100,100,0,7.25434394694889,-10.0651656355722,-9.36501444099648
Lesotho,Maseru,moderate,1929529.15,99.9999922260827,99.9999922260827,0,7.74741096720981,-8.84952738722144,-8.10484501640969
Lesotho,Quthing,moderate,521747.33,99.999936750994,99.9987867690669,-0.00114998192707105,7.67176648285764,-9.93998353135714,-5.38139261813294
Lesotho,Thaba-Tseka,moderate,453976.79,100,100,0,10.662606172132,3.88905665535985,9.98299027723151
Liberia,Grand Gedeh,moderate,164750.09,92.8381890413535,93.0057155052237,0.167526463870217,7.09089999120069,-15.3258157100174,-14.1614033044369
Liberia,Nimba,moderate,561729.34,95.2280683789813,98.1698766170911,2.94180823810983,6.55763143976142,-14.9891906243131,-11.2274065417551
Mali,Kayes,moderate,24032080.83,99.7759210682548,99.7759210682548,0,5.53551400061168,-22.4216238657073,-14.1276293429763
Mali,Koulikoro,moderate,110041875.61,99.5469955348937,99.5469955348937,0,5.76141421927354,-19.8959351062327,-13.8289954001343
Mali,Mopti,moderate,689609.76,93.1651547391093,93.1651547391093,0,4.82985855121556,-11.9056431147093,-11.4374331836529
Mali,Sikasso,moderate,241755107.95,99.58430249581,99.58430249581,0,7.36984368637636,-23.0365622332483,-15.036443787048
Mali,Ségou,moderate,24469583.31,99.1933033452215,99.1933033452215,0,5.59024255563709,-20.0696401720153,-13.2081440147771
Mauritania,Assaba,moderate,484858.11,100,100,0,2.93770603851128,-0.57223519969196,-15.5614341864926
Mauritania,Brakna,moderate,328030.92,99.9994146893226,99.9994146893226,0,1.65197424547275,23.6691742448478,-2.92013003644509
Mauritania,Gorgol,moderate,741406.24,98.3352932125308,98.3352932125308,0,2.56650134732719,-0.108301141641875,-14.0130716542783
Mauritania,Guidimakha,moderate,371843.55,99.0736561115555,99.0736561115555,0,2.44164682873541,4.29133819120791,-13.4956281444329
Mauritania,Hodh El Gharbi,moderate,198085.56,99.9976979644554,99.9976979644554,0,2.48497994326275,5.49319478640929,-13.7599123801097
Mauritania,Trarza,moderate,199429.83,96.9102766622225,96.9102766622225,0,1.71056034424124,21.9500209715457,-2.84045518629739
Mozambique,Cabo Delgado,moderate,23753762.36,98.9869842244225,98.9869842244225,0,7.57948416631707,-22.583680754412,-13.7482623983514
Mozambique,Gaza,moderate,14983993.21,97.6341272647974,97.6341272647974,0,3.64399018034254,-11.2698619936797,-14.1295294917543
Mozambique,Inhambane,moderate,3804757.41,93.6463909797603,93.6463909797603,0,4.965372446609,-16.4917488737104,-14.5637629761761
Mozambique,Manica,moderate,44508520.5,99.362777066472,99.362777066472,0,5.72831360854306,-17.143218505975,-13.6658522798413
Mozambique,Maputo,moderate,4660118.9,94.7626035893633,94.7626035893633,0,4.48686484408972,-11.5100831196709,-12.9568512786851
Mozambique,Nampula,moderate,37434458.1,97.1137979422227,97.1137979422227,0,6.34361553239799,-23.4022261865732,-14.8018950805566
Mozambique,Niassa,moderate,31799701.31,99.5018213899066,99.5018213899066,0,9.07579793689564,-15.527123835611,-10.1716564424404
Mozambique,Sofala,moderate,46383401.31,98.7823848746551,98.7823848746551,0,4.48185086088626,-20.2677173127713,-15.7851727182533
Mozambique,Tete,moderate,108646413.41,99.3566557900423,99.3566557900423,0,7.74997365655497,-16.7340858249078,-12.6802570157297
Namibia,Kavango East,moderate,1577641.9,99.5071822065578,99.5071822065578,0,6.23515323302004,-33.362150233042,-17.8994217474435
Namibia,Kavango West,moderate,2642761.96,100,100,0,6.35141919942565,-34.5151062281094,-18.0202268745962
Namibia,Ohangwena,moderate,475035.14,100,100,0,6.24987691600239,-30.2995043546228,-16.7495345577689
Namibia,Omusati,moderate,1794902.32,99.2077385024495,99.2077385024495,0,4.99171211532898,-27.6419539898267,-17.7286479195939
Namibia,Oshana,moderate,168649.36,100,100,0,4.25164521807487,-34.0574027789831,-20.3690588758673
Namibia,Oshikoto,moderate,1293551.33,99.9002490299322,99.9002490299322,0,4.83417957472529,-33.4903508265882,-19.8683676727442
Namibia,Zambezi,moderate,13134828.39,99.6286560543331,99.6286560543331,0,6.17666347147057,-27.6937762375729,-17.8462002637393
Niger,Maradi,moderate,3144316.64,99.9999160389903,99.9999160389903,0,4.0559124514206,8.7014626901982,-6.74641010651815
Nigeria,Abia,moderate,4397980.03,100,100,0,7.57157882884695,-16.6866922852764,-16.2908143561667
Nigeria,Adamawa,moderate,113712459.27,98.0062868356255,98.0540942617853,0.0478074261598067,7.67196181471631,-18.574419547047,-14.6824314484435
Nigeria,Anambra,moderate,4075808.17,99.9998240839681,99.9998240839681,0,7.58400575440379,-16.3218104058956,-15.800973769666
Nigeria,Bauchi,moderate,161267170.51,99.9491362626748,99.9420815100156,-0.00705475265921507,7.16972156136452,-14.4385662689199,-11.9143440487809
Nigeria,Bayelsa,moderate,32768221.79,67.5235175768749,67.5235175768749,0,6.68349078639338,-14.5548388434329,-12.7243855323158
Nigeria,Benue,moderate,104184650.49,94.2374846373591,98.2952004142199,4.05771577686079,7.74909092940864,-15.6431487853301,-15.3789337930373
Nigeria,Borno,moderate,158680663.5,99.930886664083,99.930886664083,0,4.81256900517725,-6.96584729615869,-9.88960734798824
Nigeria,Cross River,moderate,131567732.57,94.6326371732196,94.6842524125139,0.051615239294236,7.56790828705724,-16.2874248469301,-15.8864099869377
Nigeria,Delta,moderate,106294910.25,99.9747934779408,99.9857798929747,0.0109864150339121,7.27573158962905,-16.3010791617528,-14.9838628737153
Nigeria,Ebonyi,moderate,4379337.96,99.3992708432121,99.7080846439173,0.308813800705167,7.59635305505194,-16.2799427878469,-15.6607895836296
Nigeria,Edo,moderate,49957108.11,97.6804800080731,99.6535585894626,1.97307858138949,7.71152809457249,-17.0951428296068,-16.5901665335385
Nigeria,Ekiti,moderate,558449.77,86.3998923305135,97.4232651219464,11.023372791433,8.64928116453758,-16.6072417105308,-17.780241668469
Nigeria,Enugu,moderate,41547448.78,98.8308408957379,99.4326612417332,0.601820345995265,7.67693098629247,-16.2779755438941,-15.6852291892373
Nigeria,Federal Capital Territory,moderate,8273277.03,96.2088054242274,99.660774927538,3.45196950331058,7.93576328963249,-16.7782593760031,-16.7028579947827
Nigeria,Gombe,moderate,146862752.15,99.9976439567219,99.9976419139984,-0.00000204272353698798,7.6581383299049,-17.8888324460305,-13.945331921369
Nigeria,Jigawa,moderate,94084206.08,99.725899711817,99.725899711817,0,5.11834896950703,-2.43998352736753,-8.11412293919174
Nigeria,Kaduna,moderate,246502195.83,99.9484427189088,99.9462569371628,-0.00218578174603579,8.85115482499161,-16.4106042467936,-16.8323125258307
Nigeria,Kano,moderate,290056870.65,98.2509289855362,98.2509289855362,0,7.44072441825636,-15.6408090494319,-12.0966588000457
Nigeria,Katsina,moderate,101410668.04,99.8568592014967,99.8568592014967,0,7.21981644098396,-12.8666031209475,-11.3488607424169
Nigeria,Kebbi,moderate,93607935.11,98.7238409771605,98.7238409771605,0,5.45983635911823,-13.8926534739488,-11.5753105543291
Nigeria,Kogi,moderate,101767764.44,89.7774825876877,96.49056313691,6.71308054922228,7.79892473686083,-16.5705520699813,-15.6748361364721
Nigeria,Kwara,moderate,87920252.19,95.5723816833606,98.9031683076659,3.33078662430529,8.18294402541779,-16.4195588761489,-16.693480274575
Nigeria,Lagos,moderate,58739838.69,66.3024769365433,66.9727545688635,0.670277632320136,6.09006023977713,-8.98992641876064,-16.8514669182657
Nigeria,Niger,moderate,191276137.76,98.8644998872127,98.9180826295246,0.0535827423118462,7.53045887597851,-16.6177946884782,-15.3300853995353
Nigeria,Ogun,moderate,84444214.83,90.1269650658909,97.4532893291395,7.32632426324852,6.882398287571,-14.0352437295601,-17.1846084484284
Nigeria,Ondo,moderate,90557548.79,86.1130751019304,87.7040501440454,1.59097504211498,7.99606675217976,-17.0107051702933,-17.9762391991951
Nigeria,Osun,moderate,736869.62,76.2347889983577,93.2491965132176,17.01440751486,8.25928264112487,-15.9532942350893,-17.8365519469493
Nigeria,Oyo,moderate,80089964.04,73.4210742941919,89.8689291008452,16.4478548066533,8.07888874786575,-15.8338467632316,-18.6973790680085
Nigeria,Plateau,moderate,166017987.01,99.8603958437431,99.6843034785331,-0.176092365210039,9.22131850087472,-16.2505520475362,-14.8003056521156
Nigeria,Rivers,moderate,47497512.9,53.9558356538706,53.9558356538706,0,7.20319336088207,-16.5144626258464,-15.0849531737632
Nigeria,Sokoto,moderate,89478378.95,99.7800452441031,99.7800452441031,0,4.24005596196163,-1.51127660124721,-8.67385040335035
Nigeria,Taraba,moderate,167496340.94,99.0503918288163,99.2169596466171,0.166567817800825,7.8949537894339,-17.2131567207446,-14.601484738226
Nigeria,Yobe,moderate,79900117.84,99.9266023110036,99.9266023110036,0,4.92168502412066,-3.04445398946245,-8.53066019440116
Nigeria,Zamfara,moderate,63433705.72,99.9118091567172,99.9108490992949,-0.000960057422290106,6.76893667298979,-15.7198058045237,-12.5809072895179
Senegal,Diourbel,moderate,243906.6,100,100,0,3.58846356067624,-14.7873622720028,-13.8743520996751
Senegal,Fatick,moderate,9487774.96,96.1855865940564,96.1855865940564,0,4.6350809835861,-19.779121370042,-12.8293314107546
Senegal,Kaffrine,moderate,13186173.12,100,100,0,4.68737979278228,-23.2742528947216,-13.7220360623807
Senegal,Kaolack,moderate,11056023.83,96.6312949779523,96.6312949779523,0,5.0830918667761,-22.0544947955182,-12.6888259248482
Senegal,Kolda,moderate,10975030.98,100,100,0,6.15837087480002,-24.5627754189222,-12.6872905064266
Senegal,Louga,moderate,918420.85,99.6829503598487,99.6829503598487,0,2.98503360997124,-7.58329444766492,-13.1248677246879
Senegal,Matam,moderate,397215.52,97.805342550563,97.805342550563,0,3.24164997051253,-10.4071379358375,-13.9504004923424
Senegal,Saint Louis,moderate,2103964.14,97.7472458252069,97.7472458252069,0,2.10551469675962,8.9400013204448,-8.17875969833315
Senegal,Tambacounda,moderate,12765565.13,99.6857081563454,99.6857081563454,0,4.72135002672376,-21.3932042244888,-13.2489467384812
Senegal,Ziguinchor,moderate,1381009.57,78.128205874779,78.128205874779,0,6.49419951106634,-19.2362220635149,-10.902986279751
Sierra Leone,Eastern,moderate,3856752.6,99.8653634148065,99.8694860541482,0.00412263934170198,6.32684740652333,-16.6427380532002,-10.2605889958179
Sierra Leone,Northern,moderate,6156484.92,99.9999038412328,99.9999038412328,0,6.24815405156622,-15.7905004787434,-10.1439281329624
Sierra Leone,Southern,moderate,9455615.77,87.4581011026001,87.4581011026001,0,6.28075372504505,-15.4255145751901,-10.3128697539264
Sierra Leone,Western,moderate,513625.47,62.922892044275,62.922892044275,0,5.98965532070712,-13.7095021075297,-8.68499241626969
Somalia,Awdal,moderate,223066.23,99.7111933975842,99.7111933975842,0,3.55033921052605,4.26729987615892,-13.9519711687959
Somalia,Bay,moderate,773522.06,99.9962431582106,99.9962431582106,0,2.31670166566182,-9.06978378346539,-13.4423015328539
Somalia,Gedo,moderate,1196710.73,99.8374937274942,99.8374937274942,0,1.72066195985488,-1.76674445346159,-12.0402161622151
Somalia,Hiraan,moderate,301379.93,100,100,0,2.29932263814007,-13.5473885955487,-14.8079970934993
Somalia,Lower Juba,moderate,1026879.53,95.2827446078314,95.2827446078314,0,2.04127862353551,-1.65513014137776,-14.718104268189
Somalia,Lower Shabelle,moderate,12216213.79,96.3039138168194,96.3039138168194,0,2.39842344144624,-12.1824863669714,-13.2058814882635
Somalia,Middle Juba,moderate,873493.18,96.6568508296768,96.6568508296768,0,2.06024507449916,-3.78629506110239,-14.1959271564061
Somalia,Middle Shabelle,moderate,3580235.58,99.9511043348717,99.9511043348717,0,2.48172311718007,-14.0460961125945,-13.529853308409
Somalia,Woqooyi Galbeed,moderate,1600881.8,99.9997001652464,99.9997001652464,0,5.11274159125663,6.85740894389905,-13.3672971133123
South Africa,Eastern Cape,moderate,44144890.67,99.5317449723792,99.4624051245838,-0.069339847795348,8.27809173516591,-4.65045690893654,-9.31776444151527
South Africa,Free State,moderate,891027742.37,99.2491526299501,99.2488547716598,-0.000297858290352337,5.9902159966375,-5.01660555832312,-11.9702039324265
South Africa,Gauteng,moderate,79946898.57,99.6146072261575,99.6146072261575,0,7.26032782408155,-0.764102492388961,-11.9163960607554
South Africa,Limpopo,moderate,19665713.23,99.9863557961584,99.9863608811507,0.00000508499228146775,5.41349338242855,-1.14085553755229,-12.7258860257559
South Africa,Mpumalanga,moderate,462109846.01,99.1565087730428,99.1556037934073,-0.000904979635492964,8.51202717728483,-5.57169492416412,-11.5758568921421
South Africa,North West,moderate,315965308.08,99.6092770160427,99.6092770160427,0,5.05696696937882,-5.34430792507141,-13.590357324766
South Africa,Western Cape,moderate,575943.71,98.8976856783452,98.8976856783452,0,2.36419690539503,-7.50044339907176,-9.63294618401855
South Sudan,Central Equatoria,moderate,8049469.22,72.8137947957766,78.8104262109347,5.99663141515808,7.27711983308394,-16.5084483873053,-13.6987220278413
South Sudan,Eastern Equatoria,moderate,9283069.16,90.6747095698682,92.3045369189084,1.62982734904024,5.52925710629014,-13.7149722451349,-13.8945791397856
South Sudan,Jonglei,moderate,1475820.12,97.9900585716368,97.9903296073779,0.000271035741135961,4.8176356069232,-11.6307934151781,-12.6923575887903
South Sudan,Lakes,moderate,2565192.33,99.9999871354675,99.9999871354675,0,5.59196948675896,-14.1125806460591,-13.9726931568678
South Sudan,Unity,moderate,754149.6,99.5774578412559,99.5774578412559,0,4.99986810130642,-14.4400266295393,-12.841898614756
South Sudan,Upper Nile,moderate,1807838.27,99.763459482468,99.8001331169962,0.0366736345281566,4.19616869859448,-7.61748101280087,-12.0833952249549
South Sudan,Warrap,moderate,1878124.41,99.9997119466649,99.9997119466649,0,5.32162598120054,-16.5932566315687,-13.6693114639943
South Sudan,Western Equatoria,moderate,17318728.42,30.9516372680668,77.8424816941612,46.8908444260944,8.21480547506159,-17.1829209595738,-13.6681159681849
Sudan,Central Darfur,moderate,149817.04,99.9999733007674,99.9999733007674,0,5.72043151936958,-13.5644301183358,-12.8595388423019
Sudan,Gedaref,moderate,234979.88,100,100,0,5.45481821123555,-19.0267494337556,-12.6946115863762
Sudan,West Darfur,moderate,1130486.71,100,100,0,5.38898684325692,-6.68394718989557,-10.1366961326603
Togo,Centrale,moderate,35454158.49,97.1428415363864,99.6378154341578,2.49497389777139,8.50652692909759,-18.596716772997,-18.8718423259056
Togo,Kara,moderate,18484991.23,99.4064794046429,99.8540695547844,0.447590150141494,8.0160197903965,-17.7920976545493,-16.7215383186394
Togo,Maritime,moderate,35576318.2,94.9639471124362,97.5289820743733,2.56503496193713,6.74180882148507,-21.8990341962966,-17.0449029978012
Togo,Plateaux,moderate,99279025.78,87.5049672551289,94.919531350784,7.41456409565505,7.80375922628581,-20.0236894953842,-18.0831488501284
Togo,Savanes,moderate,24560573.35,100,100,0,7.05379935037974,-19.115610628698,-15.0746954730125
Uganda,Central,moderate,213030782.42,72.5477680945186,62.4425017309196,-10.105266363599,8.30600672399275,-11.349111679811,-12.3479771494271
Uganda,Eastern,moderate,125416682.95,65.5466729516147,71.21257068775,5.66589773613528,8.49167724360211,-14.1639479944671,-12.5048524430044
Uganda,Northern,moderate,88885770.38,76.566257691246,78.4601963867234,1.89393869547739,7.55751674157658,-10.8481517788032,-13.3051355218332
Uganda,Western,moderate,190462224.67,73.1850345870477,59.2378085447048,-13.947226042343,8.17991655970495,-8.67022400459449,-12.7950716539784
Zambia,Central,moderate,88698458.98,99.9170944108323,99.9170944108323,0,9.86304822372935,-12.5549365448181,-11.1751923052897
Zambia,Copperbelt,moderate,29989737.33,99.9999955651496,99.9999955651496,0,10.5101113869681,-12.5773537355833,-11.6018279934616
Zambia,Eastern,moderate,81581034.33,99.9976926867679,99.9976926867679,0,9.85464734963386,-13.3555349208023,-10.2229907893195
Zambia,Luapula,moderate,17888774.45,93.8216033016169,93.8255778612045,0.00397455958756154,10.3833274820115,-12.580944955296,-12.6284636902383
Zambia,Lusaka,moderate,18329182.19,99.8409247630486,99.8409247630486,0,9.32047262058698,-13.7168876738478,-11.0882935316811
Zambia,North-Western,moderate,25452961.28,99.8975864548206,99.8987218826272,0.00113542780668752,10.2532100299575,-13.8366679077867,-11.9972800869233
Zambia,Northern,moderate,38763463.78,98.4028187379905,98.4028187379905,0,11.4451275227779,-14.5850330357474,-12.8299354363901
Zambia,Southern,moderate,58698054.74,99.5764838526572,99.5764838526572,0,8.46962935892506,-19.5449040560323,-13.236161888472
Zambia,Western,moderate,14401980.26,99.7087604673609,99.7087604673609,0,8.37811852280324,-24.4168251546684,-15.0182556690557
Zimbabwe,Harare,moderate,308313.2,100,100,0,10.0807030816549,-12.216110435003,-11.5097268935706
Zimbabwe,Manicaland,moderate,26670010.36,99.8603286631794,99.8603286631794,0,6.95312917521493,-7.91782019270819,-11.9808182487998
Zimbabwe,Mashonaland Central,moderate,44070878.36,99.2858586628815,99.2858586628815,0,7.90571212189949,-14.7811609730099,-12.4054366747781
Zimbabwe,Mashonaland East,moderate,38750332.27,100,100,0,9.69052535606662,-12.7943206234835,-11.5270140630142
Zimbabwe,Mashonaland West,moderate,59093282.26,99.3757458616414,99.3757458616414,0,8.99235558668908,-13.3908018158849,-11.511992948963
Zimbabwe,Masvingo,moderate,14298167.78,99.2197267390018,99.2197267390018,0,5.28410277755319,-10.0107086282511,-12.3988325702815
Zimbabwe,Midlands,moderate,32077674.12,99.8024510138642,99.8024510138642,0,7.84649664722684,-11.0634136533973,-11.8927625628805
Angola,Bengo,severe,2059561.86,87.7933328984836,84.3733336565089,-3.41999924197469,6.8807547963163,-9.57699301697043,-12.0166113878699
Angola,Benguela,severe,56688601.81,46.0220946839401,48.5542562722804,2.53216158834029,8.6384101869653,-11.8465998596671,-11.6550901400813
Angola,Bié,severe,110304020.24,2.8284707966325,4.93522265839039,2.10675186175789,12.8642194840333,-11.0280758023755,-11.8758808537893
Angola,Cabinda,severe,1521047.87,19.1046584220916,21.0703427762599,1.96568435416829,6.00976371628153,-10.2906761934207,-13.6638462104189
Angola,Cuando Cubango,severe,13007339.26,78.2457257134692,87.0778164050132,8.83209069154394,9.36364508249391,-19.6249699393988,-13.7338138803382
Angola,Cuanza Norte,severe,3872931.93,32.2225905994687,32.4427597156349,0.220169116166211,7.47722513176634,-6.00126589179943,-11.226489813381
Angola,Cuanza Sul,severe,116009662.76,21.2472214930866,21.3370252193637,0.0898037262771183,11.1142107908446,-9.64654030402899,-11.0174103535433
Angola,Cunene,severe,1005926.13,98.7918466736718,99.5742102852026,0.782363611530798,5.99161570352971,-27.6889708749242,-16.1369773355582
Angola,Huambo,severe,179242574.38,4.32828195356787,7.09939702886787,2.7711150753,13.2914362036641,-12.5083259542426,-12.1203163068717
Angola,Huíla,severe,52822104.84,63.5470417198922,71.2431909216589,7.69614920176665,10.7234636638666,-15.8994653725012,-11.8866383969851
Angola,Luanda,severe,4005576.71,88.9553554449342,86.9494020999538,-2.00595334498038,2.29462671184261,6.03124699128433,-12.6335037340763
Angola,Lunda Norte,severe,5459858.79,0.248193232118371,1.86589074769826,1.61769751557989,9.59493168442222,-11.6741752633888,-12.258220316976
Angola,Lunda Sul,severe,8911464.04,3.41272768015344,2.75189350368517,-0.66083417646827,9.89835715386608,-12.2136674409436,-12.8441298792109
Angola,Malanje,severe,25012185.74,9.01597734576874,11.3966329437629,2.38065559799413,9.42695592131008,-8.50381969700517,-10.5607777828368
Angola,Moxico,severe,13409451.62,11.0435388557672,18.3933397867019,7.34980093093471,9.56521775614008,-14.1673987024081,-12.4576404166303
Angola,Namibe,severe,4245194.71,97.4630442804825,97.2446326260498,-0.2184116544327,6.88562440445712,-17.9448673314216,-12.5676535346699
Angola,Uíge,severe,11512517.92,0.776372298580535,0.791703436497235,0.0153311379166999,9.8593105282549,-8.85712958017883,-11.0325371602026
Angola,Zaire,severe,2633355.13,22.1622216218137,24.1006232987649,1.93840167695118,7.70290173489492,-10.7921758854859,-11.8907566436391
Benin,Alibori,severe,62770402.82,95.3650610967992,94.6260663171573,-0.738994779641914,6.64460494847343,-20.9939488201042,-14.3814338479608
Benin,Atlantique,severe,26821227.62,5.51100427221981,3.43833628000059,-2.07266799221922,7.19625056014884,-21.7327772191145,-17.0434706548525
Benin,Borgou,severe,55548025.48,24.6482388558161,67.0589398599088,42.4107010040927,8.38509163802496,-19.1089146025158,-16.9799401660402
Benin,Collines,severe,27942571.04,1.78037303470697,20.5229539965768,18.7425809618699,8.01259561755781,-19.5013337581258,-18.5606991150744
Benin,Couffo,severe,25956634.48,0.651856465176066,1.58950498886094,0.937648523684878,7.21925969842745,-21.9563742446417,-17.0475686845507
Benin,Donga,severe,14595412.79,6.14695872537909,39.4833779826244,33.3364192572453,8.67985818922519,-18.6967312369674,-17.6526540308334
Benin,Mono,severe,12577620.2,9.1014594318884,6.96083190681811,-2.14062752507028,7.21925969842745,-21.9563742446417,-17.0475686845507
Benin,Oueme,severe,13144815.43,3.72303439790482,2.53412458907382,-1.18890980883099,6.32618277710365,-12.0840576290687,-16.8916432747134
Benin,Plateau,severe,49063430.51,0.454715452386739,2.73041853387516,2.27570308148842,7.21033204275435,-21.7522037879647,-17.0437806999108
Benin,Zou,severe,18158588.64,1.72874118260768,4.70904989893532,2.98030871632764,7.21925969842745,-21.9563742446417,-17.0475686845507
Botswana,Central,severe,189736.82,100,100,0,4.98867517669558,-11.4042730882295,-15.113142932764
Botswana,Chobe,severe,200919.46,82.7739632587107,82.7739632587107,0,6.48272068284152,-27.5227797346103,-17.42304267315
Botswana,Gaborone,severe,133552.81,99.9993934983472,99.9993934983472,0,4.13531769169053,-15.7875618461384,-15.8958833085075
Botswana,Kweneng,severe,188341.31,100,100,0,4.15925236306059,-13.3242331858067,-17.0111088583296
Botswana,North East,severe,178667.75,100,100,0,5.27072926308317,-11.2243904155488,-14.241709707424
Botswana,North West,severe,344563.04,99.9999883910938,99.9999883910938,0,5.14808820009415,-29.898807610761,-18.6694380386668
Botswana,South East,severe,332802.44,99.9995673108647,99.9995673108647,0,4.53620192038707,-10.5911161262693,-15.2989863688843
Botswana,Southern,severe,429026.28,100,100,0,5.06111443857143,-10.2748669863228,-15.4956411050855
Burkina Faso,Cascades,severe,40292042.43,51.043284876239,63.6709619388734,12.6276770626343,8.14354852958842,-18.6279197847118,-14.7366667619407
Burkina Faso,Centre,severe,4045026.92,100,100,0,5.7020315843263,-14.2807702465012,-11.5400542380903
Burkina Faso,Centre-Est,severe,28226953.54,99.7082769138253,98.6609021073976,-1.04737480642765,6.39045191243067,-20.7264595495551,-13.5412021986854
Burkina Faso,Centre-Nord,severe,3224477.43,99.7069779458807,99.7069779458807,0,5.10762109140251,-8.72081611748895,-10.2055558262057
Burkina Faso,Centre-Ouest,severe,39914223.76,97.9584652205698,98.47912171949,0.520656498920218,7.14590411693948,-21.3568567101328,-15.3050967092219
Burkina Faso,Centre-Sud,severe,22386937.85,98.1465448612035,97.7006732521929,-0.445871609010609,6.42021157475842,-20.6123997457435,-14.0264285375677
Burkina Faso,Est,severe,23553630.96,97.9269864555949,97.7411042870479,-0.185882168546982,5.77489032065419,-15.9920558256258,-12.0867413023662
Burkina Faso,Hauts-Bassins,severe,103393102.04,89.9626495044272,91.7498818860276,1.78723238160038,7.5277458832614,-19.5943773181117,-14.5938838695752
Burkina Faso,Nord,severe,2877754.28,99.5519325576331,99.5519325576331,0,5.45804365106085,-10.1811011849766,-10.6875866048478
Burkina Faso,Plateau-Central,severe,9596423.17,99.5603969390191,99.5603969390191,0,5.558132819469,-13.2474891172056,-11.2668205216434
Burkina Faso,Sahel,severe,1030277.48,99.7390528229347,99.7390528229347,0,3.53179386637443,9.16053792086606,-7.80935614637967
Burkina Faso,Sud-Ouest,severe,27528809.03,66.4182020372714,73.1091562227311,6.69095418545973,7.46826797564226,-18.7409515129201,-14.3728143423125
Burundi,Bubanza,severe,1215020.97,31.0207814767181,27.477879661616,-3.54290181510201,8.21335790531359,-14.9221253339117,-13.5401976857124
Burundi,Bururi,severe,11124298.76,0.634880467737456,1.98067316199983,1.34579269426238,8.48923029447813,-12.0537418428913,-15.3720025632437
Burundi,Cankuzo,severe,3987600.64,15.6282952146381,10.3667602982429,-5.26153491639524,6.32968494092526,-9.74886929562584,-15.4419967500324
Burundi,Cibitoke,severe,1537080.32,5.42274850022151,4.86649910396355,-0.556249396257965,9.00732824246068,-14.8216496879007,-14.1684646033357
Burundi,Gitega,severe,5355146.91,1.43407830430557,1.428588258842,-0.00549004546357068,7.47911204210178,-9.92136372956616,-15.2286221656668
Burundi,Karuzi,severe,4549951.03,3.95252605608812,2.74132620719656,-1.21119984889156,6.54709157852637,-8.44067540640374,-15.636853446349
Burundi,Kirundo,severe,3468881.36,30.0258755462309,17.738312041897,-12.2875635043339,10.1316501100024,-20.7414035168311,-17.7258559902487
Burundi,Makamba,severe,6414416.97,2.20023114587139,2.21418408975056,0.0139529438791688,7.94142311605941,-9.89488687120675,-14.8439589433119
Burundi,Muramvya,severe,1838933.29,1.23615142124052,1.41690838605679,0.180756964816271,13.5378227548039,-20.8442117055965,-16.3721445979579
Burundi,Muyinga,severe,1898772.97,22.1375597104692,13.8855989718455,-8.25196073862374,6.34374761547626,-10.6178038599345,-15.7764209662705
Burundi,Mwaro,severe,2560283.48,1.09815964597795,1.04996185812987,-0.0481977878480862,13.6041414377021,-20.8457024596142,-16.3494521112516
Burundi,Ngozi,severe,2263079.38,1.18727607336513,0.954495904602339,-0.232780168762795,7.56439693889602,-12.5129733899626,-14.6571181681605
Burundi,Rumonge,severe,4188568.89,0,0.874642412769293,0.874642412769293,8.29451640092315,-11.2120818211434,-15.1931902849993
Burundi,Rutana,severe,6128436.34,2.14044811306631,2.71278007596959,0.572331962903281,6.92145101652985,-6.56833516357046,-14.0208829338468
Burundi,Ruyigi,severe,3434331.46,3.18504492865694,2.1991470794144,-0.985897849242543,6.3734890759692,-4.73508657045659,-13.8683848079195
Cameroon,Adamaoua,severe,64732379.25,37.4740729153718,50.7459379380065,13.2718650226347,11.2647689240128,-14.7134978144533,-14.9226520924907
Cameroon,Est,severe,25838023.57,0.981766269052134,4.64191851497719,3.66015224592505,9.42764500935113,-13.6427262134024,-13.4720379088692
Cameroon,Extrême-Nord,severe,96412073.51,98.2522567468428,96.9535687771559,-1.29868796968684,5.08741877277234,-11.2289189624521,-11.8702073025272
Cameroon,Nord,severe,151090888.77,60.0513603028162,67.3726151382676,7.32125483545133,7.3019658507667,-19.3692471228058,-14.8401281261529
Cameroon,Nord-Ouest,severe,78016936.16,96.7196441106692,95.8102569507518,-0.909387159917415,12.3479668608552,-13.6923752105765,-14.4335629655431
Cameroon,Ouest,severe,114822613.8,69.3236056606822,65.0866632684162,-4.23694239226595,10.6081174950751,-13.1508248449773,-12.9241510922878
Cameroon,Sud,severe,36745050.25,57.8862128512125,55.568659890457,-2.31755296075558,9.99316364785824,-16.7531132025306,-14.3258302446806
Cameroon,Sud-Ouest,severe,72181908.8,86.5877642182829,86.9644056849879,0.37664146670501,7.93092122314986,-16.2346624155386,-18.2537259292624
Chad,Barh-El-Gazel,severe,272333.25,100,100,0,2.65283300124089,27.2990844042048,-4.97549735793049
Chad,Chari-Baguirmi,severe,19378412.49,98.8181823969421,98.8181823969421,0,4.23716526576365,-4.3481511280734,-9.21012290859552
Chad,Guéra,severe,851496.93,99.9977768563417,99.9977768563417,0,4.28279825835736,-6.21027812228163,-9.52164389963121
Chad,Hadjer-Lamis,severe,2679749.42,100,100,0,2.49522436376498,30.5307977678096,-5.73621057824696
Chad,Lac,severe,2559322.01,99.9999996092715,99.9999996092715,0,1.95883735549848,45.7492083754348,-5.15246391955667
Chad,Logone Occidental,severe,4761500.91,60.1756054269031,74.399964779173,14.2243593522699,7.36742174146509,-18.8984541368383,-15.7766625929948
Chad,Logone Oriental,severe,6791236.68,65.1890695112691,71.0791160351667,5.89004652389762,7.40420854017604,-18.7666549316128,-15.5027589067939
Chad,Mandoul,severe,2162188.99,96.4463333059521,89.6203342520951,-6.82599905385699,6.42594641094928,-19.1236570354743,-14.7816827376397
Chad,Mayo-Kebbi Est,severe,11034052.27,96.1515746018847,96.0111728743877,-0.140401727496993,5.43284802430211,-15.4316014019975,-12.8601486588325
Chad,Mayo-Kebbi Ouest,severe,15786559.34,76.1564299165394,82.5700630470629,6.41363313052355,6.85767027755794,-18.76526103692,-15.2438358696174
Chad,Moyen-Chari,severe,7581169.68,99.1941127480476,98.7904547204383,-0.403658027609268,5.88148240577008,-19.586309834326,-13.828143986555
Chad,N'Djamena,severe,1568348.22,100,100,0,2.25164444797807,36.1913415351533,-5.85539574210446
Chad,Ouaddaï,severe,16749324.25,99.9999567146716,99.9999567146716,0,3.73143400581049,6.82447713241729,-7.77492778090428
Chad,Salamat,severe,17349144.51,99.9888668285696,99.9909879706224,0.00212114205278624,4.96918535504435,-17.4082216157751,-13.0934581048558
Chad,Sila,severe,18556222.08,99.7283925586646,99.7283925586646,0,5.17311977927301,-9.95748115018367,-11.262640982854
Chad,Tandjilé,severe,4453464.81,97.0853522922527,96.2813715373222,-0.80398075493045,6.20329331569885,-18.8983929616793,-14.6137513419477
Eritrea,Anseba,severe,3283616.29,99.999899805589,99.999899805589,0,4.75618553664376,-10.4515878251194,-13.8147242142047
Eritrea,Debub,severe,7668778.86,100,99.9694232935542,-0.0305767064458138,7.93599024589469,-2.5717173858951,-14.7057871215895
Eritrea,Gash Barka,severe,8866394.39,99.9999843228269,99.9219368133702,-0.0780475094566526,5.0639319140537,-11.1097894934665,-13.235247954188
Eritrea,Maekel,severe,1388280.14,99.9998458524373,99.9998458524373,0,4.19429111035445,19.5288415105182,-14.9926498135265
Eritrea,Semienawi Keih Bahri,severe,3199367.68,94.22264964557,94.22264964557,0,3.25820361159327,7.63711894377576,-12.3465555294804
Eswatini,Hhohho,severe,5619017.25,71.6082158316919,72.7149040163562,1.10668818466432,11.5918352049875,-12.0096528173023,-11.6299887096765
Eswatini,Lubombo,severe,933612.76,96.7577821022926,96.8368298650931,0.0790477628004993,4.32327451184243,-11.6335566515057,-13.2169433041814
Eswatini,Manzini,severe,6601940.6,78.7998910502164,79.1391700797793,0.339279029562917,6.79326815443154,-9.66263055983204,-12.2734517761415
Eswatini,Shiselweni,severe,4041816.19,79.7636223036654,80.0365441655574,0.272921861891987,8.28566192254335,0.155286923962956,-11.9868048823455
Ethiopia,Afar,severe,3451572.53,99.9788058922812,99.8855730260433,-0.0932328662379263,1.61077426160901,22.4691786240208,-10.8876795917305
Ethiopia,Amhara,severe,466402398.93,41.494957668313,43.8448244411134,2.3498667728004,12.2906117582918,-8.22645080504976,-10.598659654827
Ethiopia,Benishangul Gumz,severe,43315508.37,20.7840571166774,33.1231111902104,12.339054073533,11.577616399628,-13.7694424455332,-13.5995247982936
Ethiopia,Gambela,severe,2086945.19,27.4491636265733,70.5223120881292,43.0731484615559,6.5793895230497,-13.9748784306516,-12.4749162747595
Ethiopia,Harari,severe,194756.94,65.9730020403894,49.1356046156815,-16.8373974247079,7.55146890685444,-2.17069438953279,-14.2116019940858
Ethiopia,Oromia,severe,895903431.4,39.6274256305968,39.9087193405742,0.281293709977419,7.55638240682284,-6.0756735164485,-10.6970948947142
Ethiopia,Sidama,severe,26894281.44,2.30395819045166,1.65180468193985,-0.652153508511808,13.4448083415136,-6.90922097511335,-6.62319410919087
Ethiopia,Somali,severe,15791104.72,99.3291304067801,97.746809192207,-1.58232121457301,3.35671200498615,1.49433934957906,-12.7318035583454
Ethiopia,South West Ethiopia,severe,38146877.74,6.97013008016629,8.7576236848788,1.78749360471251,12.8491410068103,-14.7922931197318,-14.3047742209424
Ethiopia,Tigray,severe,39839536.45,98.4281532723506,96.0189736344184,-2.40917963793225,8.01488281412528,2.08850870810013,-14.2707757226817
Gabon,Estuaire,severe,562880.07,86.8890241574906,85.6406232325831,-1.2484009249075,4.99455208156622,-11.967381198212,-11.1680220089036
Gabon,Haut-Ogooue,severe,2241507.33,28.4389433604931,26.3244733623066,-2.11446999818644,8.47616639677164,-16.2524519095621,-15.3520855828601
Gabon,Moyen-Ogooue,severe,1413603.09,28.7722913791876,28.5952261182451,-0.17706526094252,5.04383667220803,-10.872291559191,-11.6033768791006
Gabon,Ngounie,severe,3566494.29,72.0480615153319,69.9110329992986,-2.13702851603333,6.50979674846435,-10.4334617297375,-16.4033205420037
Gabon,Nyanga,severe,391973.66,0.51202420080982,2.44404177566421,1.93201757485439,6.19324995381966,-8.83352306078924,-15.4845778687463
Gabon,Ogooue-Ivindo,severe,131352.47,0,0,0,7.7937199838012,-14.1495398348717,-15.9215229749073
Gabon,Ogooue-Maritime,severe,205648.9,76.9403580568629,76.7550908368584,-0.185267220004576,5.13039977024985,-9.02776921551864,-13.2037682318323
Gabon,Woleu-Ntem,severe,939833.93,15.4177238525534,14.2433674425864,-1.17435640996703,8.68746907851155,-14.0052597036066,-15.1128558227137
Gambia,Central River North,severe,2204443.46,99.9999791330552,99.9999791330552,0,4.66231291917049,-24.8277375414282,-14.1582388646214
Gambia,Central River South,severe,1684399.74,98.9007514332673,98.9007514332673,0,4.85928667310462,-24.5731284646036,-13.9262776596312
Gambia,Lower River,severe,1161334.1,89.8185113138416,89.8185113138416,0,5.00505996367368,-24.358228189676,-13.5223425652458
Gambia,North Bank,severe,3554737.56,92.823336302779,92.7870467039485,-0.0362895988304643,4.98045519699823,-23.0673807125514,-13.1657951692949
Gambia,Upper River,severe,4067299.8,100,100,0,5.66425144096174,-23.7023912799878,-12.9869374984012
Gambia,West Coast,severe,2503106.18,92.8429252649602,92.4383479409571,-0.404577324003085,6.49419951106634,-19.2362220635149,-10.902986279751
Ghana,Ashanti,severe,67863428.42,1.7046412580875,4.18553271788858,2.48089145980108,6.34572682139283,-21.2718433214242,-17.0230164727548
Ghana,Central,severe,56519480.18,19.0031701738839,17.1698164404455,-1.83335373343839,5.65059831768759,-21.601174755492,-16.9440635243311
Ghana,Eastern,severe,135293797.24,5.86292214559474,5.01673257640913,-0.846189569185603,5.87481298379028,-22.3916115483103,-16.1540805554506
Ghana,Greater Accra,severe,6564530.23,41.7056042713966,31.5812392869429,-10.1243649844537,5.4401225357925,-29.0367611955711,-14.5912261342326
Ghana,Northern,severe,80990565.05,36.3193206293108,71.1868388180853,34.8675181887745,7.74886331197103,-17.7937550486817,-16.1048831249765
Ghana,Upper East,severe,28129411.34,92.9050085127021,92.8814459862067,-0.0235625264954535,7.04050504581703,-17.8867962176604,-14.9890786056411
Ghana,Upper West,severe,41990434.78,68.1485989605178,81.3509795241992,13.2023805636813,7.24758671300037,-20.2088380647186,-15.15773668055
Ghana,Volta,severe,40375365.9,12.775921369421,14.2416022042787,1.46568083485777,6.10101052095976,-24.8880652590938,-16.2001850031161
Ghana,Western,severe,28331132.36,0.733338143212854,1.32254156042494,0.589203417212089,5.66066092628037,-21.5351331472011,-17.6731787022557
Guinea,Boke,severe,9392257.59,81.2005199699809,89.948597757741,8.74807778776008,7.04690719691677,-15.3363721822391,-12.8854678547114
Guinea,Faranah,severe,11417702.82,16.9663900921184,50.2914911215039,33.3251010293855,8.3350133109274,-20.2749380549853,-14.7542498401845
Guinea,Kankan,severe,21101358.72,39.6685924876785,84.5745349235976,44.9059424359191,7.09088799260558,-24.7124728807222,-15.6146062144566
Guinea,Kindia,severe,7980396.85,75.7082149367046,84.3123359209887,8.60412098428414,6.96127287343807,-14.8283315343976,-12.587200392273
Guinea,Labe,severe,25365080.61,21.8960471105714,35.6796697757469,13.7836226651755,9.56789678141177,-17.0854176377307,-15.4761026274342
Guinea,Mamou,severe,10177597.27,19.369787855636,22.5999313883246,3.23014353268863,9.26455639637826,-16.1478931340995,-15.1952936655595
Guinea,Nzerekore,severe,11881647.4,16.3951928080276,19.0816889583847,2.68649615035706,6.65270449488221,-14.9968217828693,-11.0869424239714
Guinea-Bissau,Biombo,severe,527946.32,56.2352627062539,64.9533838970598,8.71812119080591,7.0678963940467,-18.4880790473161,-12.7465119175488
Guinea-Bissau,Cacheu,severe,1890686.08,59.072313051567,77.5411643163946,18.4688512648276,7.0678963940467,-18.4880790473161,-12.7465119175488
Guinea-Bissau,Oio,severe,1216889.26,69.5184868342087,91.458034562652,21.9395477284433,7.04417737475168,-19.1359742388271,-12.6730978480242
Guinea-Bissau,Quinara,severe,298663.35,45.9651309743897,53.1983586201655,7.23322764577576,6.5813992820701,-14.8779256900317,-11.5694017753681
Guinea-Bissau,Tombali,severe,740541.4,81.4666134803537,81.823919635013,0.35730615465927,6.5813992820701,-14.8779256900317,-11.5694017753681
Kenya,Baringo,severe,43302506.28,61.8746795549221,61.1820337342377,-0.692645820684355,5.18776338770249,2.11759327606153,-12.1486721262253
Kenya,Bomet,severe,19752825.96,9.99214494167497,8.52800001078934,-1.46414493088563,12.3006721166437,-9.32305881130406,-9.90832003893061
Kenya,Bungoma,severe,107350362.73,2.49154165107682,8.18864862348845,5.69710697241163,8.9254961915115,-8.34307454281547,-10.3227551977321
Kenya,Busia,severe,20551755.92,2.40884040238251,8.79162348479273,6.38278308241022,8.76695985735805,-12.3490888037872,-11.6597856549725
Kenya,Elgeyo-Marakwet,severe,36466609.09,15.8482599403102,15.7544947099988,-0.0937652303114103,6.02859220113051,0.0831298707682626,-10.8020901839739
Kenya,Embu,severe,12621554.53,91.4652943309036,91.9023878748793,0.437093543975678,3.7504526470597,-17.4292948735372,-12.4424365812508
Kenya,Homa Bay,severe,53489217.01,12.1703127544061,6.79158193570275,-5.37873081870338,5.89803344293073,-5.47475779066293,-12.1464881195331
Kenya,Isiolo,severe,262793.21,99.6996840215164,99.1779810444874,-0.521702977028966,1.38763461592367,-4.76976059224289,-11.0057127828589
Kenya,Kajiado,severe,5552612.53,98.2948651740337,98.0115570931077,-0.28330808092602,3.45726314209299,-13.5629208185117,-12.324856560258
Kenya,Kakamega,severe,78372885.29,4.78743890328451,11.5661277066146,6.77868880333014,8.82792235119084,-6.53919214473449,-9.76561110114472
Kenya,Kericho,severe,23161731.51,2.15604347103495,2.91258449183189,0.756541020796938,10.4436978436638,-9.58510524827718,-10.3514566350323
Kenya,Kiambu,severe,11790820.48,82.6083902856606,84.3147600869927,1.7063698013321,3.98472839891094,-17.0676507378797,-11.3384890067258
Kenya,Kilifi,severe,25345302.36,88.3830687115938,91.9963773515622,3.61330863996842,3.08780891908375,-10.4784455589362,-13.2527322000229
Kenya,Kirinyaga,severe,14387591.47,78.7559267555433,77.3934818987462,-1.36244485679715,3.98472839891094,-17.0676507378797,-11.3384890067258
Kenya,Kisii,severe,21908870.48,1.40826064165039,3.5294243064967,2.12116366484631,6.46120737943706,4.93574032126577,-10.6372620892248
Kenya,Kisumu,severe,21787905.65,12.174671777138,9.80607330654564,-2.36859847059233,9.00931507282272,-9.86146481239248,-10.8469088041804
Kenya,Kitui,severe,12551072.46,99.4988359743722,98.7205996896938,-0.778236284678428,3.04614767854629,-17.3581515171316,-13.1232401934736
Kenya,Kwale,severe,17783927.47,92.2440390497162,92.3063987282445,0.062359678528324,3.43786325885744,-11.4333934329952,-12.9902667953754
Kenya,Laikipia,severe,14338828.19,82.4483691648167,82.0767697614766,-0.371599403340085,5.02369017136224,14.4647670069744,-11.3457849165402
Kenya,Machakos,severe,31301969.48,97.1689146251126,96.4956279166368,-0.673286708475828,3.87635229975783,-15.8969154437468,-11.3914723172445
Kenya,Makueni,severe,24701230.88,99.2842102449917,98.994657872693,-0.28955237229863,3.1751805994903,-16.9728323528605,-12.1002366400403
Kenya,Mandera,severe,307772.3,99.9995776098109,99.9995776098109,0,1.4598645591055,-0.796257535793141,-9.77682162115887
Kenya,Marsabit,severe,203146.71,99.6304591888296,97.9868194764267,-1.64363971240292,2.1747049096786,-9.87293699331377,-14.4732087999037
Kenya,Meru,severe,658616.22,85.9663006781096,85.9125516222482,-0.0537490558613882,3.01500217245671,-18.2612703343235,-15.8054559163475
Kenya,Migori,severe,41451645.47,24.9172931083645,14.5590480946473,-10.3582450137172,5.53749203454571,-3.29497250648006,-12.1257438411308
Kenya,Nairobi,severe,1403494.14,95.7125478272392,95.8119426134547,0.099394786215484,3.76958808998791,-14.6655950964871,-11.4391296159114
Kenya,Nakuru,severe,56054920.37,54.4074896524557,55.8194888039585,1.41199915150285,6.72437679496113,6.78619754673901,-11.3426333706794
Kenya,Nandi,severe,9319110.82,1.98529670451971,5.28846592254603,3.30316921802632,10.0773750033206,-8.09120332796826,-9.93159975937479
Kenya,Narok,severe,82825895.69,63.330504986417,60.099871646797,-3.23063333961997,9.87581104053013,-9.45699645229444,-10.6886726469929
Kenya,Nyamira,severe,20553445.53,1.12229358169321,2.51248871750604,1.39019513581283,9.00931507282272,-9.86146481239248,-10.8469088041804
Kenya,Samburu,severe,2751024.33,92.284752712456,89.6082951036642,-2.67645760879185,2.55741950158822,24.0774018137781,-13.569848217269
Kenya,Siaya,severe,29728362.56,17.6948158156478,14.4655124927271,-3.22930332292072,7.76490991623861,-12.4592372852647,-12.0366117038553
Kenya,Taita Taveta,severe,4623199.65,98.361358891347,96.9925017190205,-1.36885717232653,3.81188568824589,-2.14991187125857,-13.3757785126186
Kenya,Tana River,severe,2796354.31,90.0974168756176,90.1037823064703,0.00636543085271057,1.85710932623637,-0.390725276438874,-14.0028777980768
Kenya,Tharaka-Nithi,severe,9922707.06,96.2540055072431,97.7622028075875,1.50819730034438,2.7573446657375,-17.8026452592639,-16.5404519889453
Kenya,Trans Nzoia,severe,131048759,4.35407175431551,6.34914978477591,1.9950780304604,8.15041100387701,7.17733777917304,-6.98154126116976
Kenya,Turkana,severe,1107589.88,99.9206493291542,99.6630630102904,-0.257586318863801,1.30157549423377,-4.17059643252252,-15.194980848113
Kenya,Uasin Gishu,severe,131926855.73,7.04275558497008,9.22845688440937,2.18570129943928,8.59582568727782,4.49000911094636,-7.32061552740058
Kenya,Vihiga,severe,12534466.16,2.20679521943039,10.0937525687173,7.8869573492869,9.00931507282272,-9.86146481239248,-10.8469088041804
Kenya,West Pokot,severe,27124996.04,58.1507550332531,50.7254636266483,-7.42529140660475,5.70462380908431,2.48053719735229,-10.271127921466
Lesotho,Berea,severe,4144810.78,96.5355769509942,94.8355958483586,-1.69998110263553,7.75454735830771,-11.1856470813054,-9.46491453491238
Lesotho,Butha-Buthe,severe,1141313.42,89.4925952942882,87.5868961568857,-1.90569913740259,10.4318919247137,-14.9201922466646,-8.80180880958625
Lesotho,Leribe,severe,3251519.76,92.909569154825,91.8916144000306,-1.01795475479442,8.70775171341472,-12.8817240151896,-8.97914254247769
Lesotho,Mafeteng,severe,2915414.59,99.7533253066419,99.3106095418148,-0.442715764827128,7.25434394694889,-10.0651656355722,-9.36501444099648
Lesotho,Maseru,severe,1929529.15,93.7641185674754,92.3137129076283,-1.45040565984712,7.74741096720981,-8.84952738722144,-8.10484501640969
Lesotho,Quthing,severe,521747.33,95.5987642524208,94.4986148755184,-1.10014937690242,7.67176648285764,-9.93998353135714,-5.38139261813294
Lesotho,Thaba-Tseka,severe,453976.79,96.3379647668772,94.1898373262651,-2.1481274406121,10.662606172132,3.88905665535985,9.98299027723151
Liberia,Grand Gedeh,severe,164750.09,5.18967850032738,19.7426295791401,14.5529510788128,7.09089999120069,-15.3258157100174,-14.1614033044369
Liberia,Nimba,severe,561729.34,5.47114024700935,7.28179873958515,1.8106584925758,6.55763143976142,-14.9891906243131,-11.2274065417551
Mali,Kayes,severe,24032080.83,99.077404775856,99.6248313633855,0.5474265875295,5.53551400061168,-22.4216238657073,-14.1276293429763
Mali,Koulikoro,severe,110041875.61,99.227973346246,99.4542572028412,0.226283856595202,5.76141421927354,-19.8959351062327,-13.8289954001343
Mali,Mopti,severe,689609.76,93.1651547391093,93.1651547391093,0,4.82985855121556,-11.9056431147093,-11.4374331836529
Mali,Sikasso,severe,241755107.95,81.5042530728046,90.8625393120675,9.35828623926288,7.36984368637636,-23.0365622332483,-15.036443787048
Mali,Ségou,severe,24469583.31,99.1933033452215,99.1933033452215,0,5.59024255563709,-20.0696401720153,-13.2081440147771
Mauritania,Assaba,severe,484858.11,100,100,0,2.93770603851128,-0.57223519969196,-15.5614341864926
Mauritania,Brakna,severe,328030.92,99.9994146893226,99.9994146893226,0,1.65197424547275,23.6691742448478,-2.92013003644509
Mauritania,Gorgol,severe,741406.24,98.3352932125308,98.3352932125308,0,2.56650134732719,-0.108301141641875,-14.0130716542783
Mauritania,Guidimakha,severe,371843.55,99.0736561115555,99.0736561115555,0,2.44164682873541,4.29133819120791,-13.4956281444329
Mauritania,Hodh El Gharbi,severe,198085.56,99.9976979644554,99.9976979644554,0,2.48497994326275,5.49319478640929,-13.7599123801097
Mauritania,Trarza,severe,199429.83,96.9102766622225,96.9102766622225,0,1.71056034424124,21.9500209715457,-2.84045518629739
Mozambique,Cabo Delgado,severe,23753762.36,96.9854149875397,98.4412348899158,1.45581990237609,7.57948416631707,-22.583680754412,-13.7482623983514
Mozambique,Gaza,severe,14983993.21,96.4409807016991,97.015787422397,0.574806720697922,3.64399018034254,-11.2698619936797,-14.1295294917543
Mozambique,Inhambane,severe,3804757.41,91.4571843885311,92.7863361464614,1.32915175793035,4.965372446609,-16.4917488737104,-14.5637629761761
Mozambique,Manica,severe,44508520.5,97.2174619913506,97.6726085514345,0.455146560083932,5.72831360854306,-17.143218505975,-13.6658522798413
Mozambique,Maputo,severe,4660118.9,94.247681105304,94.3786219703536,0.130940865049595,4.48686484408972,-11.5100831196709,-12.9568512786851
Mozambique,Nampula,severe,37434458.1,93.0733147169559,95.1214116813942,2.04809696443823,6.34361553239799,-23.4022261865732,-14.8018950805566
Mozambique,Niassa,severe,31799701.31,74.0080347628901,83.9101717965162,9.90213703362612,9.07579793689564,-15.527123835611,-10.1716564424404
Mozambique,Sofala,severe,46383401.31,96.2877855841314,97.1268465175867,0.839060933455286,4.48185086088626,-20.2677173127713,-15.7851727182533
Mozambique,Tete,severe,108646413.41,88.843389275762,92.8237792990207,3.98039002325865,7.74997365655497,-16.7340858249078,-12.6802570157297
Namibia,Kavango East,severe,1577641.9,99.5071822065578,99.5071822065578,0,6.23515323302004,-33.362150233042,-17.8994217474435
Namibia,Kavango West,severe,2642761.96,100,100,0,6.35141919942565,-34.5151062281094,-18.0202268745962
Namibia,Ohangwena,severe,475035.14,100,100,0,6.24987691600239,-30.2995043546228,-16.7495345577689
Namibia,Omusati,severe,1794902.32,99.2077385024495,99.2077385024495,0,4.99171211532898,-27.6419539898267,-17.7286479195939
Namibia,Oshana,severe,168649.36,100,100,0,4.25164521807487,-34.0574027789831,-20.3690588758673
Namibia,Oshikoto,severe,1293551.33,99.9002490299322,99.9002490299322,0,4.83417957472529,-33.4903508265882,-19.8683676727442
Namibia,Zambezi,severe,13134828.39,99.6286560543331,99.6286560543331,0,6.17666347147057,-27.6937762375729,-17.8462002637393
Niger,Maradi,severe,3144316.64,99.9999160389903,99.98604975102,-0.0138662879702878,4.0559124514206,8.7014626901982,-6.74641010651815
Nigeria,Abia,severe,4397980.03,97.9732506879982,98.9647285870009,0.991477899002646,7.57157882884695,-16.6866922852764,-16.2908143561667
Nigeria,Adamawa,severe,113712459.27,53.0843782532855,52.2941447065232,-0.790233546762337,7.67196181471631,-18.574419547047,-14.6824314484435
Nigeria,Anambra,severe,4075808.17,27.5572586626421,49.7783976913712,22.2211390287291,7.58400575440379,-16.3218104058956,-15.800973769666
Nigeria,Bauchi,severe,161267170.51,88.8122589036922,75.5726479323594,-13.2396109713328,7.16972156136452,-14.4385662689199,-11.9143440487809
Nigeria,Bayelsa,severe,32768221.79,67.5157112332277,67.4619792971073,-0.0537319361204141,6.68349078639338,-14.5548388434329,-12.7243855323158
Nigeria,Benue,severe,104184650.49,14.7304319089433,29.1805461332503,14.450114224307,7.74909092940864,-15.6431487853301,-15.3789337930373
Nigeria,Borno,severe,158680663.5,94.8620125980252,95.1177028573491,0.25569025932387,4.81256900517725,-6.96584729615869,-9.88960734798824
Nigeria,Cross River,severe,131567732.57,91.7440162889326,93.000743882927,1.25672759399444,7.56790828705724,-16.2874248469301,-15.8864099869377
Nigeria,Delta,severe,106294910.25,71.0493671073964,74.3958613013646,3.34649419396824,7.27573158962905,-16.3010791617528,-14.9838628737153
Nigeria,Ebonyi,severe,4379337.96,68.4195882429681,78.6365435016575,10.2169552586894,7.59635305505194,-16.2799427878469,-15.6607895836296
Nigeria,Edo,severe,49957108.11,17.7230434966425,24.5159487075042,6.79290521086169,7.71152809457249,-17.0951428296068,-16.5901665335385
Nigeria,Ekiti,severe,558449.77,1.70740512615844,9.30916311416871,7.60175798801027,8.64928116453758,-16.6072417105308,-17.780241668469
Nigeria,Enugu,severe,41547448.78,36.8994112759575,53.1233099699365,16.223898693979,7.67693098629247,-16.2779755438941,-15.6852291892373
Nigeria,Federal Capital Territory,severe,8273277.03,4.41017505731946,33.6185768941911,29.2084018368716,7.93576328963249,-16.7782593760031,-16.7028579947827
Nigeria,Gombe,severe,146862752.15,97.8128054234479,83.3636583869506,-14.4491470364972,7.6581383299049,-17.8888324460305,-13.945331921369
Nigeria,Jigawa,severe,94084206.08,99.6311324775331,98.4553719050738,-1.1757605724593,5.11834896950703,-2.43998352736753,-8.11412293919174
Nigeria,Kaduna,severe,246502195.83,25.4859259117213,33.3498152919882,7.86388938026686,8.85115482499161,-16.4106042467936,-16.8323125258307
Nigeria,Kano,severe,290056870.65,95.2371634503808,86.2462262794877,-8.99093717089303,7.44072441825636,-15.6408090494319,-12.0966588000457
Nigeria,Katsina,severe,101410668.04,97.1619977507053,83.7381260189557,-13.4238717317496,7.21981644098396,-12.8666031209475,-11.3488607424169
Nigeria,Kebbi,severe,93607935.11,90.2620839790042,91.1305477465734,0.868463767569153,5.45983635911823,-13.8926534739488,-11.5753105543291
Nigeria,Kogi,severe,101767764.44,4.92317584803969,25.7787582780864,20.8555824300467,7.79892473686083,-16.5705520699813,-15.6748361364721
Nigeria,Kwara,severe,87920252.19,15.1673109071413,43.1008590809184,27.9335481737771,8.18294402541779,-16.4195588761489,-16.693480274575
Nigeria,Lagos,severe,58739838.69,1.41775159512274,4.3009958085399,2.88324421341716,6.09006023977713,-8.98992641876064,-16.8514669182657
Nigeria,Niger,severe,191276137.76,24.6097498366803,54.3327804592116,29.7230306225313,7.53045887597851,-16.6177946884782,-15.3300853995353
Nigeria,Ogun,severe,84444214.83,0.823968819416164,3.28768762382251,2.46371880440634,6.882398287571,-14.0352437295601,-17.1846084484284
Nigeria,Ondo,severe,90557548.79,41.4263830031392,47.9670514279608,6.54066842482166,7.99606675217976,-17.0107051702933,-17.9762391991951
Nigeria,Osun,severe,736869.62,1.85310937367726,4.78646412373467,2.93335475005741,8.25928264112487,-15.9532942350893,-17.8365519469493
Nigeria,Oyo,severe,80089964.04,3.43088304875208,4.86452959081638,1.4336465420643,8.07888874786575,-15.8338467632316,-18.6973790680085
Nigeria,Plateau,severe,166017987.01,14.233857683491,28.2872819058885,14.0534242223975,9.22131850087472,-16.2505520475362,-14.8003056521156
Nigeria,Rivers,severe,47497512.9,53.6726671429569,53.7212612662925,0.0485941233356684,7.20319336088207,-16.5144626258464,-15.0849531737632
Nigeria,Sokoto,severe,89478378.95,99.7800452441031,99.7376584681634,-0.0423867759396757,4.24005596196163,-1.51127660124721,-8.67385040335035
Nigeria,Taraba,severe,167496340.94,17.2755033558407,37.3130174959391,20.0375141400985,7.8949537894339,-17.2131567207446,-14.601484738226
Nigeria,Yobe,severe,79900117.84,99.924696181149,99.5493212654316,-0.375374915717401,4.92168502412066,-3.04445398946245,-8.53066019440116
Nigeria,Zamfara,severe,63433705.72,89.4953910632103,82.1137475869982,-7.38164347621216,6.76893667298979,-15.7198058045237,-12.5809072895179
Senegal,Diourbel,severe,243906.6,100,100,0,3.58846356067624,-14.7873622720028,-13.8743520996751
Senegal,Fatick,severe,9487774.96,96.1855865940564,96.1779978811808,-0.00758871287563068,4.6350809835861,-19.779121370042,-12.8293314107546
Senegal,Kaffrine,severe,13186173.12,100,100,0,4.68737979278228,-23.2742528947216,-13.7220360623807
Senegal,Kaolack,severe,11056023.83,96.6312949779523,96.6312949779523,0,5.0830918667761,-22.0544947955182,-12.6888259248482
Senegal,Kolda,severe,10975030.98,99.8512078915334,100,0.148792108466566,6.15837087480002,-24.5627754189222,-12.6872905064266
Senegal,Louga,severe,918420.85,99.6829503598487,99.6829503598487,0,2.98503360997124,-7.58329444766492,-13.1248677246879
Senegal,Matam,severe,397215.52,97.805342550563,97.805342550563,0,3.24164997051253,-10.4071379358375,-13.9504004923424
Senegal,Saint Louis,severe,2103964.14,97.7472458252069,97.7472458252069,0,2.10551469675962,8.9400013204448,-8.17875969833315
Senegal,Tambacounda,severe,12765565.13,99.6857081563454,99.6857081563454,0,4.72135002672376,-21.3932042244888,-13.2489467384812
Senegal,Ziguinchor,severe,1381009.57,76.4453066027631,77.0294444809677,0.584137878204572,6.49419951106634,-19.2362220635149,-10.902986279751
Sierra Leone,Eastern,severe,3856752.6,85.4047781026971,81.9685452471076,-3.43623285558944,6.32684740652333,-16.6427380532002,-10.2605889958179
Sierra Leone,Northern,severe,6156484.92,93.6530841043626,92.2573688363717,-1.39571526799094,6.24815405156622,-15.7905004787434,-10.1439281329624
Sierra Leone,Southern,severe,9455615.77,87.0298688120234,85.3308044262886,-1.69906438573486,6.28075372504505,-15.4255145751901,-10.3128697539264
Sierra Leone,Western,severe,513625.47,62.6427268102573,62.3619774930554,-0.280749317201895,5.98965532070712,-13.7095021075297,-8.68499241626969
Somalia,Awdal,severe,223066.23,99.7111933975842,99.7111933975842,0,3.55033921052605,4.26729987615892,-13.9519711687959
Somalia,Bay,severe,773522.06,99.9962431582106,99.9962431582106,0,2.31670166566182,-9.06978378346539,-13.4423015328539
Somalia,Gedo,severe,1196710.73,99.8374937274942,99.8374937274942,0,1.72066195985488,-1.76674445346159,-12.0402161622151
Somalia,Hiraan,severe,301379.93,100,100,0,2.29932263814007,-13.5473885955487,-14.8079970934993
Somalia,Lower Juba,severe,1026879.53,95.2823550782047,95.281965548578,-0.000389529626716012,2.04127862353551,-1.65513014137776,-14.718104268189
Somalia,Lower Shabelle,severe,12216213.79,96.3039138168194,96.2520483197929,-0.0518654970264691,2.39842344144624,-12.1824863669714,-13.2058814882635
Somalia,Middle Juba,severe,873493.18,96.6568508296768,96.6568508296768,0,2.06024507449916,-3.78629506110239,-14.1959271564061
Somalia,Middle Shabelle,severe,3580235.58,99.9511043348717,99.7366212421139,-0.214483092757831,2.48172311718007,-14.0460961125945,-13.529853308409
Somalia,Woqooyi Galbeed,severe,1600881.8,99.9997001652464,99.9997001652464,0,5.11274159125663,6.85740894389905,-13.3672971133123
South Africa,Eastern Cape,severe,44144890.67,90.4261974469627,89.4925809089109,-0.93361653805178,8.27809173516591,-4.65045690893654,-9.31776444151527
South Africa,Free State,severe,891027742.37,98.8406600738914,98.6030745421133,-0.23758553177808,5.9902159966375,-5.01660555832312,-11.9702039324265
South Africa,Gauteng,severe,79946898.57,99.5309629557779,99.3653192568118,-0.165643698966065,7.26032782408155,-0.764102492388961,-11.9163960607554
South Africa,Limpopo,severe,19665713.23,99.5903264272302,99.5907535665819,0.000427139351700134,5.41349338242855,-1.14085553755229,-12.7258860257559
South Africa,Mpumalanga,severe,462109846.01,94.123177801883,93.8743782989235,-0.248799502959542,8.51202717728483,-5.57169492416412,-11.5758568921421
South Africa,North West,severe,315965308.08,99.6089089376587,99.6087067002663,-0.000202237392414872,5.05696696937882,-5.34430792507141,-13.590357324766
South Africa,Western Cape,severe,575943.71,89.7275186840742,93.3702357822434,3.6427170981692,2.36419690539503,-7.50044339907176,-9.63294618401855
South Sudan,Central Equatoria,severe,8049469.22,46.5688220868804,48.3166764627991,1.74785437591871,7.27711983308394,-16.5084483873053,-13.6987220278413
South Sudan,Eastern Equatoria,severe,9283069.16,52.1823754246381,45.5954913945724,-6.58688403006577,5.52925710629014,-13.7149722451349,-13.8945791397856
South Sudan,Jonglei,severe,1475820.12,96.0035021070183,96.1114420909237,0.107939983905354,4.8176356069232,-11.6307934151781,-12.6923575887903
South Sudan,Lakes,severe,2565192.33,99.9568714600047,99.9558968742122,-0.000974585792562266,5.59196948675896,-14.1125806460591,-13.9726931568678
South Sudan,Unity,severe,754149.6,99.5774578412559,99.5774578412559,0,4.99986810130642,-14.4400266295393,-12.841898614756
South Sudan,Upper Nile,severe,1807838.27,98.732393799806,99.2986502050319,0.5662564052259,4.19616869859448,-7.61748101280087,-12.0833952249549
South Sudan,Warrap,severe,1878124.41,99.9997119466649,99.9698417209752,-0.0298702256896775,5.32162598120054,-16.5932566315687,-13.6693114639943
South Sudan,Western Equatoria,severe,17318728.42,6.73801777879025,10.9399602213983,4.20194244260803,8.21480547506159,-17.1829209595738,-13.6681159681849
Sudan,Central Darfur,severe,149817.04,99.9999733007674,99.9999733007674,0,5.72043151936958,-13.5644301183358,-12.8595388423019
Sudan,Gedaref,severe,234979.88,97.6351677428723,99.2008337054219,1.56566596254964,5.45481821123555,-19.0267494337556,-12.6946115863762
Sudan,West Darfur,severe,1130486.71,100,100,0,5.38898684325692,-6.68394718989557,-10.1366961326603
Togo,Centrale,severe,35454158.49,1.42999304339151,14.1845843031882,12.7545912597967,8.50652692909759,-18.596716772997,-18.8718423259056
Togo,Kara,severe,18484991.23,11.0692992738845,50.3348899884763,39.2655907145919,8.0160197903965,-17.7920976545493,-16.7215383186394
Togo,Maritime,severe,35576318.2,19.868840727875,15.2449980054428,-4.62384272243214,6.74180882148507,-21.8990341962966,-17.0449029978012
Togo,Plateaux,severe,99279025.78,3.25597876752251,6.26148569766918,3.00550693014667,7.80375922628581,-20.0236894953842,-18.0831488501284
Togo,Savanes,severe,24560573.35,76.9149104574955,89.9104336259316,12.9955231684361,7.05379935037974,-19.115610628698,-15.0746954730125
Uganda,Central,severe,213030782.42,10.647420876144,5.38965395966272,-5.25776691648129,8.30600672399275,-11.349111679811,-12.3479771494271
Uganda,Eastern,severe,125416682.95,4.04491960772273,4.1027627895815,0.0578431818587655,8.49167724360211,-14.1639479944671,-12.5048524430044
Uganda,Northern,severe,88885770.38,24.2081729257776,19.0297129987028,-5.17845992707478,7.55751674157658,-10.8481517788032,-13.3051355218332
Uganda,Western,severe,190462224.67,14.6587372106851,9.35256060925648,-5.30617660142865,8.17991655970495,-8.67022400459449,-12.7950716539784
Zambia,Central,severe,88698458.98,86.3322417103847,89.4731057479754,3.14086403759075,9.86304822372935,-12.5549365448181,-11.1751923052897
Zambia,Copperbelt,severe,29989737.33,35.0007700450906,47.2665460321323,12.2657759870416,10.5101113869681,-12.5773537355833,-11.6018279934616
Zambia,Eastern,severe,81581034.33,88.3946478397144,92.5935992603883,4.19895142067391,9.85464734963386,-13.3555349208023,-10.2229907893195
Zambia,Luapula,severe,17888774.45,8.9905711791229,13.9329388213065,4.94236764218356,10.3833274820115,-12.580944955296,-12.6284636902383
Zambia,Lusaka,severe,18329182.19,99.7784397057161,99.3694634664985,-0.40897623921758,9.32047262058698,-13.7168876738478,-11.0882935316811
Zambia,North-Western,severe,25452961.28,19.9652839765763,31.0445645717809,11.0792805952047,10.2532100299575,-13.8366679077867,-11.9972800869233
Zambia,Northern,severe,38763463.78,25.4716169226712,33.4621180233445,7.99050110067331,11.4451275227779,-14.5850330357474,-12.8299354363901
Zambia,Southern,severe,58698054.74,99.5764838526572,99.1192608642826,-0.457222988374625,8.46962935892506,-19.5449040560323,-13.236161888472
Zambia,Western,severe,14401980.26,90.9372514304502,92.5161870760681,1.57893564561795,8.37811852280324,-24.4168251546684,-15.0182556690557
Zimbabwe,Harare,severe,308313.2,94.7001296084631,96.991306243132,2.29117663466892,10.0807030816549,-12.216110435003,-11.5097268935706
Zimbabwe,Manicaland,severe,26670010.36,98.7348360370116,99.0649333965988,0.330097359587228,6.95312917521493,-7.91782019270819,-11.9808182487998
Zimbabwe,Mashonaland Central,severe,44070878.36,97.5538101346796,98.2209672482688,0.667157113589241,7.90571212189949,-14.7811609730099,-12.4054366747781
Zimbabwe,Mashonaland East,severe,38750332.27,98.3488444291474,98.9553269706712,0.606482541523761,9.69052535606662,-12.7943206234835,-11.5270140630142
Zimbabwe,Mashonaland West,severe,59093282.26,99.0851544552537,98.9262023774409,-0.158952077812714,8.99235558668908,-13.3908018158849,-11.511992948963
Zimbabwe,Masvingo,severe,14298167.78,99.2147610677989,99.2173767875593,0.00261571976042774,5.28410277755319,-10.0107086282511,-12.3988325702815
Zimbabwe,Midlands,severe,32077674.12,99.8024510138642,99.8023730780391,-0.0000779358251037365,7.84649664722684,-11.0634136533973,-11.8927625628805
